source_index,label,lot_id,map_sha256,split,map_path
44,Center,lot2,04c74f872c20fc34996cfd7521fb92897e3f5008834ee0a42eefa0bab3a36f51,train,maps/0000044.npy
341,none,lot14,efd8a5a8f5c364a30e5eca250a80307bbce45712a91d28f3442c5de1c45e3d0f,train,maps/0000341.npy
602,Random,lot25,11594726836d8819b2a1e4402f8888138537e6715533346a949fc88d371a29b1,train,maps/0000602.npy
929,Near-full,lot38,33340856158f9f1d3498e08f512716fa0ad3e069d3986880fa1981e8a17dba59,train,maps/0000929.npy
952,Edge-Loc,lot39,eca93825fad6d246bef368cf7a79c46adf089e487ad8505ac3701a74602096cc,train,maps/0000952.npy
1199,Random,lot48,a681d9280243ecb71c9f2890be7118fc33948c44ea8293a32e5f03af03eb1838,train,maps/0001199.npy
1242,Loc,lot50,4ebad797cbc976c86f56a38e8334e0354cb2b73a4e11cd80725721fbe9b9e024,validation,maps/0001242.npy
1415,none,lot57,60a9c39d940642c3fd00875cb76653247b1b0c8ba416fca07255ac97bd0e04a1,train,maps/0001415.npy
1428,none,lot58,fdd9970984c37e04af8bdfc18fe5f8fc5fb3ce6b95bcef643ace8dad0dedded0,train,maps/0001428.npy
1562,Random,lot63,6ca20468f8a8a12f82931941215a6ddce9846f93d6a28e1c584f395e3410ce0a,train,maps/0001562.npy
1592,Scratch,lot64,62833720d8ce824d2b7c8dab63745b4094c3d72274af7060eb760f5dd0a609ed,train,maps/0001592.npy
1660,Loc,lot67,67c28d102990987e0add423104d890d5803cc96b456ee5fe294107f58334328b,test,maps/0001660.npy
2100,Random,lot85,41435c911e5ca8532fe0f19c6b3d1dc4252b96b5e11f352e269d35c67b0036cf,validation,maps/0002100.npy
2219,Near-full,lot90,dbc6a855fca62717721defa5c9ec8749f67734e9cefbf83c4e78af5e9804a8c3,train,maps/0002219.npy
2270,Random,lot92,e9f658b12174c4e451398cceb282e74f666917fbb33e58df3106f16391b9e2e8,train,maps/0002270.npy
2271,Random,lot92,61b923ff073b5becc5e41665bd3e6cc603fd317aa8d39d7be6d8b16acd0bb9b7,train,maps/0002271.npy
2368,Edge-Loc,lot96,0a155a564ad8405105be2fd816ded50b598b0452a79089173d605022295ae919,train,maps/0002368.npy
2401,none,lot97,82ee2891a5f63e256175cb5d87f30628aa109aa123a00aab5ef9f2e66e0402ae,train,maps/0002401.npy
2422,none,lot98,bed8ce935dd7e53ae4176f2422580514456bfd876bbbeb767a4e7c932fc85cac,train,maps/0002422.npy
2672,Edge-Loc,lot108,0af0175503a96873677f8e62c831c8ec06ab7ab0b420aefd06c68b9e859c2c02,train,maps/0002672.npy
2711,Edge-Loc,lot109,1430e7c164bbe348ad3e5f3e6d0563c5dfed26f7bec10b7c28214d565804e2a6,train,maps/0002711.npy
2721,Edge-Loc,lot110,bfcb12c28e24fe25a0b016af7a39d9578a732f625d82517f1bcf52fc877cd6f6,train,maps/0002721.npy
2859,none,lot115,18abd49c50591678b0f05b9f50355131eb0d8bbaaee18e8a816505babb799f85,train,maps/0002859.npy
3038,Scratch,lot122,87c12d614b4494f7d41e3a472d10327f3f87284d8c847de87820e9cf47cd3eb8,train,maps/0003038.npy
3052,Scratch,lot123,b0a1bc06db967b0bc833e2e4eb5662c9c7dfad5d3c097ada4f1add51fc5855a1,train,maps/0003052.npy
3143,Near-full,lot127,057d1a57f5d672e80e060d21d10bfce17240e4c082e7ee2e2c446bc6f5e17767,train,maps/0003143.npy
3294,Loc,lot133,23687ba45a53aae1f75ee450b952dcf50410ae2a792837c6b0b3a6c8a98dd5ce,test,maps/0003294.npy
3359,Scratch,lot135,905c132af6c1af84128ea519a37e398682423e11061b5f3bef58b273c679d7fc,train,maps/0003359.npy
3377,none,lot136,6b1fa715aacffe6542a5545a64648faf903c8e201b5d3b80cbaa95af07223c0b,test,maps/0003377.npy
3423,Random,lot138,472da62ad805696d3113f2454320a6261f12fdde535b8c00ca9b3f7b2830cc23,train,maps/0003423.npy
3541,Near-full,lot142,cb047613f17695be1ad2a626be545c0e93457e2e33561f823501a4ad3f61a9cc,train,maps/0003541.npy
3773,Random,lot152,29ebaf8b73d25ed6778d5db4c07948a6d408c836884d350a1a3d50392909e3da,train,maps/0003773.npy
3843,Random,lot155,a81d9c4cbcfd2f7ef3a80f08769a5e0191c3e2888d6f90e97f591fef6fa7e973,train,maps/0003843.npy
3896,none,lot157,bc726d9fd53ffa05983bcc77ff9684d5105b730ca1289ba0de7d1a3e8fe55580,train,maps/0003896.npy
3917,Random,lot158,515ec9cc25a76fb01cd0cf196e21a3ce959937ac6f41f9fb8d379e5a8b5bd90a,test,maps/0003917.npy
3939,Random,lot159,519defda881b586c1ffcedd09b3b0b362a11057414c5f01ce9de621b9345bf18,train,maps/0003939.npy
3980,Near-full,lot161,6a6d690a17ee7100420c60f85a44f28496e7e804d1c09270a9e1db3f902b19d7,train,maps/0003980.npy
4349,none,lot175,e523fd11a6376ff4f8c0cd939c81b31857aa5f8fe34efed5e8f1f0a0596d1dc4,train,maps/0004349.npy
4379,none,lot177,6554e1b8998389a1d39793490b5eab10ebf1267aaf8eed04a302367c9a14db65,validation,maps/0004379.npy
4446,Scratch,lot179,e37bc61bf09423e5ccaedab1228439dcf0f53279360dd22842e45e284984d8b9,train,maps/0004446.npy
4651,none,lot188,68a076ed72a2b29b56a80f03d12b65b2743eccd5e418f289b9ec96337bd8e65f,train,maps/0004651.npy
4722,Scratch,lot190,ca453b59d2d24d4d85bd4942470c1bfc483be5fb18cc2a879fcd1da3595d9e0c,test,maps/0004722.npy
4788,Random,lot193,5148f1517b658d896e0f766dd2f68f2938584304367acefddfc84f91a71b7a33,train,maps/0004788.npy
4793,Edge-Loc,lot193,3ab22d077594267e62d721d6bc35a993694f6a63d685dbaeddeff268d18511a6,train,maps/0004793.npy
4884,Edge-Loc,lot197,dbfa856d6a0763d16787d1354de96c320175cbb9ea1b03b6a476707639e83653,train,maps/0004884.npy
5054,none,lot204,cc8e9ee45042328a01a50a47b63b48bc4598344399e32a254a13f46888382688,validation,maps/0005054.npy
5068,Edge-Loc,lot204,454be8be01f742d8244cf455a262460fc3674bc467a1325ca24aed46d697ea2f,validation,maps/0005068.npy
5372,Near-full,lot216,47d8ed804f62ffec72f555b71903fbd6dab44949d9e5966d4fab22c2f3cfe4e4,train,maps/0005372.npy
6340,Near-full,lot255,8207102e13dadf4a24ede457c31fc63df3e35a28db333f9e16fb0fbaffb4a0b5,train,maps/0006340.npy
6381,Loc,lot257,ae518ed7c2a4e38f4de5c1f076e0afc05c4b0279171922790bc6a02bba9592b0,train,maps/0006381.npy
6476,Loc,lot261,80d1a3b036209ee7e08ae311a2986118748ca6e15a8a9ef8bd9e6c69251f2fa2,validation,maps/0006476.npy
6721,Random,lot270,edb87e8c7456f439d003b8dbb334f960125b8f2f4a495d023f555c5bf9d21e3d,train,maps/0006721.npy
6854,Scratch,lot276,c91187cb8611f989d72e4671607ff6b613bca1c3c6be24d2fd8754f05422fe54,validation,maps/0006854.npy
7186,Random,lot290,8d97b5086ab8afdbc12ebe5e9d6a968bbb19c4583661db7b224139111a8f766b,validation,maps/0007186.npy
7265,Loc,lot293,607bfc3a87f8e560bb103430633bf298fb1bea8f5c18a892f9c65b6c83117eb8,train,maps/0007265.npy
7266,Loc,lot293,2d040448b1ebe83d0b799d61f20a26dabdb4057855df85509f0079c2b61de437,train,maps/0007266.npy
7278,Loc,lot293,004c0acbfb3b20444362b86917bdb52399a08c7ca28798cac14e996956e636ae,train,maps/0007278.npy
7316,Donut,lot490,99e525e1abdd2519a55146401911416878126d79efb8bd3ca818b0fee2414795,train,maps/0007316.npy
7335,Donut,lot534,dd6ded6fc858f02d63fc7a1e0da07e4c9545e0b9c16078ccebebac5076cfff9a,train,maps/0007335.npy
7338,Donut,lot534,949a778260d5ca1f4e2941ddc6b6fac8a4abe4cae37757a266d0172be040ec1a,train,maps/0007338.npy
7339,Donut,lot534,d4e318bd95da487862cc6448658c74ce3e706dbe6bd43ca665b719d8641b3a90,train,maps/0007339.npy
7340,Donut,lot534,97f1387a05e83b0b698982b25e4ef4923b0996bd6a0ec2f274031e19f725d1fa,train,maps/0007340.npy
7342,Donut,lot534,80397e5f9873a1d73b6b6d69057d0ffe107ab61fe85ca92ee0a08accc6826e77,train,maps/0007342.npy
7346,Donut,lot534,50dd392b6f5707e7d3b44a87d3eb6d826b21b582531b15ba717660564e1de918,train,maps/0007346.npy
7371,Edge-Loc,lot1287,ac7e267c48fd29f9eb70a24366bc82854b5d98205bb9d2473068566c2dcb888f,train,maps/0007371.npy
7382,Random,lot1288,9339db111f4c9e0a4a3814d3534c2acf660a323ccadce6fb034abd00ab5ae51a,train,maps/0007382.npy
7384,Edge-Loc,lot1288,91f8fd530f6a345cb1fd9803f581d1832f3a9c674d3991b95e8decfa6337fca9,train,maps/0007384.npy
7415,Edge-Loc,lot1289,6b4c2f639c60b95b053b94fb1aa69ffb76854597b46e78e7913ac5a345433f1f,test,maps/0007415.npy
7448,Scratch,lot1290,d2e84bee991415833c929c9debee8b5586671d977f9934b0713177f85b67950d,train,maps/0007448.npy
7452,Scratch,lot1291,4026e89c4c2b5e666f74e9ea8f2f4cf76a16cbfbca5967cadc570e4ea1e8b323,validation,maps/0007452.npy
7526,Loc,lot1387,18e1c73df047dd622d3ea4acd225d0987f74b91979d477fdfe855aa6ee37f77a,validation,maps/0007526.npy
7527,Loc,lot1387,6abfc3b1296f00645c968cac0f7f6947122ec62341167a5f1e7320fe01c91b81,validation,maps/0007527.npy
7528,Loc,lot1387,4148f487992a038d9822dbf24615839ae31d77089f7060bb5de0b341a0be5a81,validation,maps/0007528.npy
7877,Donut,lot1414,9248955219b9dfbca7670c53342533bc670f044549f47a0fd11f4178faf66b8e,train,maps/0007877.npy
7878,Donut,lot1414,284937db20e0497f9b56e69993e467ee0ce6c5a565d0eb6f51416f26ceeefea8,train,maps/0007878.npy
7905,Donut,lot1416,ce97f25fa820270bdce5616dcc2ea23b5f991b0c3221f7968ea77cb419ac45d5,train,maps/0007905.npy
7906,Donut,lot1417,20825f5043ba7e49baf92e189359a791f1c771f9429a5da37f2d4e79b263ae7d,train,maps/0007906.npy
7915,Edge-Loc,lot1418,5e21713f05fce506febd8441583940a3024520fe11b9374d95b718e7fb6dc91f,train,maps/0007915.npy
7936,Donut,lot1419,60aaffb106b1dad8751a99f0c6fc5bf78b930d681e6754435f196d1c80853e5a,train,maps/0007936.npy
7938,Donut,lot1419,f4776cf9ed0e02b62017e908c805c2fb86997247ded19297de21cb65f15560df,train,maps/0007938.npy
7939,Donut,lot1419,ece7fa3e697f558c9e62f146334213ea4f2f7bd011f1daedfa6ac6d8c8913563,train,maps/0007939.npy
7947,Donut,lot1419,231e34bf0c7a1579c97a03a4810881007fc789caedfb7beae10ea10cb78c8890,train,maps/0007947.npy
7948,Donut,lot1419,be394ad84220bda37f333648ed97d24b7640bd99ed606de5656fe0fb3e4dd23b,train,maps/0007948.npy
8103,Donut,lot1470,02fa251b8d8763d906f66ab3f286b0236ba99fd6b253a1159f96cb169c6617df,test,maps/0008103.npy
8541,Edge-Loc,lot1601,06c6d6f05fe76a0bfa7b62fcd9338a4b8af41304c929dfe9ef54cf9f02bb3696,train,maps/0008541.npy
8663,Edge-Ring,lot1639,238654ec9abb02beeff5b5a7b701ca50c3b642966221b6afa0c3a18b6fda8edf,train,maps/0008663.npy
9606,Donut,lot1827,7bf98d705631a1f80a713ef95f52841b0f51e44307aa204d7c5364f5d5d0bc7a,train,maps/0009606.npy
9608,Donut,lot1828,382ad7ecd6447c2d18706d69f9a7742b785b3824773332f41639816a73b00683,train,maps/0009608.npy
9797,Edge-Ring,lot1875,703e9ea169c4eafe266469aa0da41c7d40c73167b544b363c575e760b6376d77,train,maps/0009797.npy
11813,Donut,lot2017,64c0f630f9ef8932f6d4e84d84edcad31c3e0cfb7df34e7b4e829df5fafc9174,train,maps/0011813.npy
12596,Edge-Loc,lot2072,bb3ca9087bac4142a3fb60951b08cf96383161dc16032f161a348ee283a42275,train,maps/0012596.npy
12615,Edge-Ring,lot2074,f84b9966dfb86943362641cc2e3a129f98aef7cbd82e649c5105ad936028a05c,train,maps/0012615.npy
12662,Edge-Ring,lot2075,3a4b88388bb84619b6ea14629aeae2a71aa343739631d579e364e03abe8f453f,validation,maps/0012662.npy
12670,Edge-Ring,lot2076,60f6e427804ba58f36c4ba0fdaec7da41b955d2dc079535cdfd8e752c1d9dd10,train,maps/0012670.npy
12689,Edge-Ring,lot2077,d634106c04db5e442e075472403b511e45e91053ead9e1c5d57fc718846a3431,train,maps/0012689.npy
12697,Edge-Ring,lot2077,8febd29ca45f8cc5989298e084d7eb47066ef7ab6196a6f16c06f703c37ad5d0,train,maps/0012697.npy
12703,Edge-Ring,lot2077,66b05bc9af3683ae12ed249785e669a39c0631b13d5582bf5e8b5a7744b7fca9,train,maps/0012703.npy
12706,Edge-Ring,lot2077,e9f4afc422b58910186890acf0fd5c52a95a7f3157637175c08272809e808b15,train,maps/0012706.npy
13186,Edge-Loc,lot2105,5c564417ee5e8a8770bd1ab7789b0ff54b320ad724b4f080e9f262177f718459,train,maps/0013186.npy
13765,Scratch,lot2138,c075c826645bb400906c0439bf809b5a1decb269b4626aee5d7a9be37537799e,train,maps/0013765.npy
14044,Edge-Ring,lot2150,4a376de61f384611a1f493e8504e12bbfde1ccb3df9df3fd07d7df04cd733115,train,maps/0014044.npy
14069,Edge-Ring,lot2151,92bc4c5c2b789a9b70f6de0e497bdbb6dfb9079a5e5d706a6b7ca46674e677d6,train,maps/0014069.npy
14132,Edge-Ring,lot2153,e37d6271d24cffc27a3a1dbb553eca6185273d99c15b97d575ff5ff1d715f741,train,maps/0014132.npy
14151,Edge-Ring,lot2155,2b7c48d35ce82fa953d64f7337fbd7f2f790cdab0de16c7c2cda28d07dcd40e4,train,maps/0014151.npy
14164,Edge-Ring,lot2155,ad2f91040c5b7122434b0bd37fb628c04c04fb4d04dbbf478d9ef231347f58f1,train,maps/0014164.npy
14167,Edge-Ring,lot2155,dbf478f9c9c8ebd239d2cdbd7aa1f895a07d3bf429dac225daf58c72d71ef054,train,maps/0014167.npy
14173,Edge-Ring,lot2155,b0c6a1e5b83b1034d084e833c38aebc1eeb9c6429e4338b215e01a3f8f983bc2,train,maps/0014173.npy
14210,Scratch,lot2157,1febfd852e05b633d103ae0c91b7d9f8d43c18c7192680edf0872b344e07029d,train,maps/0014210.npy
15909,Scratch,lot2232,bb2a21bc5d5fe13032165097863bd9728ecb3a672128fdca4e08479e41a6e29b,test,maps/0015909.npy
16296,Edge-Ring,lot2256,94512ecb588bc28f433c12650ac5c010d9d525ef63da9d5fb7471ecebba01c99,test,maps/0016296.npy
16315,Edge-Ring,lot2273,d358677330029e670182112fec5548165c3dba74ede65be6a6cfb347287dd5c1,train,maps/0016315.npy
16870,Random,lot2312,6551fd25f7b97434d72993ec8da9c936d19fd01ec6b2e3b138200e725d688ef8,test,maps/0016870.npy
16872,Random,lot2312,c5d469661ebfaa1db3d177c59f4d98aa680b530bddf84214a28f6089a17d8547,test,maps/0016872.npy
18062,Random,lot2375,8b1586f9f2fde650401649cb6eed3415962fc0ba7764eb9734f8066ffec6ae18,train,maps/0018062.npy
18063,Random,lot2375,f89e8319428f25ec4be9f93ba0464e9fa8eab0e671b945396a60b26ba3f06430,train,maps/0018063.npy
18066,Random,lot2375,3ddb957ccf99f9a28e8aa12ae7c773147afedd5bb4fb9ff7e623ba7f256fe58e,train,maps/0018066.npy
18067,Random,lot2375,702490c96add8fbb34a4e53fe208ae97645eafd92417b2bf06fd322f733fe739,train,maps/0018067.npy
18068,Random,lot2375,08a70b5bc1e62d473a5887b2efef906975497186eb876e8beb28cb30cb217eb2,train,maps/0018068.npy
18069,Random,lot2375,723b7b3ffe76786d212bd508c9a31fe420c1d793770da033a28a29dc871e225a,train,maps/0018069.npy
18070,Random,lot2375,1722a261b34389a92b6e7366e2bc28943942f0168cbd0a196024fc5e8e60ad99,train,maps/0018070.npy
18073,Random,lot2375,ac66a3d3ffee1881b26929a1dfedc4d8787c14ab5483e5dc7562bb68342c7bf8,train,maps/0018073.npy
18074,Random,lot2375,45d974c207489b3df9d754e3675a56c1cfd3b1baecad7bbf6d437820bc81c95d,train,maps/0018074.npy
18075,Random,lot2375,7e7098ca52970002cc3b58ddbba48daec66e5f4876a1548a61bea6b96956c26f,train,maps/0018075.npy
18077,Random,lot2375,c14c7e31a8fc58b3a71fbdb53a88547bd9daf43a7f7bbec721914ba9d1ecb198,train,maps/0018077.npy
18081,Random,lot2375,998cebbf2253a54c13ae5945f2b8aaa0c03a3a9f93c535881f3e8c502eea8c14,train,maps/0018081.npy
18083,Random,lot2375,b5eee3a8cad3e1471573697d96c025c953bbe2eef4d53d4ed09d881ce4d955d5,train,maps/0018083.npy
18086,Random,lot2375,9c2d7530590f9e41dffb76385677bc103f7493d11abd1fab9d49c514be0d0df5,train,maps/0018086.npy
18112,Random,lot2377,f2136ff453c25cc08b3d855f88e804360e1b13cb344c11afa831821877e849d8,test,maps/0018112.npy
18114,Random,lot2377,023b962c1fbcbb506b20290e8152a363084fc96697b52705fa4288deb91eed21,test,maps/0018114.npy
18115,Random,lot2377,e9fc7178f3d88591b35bef85a413194b37f301c93d8875b7312329fc3a2af735,test,maps/0018115.npy
18116,Random,lot2377,a8b54f3ff2a528b59df89bca365bee9a758e3e3968effeed31722bdbdda63eeb,test,maps/0018116.npy
18117,Random,lot2377,babdf32eda24c5ffbd1a39eb2f627e249f28278f5bf25f6031a01dcc44f37fb1,test,maps/0018117.npy
18118,Random,lot2377,0cb4f8a541e6af6887dbc809e2537ae4552c3c9ec7b264fcd8255d9c171426d8,test,maps/0018118.npy
18119,Random,lot2377,5f8d11ad184fe79f873e49e6d0146a578fd05acfd98ad7b7af8aaf1e700c4f5b,test,maps/0018119.npy
18120,Random,lot2377,00d45eefb965fbe355ad0f03e3964052d9a9c79bc512ee6e979b575c57cf71ee,test,maps/0018120.npy
18122,Random,lot2377,1b90623f48153e7ddae8c4db4896672da7bfa37c26af8272e4289faabbfc23cf,test,maps/0018122.npy
18123,Random,lot2377,14c9cc0d39f3c56fbc1baec4560b14f203ebd5c69da8bf5a8f8d1b856c626685,test,maps/0018123.npy
18124,Random,lot2377,8c40d3647f69d7fe2cc6582d3cde053c5dc561b5f0d866edb8e64b340d100635,test,maps/0018124.npy
18125,Random,lot2377,ef4c4df9f611d5da3be42a529b816ca969064d083d383fd275f462dca72b9ab3,test,maps/0018125.npy
18126,Random,lot2377,5c968e62cba3ca7adad72c350dc87f0636ad1b2defa4ecdadc9f0a35ee146159,test,maps/0018126.npy
18129,Random,lot2377,1bbd9dc128322be6e18c492f869d6cc3c652a71f57f19504a1de42f37bba448f,test,maps/0018129.npy
18130,Random,lot2377,eedd857604094246574202181295f0319e13bf3bb60e5c2d680ea8ceb6005f38,test,maps/0018130.npy
18131,Random,lot2377,b8f1b32a7fac09be304181fceeaca02494f77d74c5683a16127812b6fed55bc6,test,maps/0018131.npy
18132,Random,lot2377,b316b0ab8031f94d9e0f216f61b0bc2f6656da3ae62df7efa69c71a3b39bffe1,test,maps/0018132.npy
18133,Random,lot2377,3b9a5699d60bde6d738e415342aa32fd2240dcab39f8975a21be296f12b786e9,test,maps/0018133.npy
18134,Random,lot2377,0c725932afaf55db169b884c4a2b2b717551e9240b34013cc355bbb64a0a8eab,test,maps/0018134.npy
18135,Random,lot2377,899286116def6fa7802ccc1b8e4722ff73b7c17739320ffb6c505632af81c7f7,test,maps/0018135.npy
18136,Random,lot2377,be899c4f8c7de1f08aa721ae31e0ea6f430f45211719ec48a3fe8386e993e7c4,test,maps/0018136.npy
19070,Random,lot2420,94e5420e16b1718b5baf8133e1902b3dfc64098a100fc62b67201b29ecd67985,train,maps/0019070.npy
19072,Random,lot2420,5e90974022bad54476eb22cc852509a47bb269502c3a899d04e75f8aaaeecee1,train,maps/0019072.npy
19076,Random,lot2420,955cedf672aed5f83714f934e6a4d723de2b11679ffbf7c724e7826f21d0b385,train,maps/0019076.npy
19113,Random,lot2422,0d67387a33c617a3713a988b33029572bb0ad29cec0f2ea3d2f757e10f9d3817,train,maps/0019113.npy
19120,Random,lot2422,97864cb5436f4fa03b8949114ba727dce58714cb3a3105160dc9e4719f93d97e,train,maps/0019120.npy
19135,Random,lot2423,befa75e986ad4aec8f312c04f6ef295a70ebcef02016de032959eea75aaf81b0,train,maps/0019135.npy
19139,Random,lot2423,a9f6ab1393a857c7128bcee1a6d01f0ec550f5a5fc3e838e880728ed0a591dd2,train,maps/0019139.npy
19140,Random,lot2423,1a9b6b2af4d65a975f61ea374768c40392369a4aeb0f0a8276f03a84615a5ef7,train,maps/0019140.npy
19148,Random,lot2423,a3b30c2c2e6395d87854b6e3c826a6e519e5fc97f7268cbbe4b129226257f4d9,train,maps/0019148.npy
19153,Random,lot2423,47eeda39b1def78686ebbe0692f1f73a77b9cabd9774c83ec96044830e8b68b5,train,maps/0019153.npy
19157,Random,lot2423,9e3316c2e518346a98489f65ab061d2ff5ec06d099221ee402377211024e20c7,train,maps/0019157.npy
19185,Random,lot2425,7037e789e2e01c20b2788e159141a9f94d64fcc352afff8e472f4d00950941aa,train,maps/0019185.npy
19188,Random,lot2425,4b641712263b7dd4562dac7403497f77c9e90cb33d2549b4c7e0fce4b00ee7c9,train,maps/0019188.npy
19189,Random,lot2425,076adf6296c68de7dc5da58259fc8818cc85d0ddcd99ea1c34f1ad5b1eabc918,train,maps/0019189.npy
19190,Random,lot2425,96be60a31c0803cb38d58de5411afe2f4358cfd0e04eedaed5d3daa15eb0281e,train,maps/0019190.npy
19196,Random,lot2425,8dcc41c60072afa6f82c3c3b84f48984a651de188dd0dfdaf4af41a782c5c064,train,maps/0019196.npy
19197,Random,lot2425,51f05d80f85b644a5c7913c2551384f80ab9053c6d221bf6afbd4d7c64008aba,train,maps/0019197.npy
19200,Random,lot2425,87fcb4ec845440310c161f02b50476da97fa79f634128e0183a8716037eeef8d,train,maps/0019200.npy
19201,Random,lot2425,aefebabfa7cf8f2175e1066ae906e78872884084be375d7e7fe61e4e22da7ba3,train,maps/0019201.npy
19202,Random,lot2425,16fbd7b7c0c31dfe255506809c4b70258a84c4fd0ac064033fcffee6cee56e5f,train,maps/0019202.npy
19203,Random,lot2425,020bcd494515351a6f1f975f0246c81eb819040cb706e3f9daaca20c5a3ee3da,train,maps/0019203.npy
19204,Random,lot2425,d8e63be53286838adc252add88d353afdc114a55e60d9da95623ffd48a995ada,train,maps/0019204.npy
19206,Random,lot2425,cc29023741136f3b3b684862d6e550d67aff377209159974f99583868d527d93,train,maps/0019206.npy
19207,Random,lot2425,a9cb784cac4bbe08adad6aeb41946f9272d95378ef4d1a23a6843c12dc8afd68,train,maps/0019207.npy
19208,Random,lot2425,3f4893b45cafe30b6f5c95d7735f2983f50280cd50d0505cb67fb840f558cb71,train,maps/0019208.npy
19211,Random,lot2426,d4aa16cd7d4d325d712d84ec0f7b2596ccfce3099ea406804472fcc19d02cfbd,train,maps/0019211.npy
19221,Random,lot2426,703746ffdb2ec3619a9cbaa774ab6cd9a8e41f5e3b3be3cb4770503640084861,train,maps/0019221.npy
19223,Random,lot2426,6395788bf6d00b38a4989c06bd318c4070268585c6872a68d7a3e42b13e6099a,train,maps/0019223.npy
19227,Random,lot2426,c4e60cfc9748e0844f287bc7c04794a44341f909055b62078a47998591159cad,train,maps/0019227.npy
19229,Random,lot2426,3a1491d08d0d2a44396f260c220247e46aefd66333739822dc4bbf970169b7c5,train,maps/0019229.npy
19231,Random,lot2426,301a3adce8a89523824ee4663d3dfcedf14fab1720e5a94ebd9ce699e10ca78b,train,maps/0019231.npy
19268,Random,lot2428,dd9c9965fb431e0b855fd845017c713f36dbc26fb314ccda60f34fa950fee767,test,maps/0019268.npy
19273,Random,lot2428,1b500ec714786c93d4a549ea1f72eff89a0edec48161649ffa53fc12149789cc,test,maps/0019273.npy
19279,Random,lot2429,e436b992fd0c78da6daddeca1fb0f0428d409698f11c935e2d36bf64c9fa07d8,train,maps/0019279.npy
19282,Random,lot2429,98c2c1998340c2fe043869c7c000f8e5f35cda0cb33fd8bdb9c9dc31d9cade5d,train,maps/0019282.npy
19369,Random,lot2432,b13f159b8b7afab569b03a77cfa50723c130f74a78e02f49102142c2b2479525,train,maps/0019369.npy
19372,Random,lot2432,81a9710fa3d4eb84a8cb73bc6b29c315cbf01d8d1c34e2802ad22cf3c5ca8c13,train,maps/0019372.npy
19408,Random,lot2434,0fd4f5f19c65303e1500c116d29af4696157393094a5263eb0f7c671d4b7b489,train,maps/0019408.npy
19410,Random,lot2434,8e5f18292050bb0a1cbd0a46f24b3f5a889610dcc0b093f057594e1440d77517,train,maps/0019410.npy
19414,Random,lot2434,1cf4104e6bbffa8b51938465433d8eebfdae39557648f02a0e5c3b0b9f22e0e7,train,maps/0019414.npy
19424,Random,lot2434,f821be746ede70282995bb177cc89459054bd50ff3899aa94c5334a7b17295d6,train,maps/0019424.npy
19456,Edge-Ring,lot2436,635e037de4d707828444ff60c6fbe4ba84896501fad391627aae3a28a47e22b7,test,maps/0019456.npy
19457,Edge-Ring,lot2436,edceef36d786b6190368fdc7cbb6fba5852381a8ade47fd7d99c6462b5a4f662,test,maps/0019457.npy
19459,Edge-Ring,lot2436,b494d7e8d22ac1b7fa128e2fea5a6c7adeab90ac9ce7365e51aed8ecc826825d,test,maps/0019459.npy
19476,Edge-Ring,lot2436,cd74e4a337e93be2a468e986e7e694b8a8cb4248276f59ef19c8f2f0cfacd651,test,maps/0019476.npy
19483,Edge-Ring,lot2437,21fadfa3e0ef56b56b236f8d74fdb3ffb2e4c7c5b735073ca51604ff868b4acd,train,maps/0019483.npy
20061,Random,lot2463,8acd9a413df27b8ee893cf6f5317bc0d2811468f1e39cf93b127a435636b2515,train,maps/0020061.npy
20671,Edge-Ring,lot2489,c42340bc32e5667ca247c893634abbd09ba4f62aa178bc6936d5384ea98f37fa,validation,maps/0020671.npy
20676,Edge-Ring,lot2489,dfb657c0d6ea0407d70a89fe189a8f39bed757f0e8cb1e266366b639c02e9a4f,validation,maps/0020676.npy
20678,Edge-Ring,lot2489,45dcd8305c61c86a4e45e9d889b4e95509e1c17adc373cb0a2f3516b1c4d56bf,validation,maps/0020678.npy
20788,Edge-Ring,lot2494,5d6709763651d27c0ec94cc90610f554825b81012cd23c7281c2d698504ec8f4,validation,maps/0020788.npy
20804,Edge-Ring,lot2494,047e17c2c29277d27318d7866b16691604c568d922c71722720c4ca8b6665d42,validation,maps/0020804.npy
20821,Edge-Ring,lot2495,28e2e9c90bc87d9a4e00f57398f50950d09324ff1d70dd0826a899c6f745f7c7,train,maps/0020821.npy
20831,Edge-Ring,lot2496,512747ab5e4ad1756764e02b27d3de5bd5423f7439179ede0c39a98faa153b05,validation,maps/0020831.npy
20840,Edge-Ring,lot2496,c07d35395484c4537b25f0d8962342f5295fca01e36215021e53352787a23d3a,validation,maps/0020840.npy
20842,Edge-Ring,lot2496,74e46d62ce6f26709a15cf012ac74f2d6a56a535d0162c209005d0cce97e2cb0,validation,maps/0020842.npy
20903,Edge-Ring,lot2498,9811d1ccf2a4f51fc17453ed1389791c28ab7399492a62c5a46944c7a0b323a6,train,maps/0020903.npy
20941,Edge-Ring,lot2500,d47449ecf817bef8dd582dd4f8df14f613543b04f9dea84d481312f7fdfd5597,train,maps/0020941.npy
20949,Edge-Ring,lot2500,2175ab02b113a0bfaaa883fd10ad769f295e05cbe54c2828789a82daf05a9cd6,train,maps/0020949.npy
20962,Edge-Ring,lot2501,bcec090f22e266219fdc4f845587bf5b9777f2ad04c9a331c7e3a836a78c024a,test,maps/0020962.npy
20968,Edge-Ring,lot2501,78b403da29112b4f62d9910417f2def40529498e0d17b72cdfbd9cc98422e353,test,maps/0020968.npy
20972,Edge-Ring,lot2501,d170da928985149d2e3d2d44300cdfa5c31c312dfa157b6e4059974a652954a5,test,maps/0020972.npy
20973,Edge-Ring,lot2501,14f90c39d5c55522bee862570eb8231da719d87acbb0e401a711c33cfb824836,test,maps/0020973.npy
21002,Edge-Ring,lot2503,d869634821bb9b99b2de9862757d67a2458224a2c1f59998b269e3cd8499dccc,validation,maps/0021002.npy
21010,Edge-Ring,lot2503,a4b43cbf26e9b5c558aad5634464c7aefb4e705343d608fab7ce63d89b2eb716,validation,maps/0021010.npy
21031,Edge-Ring,lot2504,c2d4cf1ce91f68fc5c8e9c13571994cd15c8ba146d1d681f21da00489b912446,train,maps/0021031.npy
21076,Edge-Ring,lot2505,be94ef3b543c06dbd439906d9ac457ce47a47d1822442a63e8a13722cba155e7,train,maps/0021076.npy
21092,Edge-Ring,lot2506,b749a73fa2176741cde3897188449f12ffd1153ba6881b4a55d5490dd4a51ce6,train,maps/0021092.npy
21097,Edge-Ring,lot2506,8fb2bf206c13d76629f32fbc762f6219c314305f7045093c649060ef4e5e5147,train,maps/0021097.npy
21125,Edge-Ring,lot2508,6781a550b32a8428737c279f359c42b4a673414937bc7e68422eba2d87bc45ae,test,maps/0021125.npy
21155,Edge-Ring,lot2509,2ecb0a309a344000a4738ec5ffb59265485bab80707e00f12a61cccc8c4158da,train,maps/0021155.npy
21163,Edge-Ring,lot2509,3a72502d451f9c9f1c1bfdc6549b9211f0cf3886de132005cb974f9d6bb0bbd3,train,maps/0021163.npy
21187,Edge-Ring,lot2510,4b0ce38ceffbd77abccc47cbeb4a4f75ce39c8327bb500e2f680b99d5fdce858,train,maps/0021187.npy
21190,Edge-Ring,lot2510,225c2d6acbb159fe828c6612b57c21cd2e4989ab55f4a5a520f5a1554cff91ba,train,maps/0021190.npy
21211,Edge-Ring,lot2511,1146146eda266e89cfc37f32363b2486d44d417407b2a3e67853e5c685d6e861,test,maps/0021211.npy
21226,Edge-Ring,lot2512,d779063ee61757d0487388de6c1faf39439ca165d48931c4a5c14b44421e0801,train,maps/0021226.npy
21238,Edge-Ring,lot2512,f1e8ac631412bcd4b735c06315a7054033c7e4ff3227a5e16d7403290749c1fc,train,maps/0021238.npy
21288,Edge-Ring,lot2514,1db23999bc29d7bd67179ef632a299fc2187281b32febad07b890c935118e109,train,maps/0021288.npy
21302,Edge-Ring,lot2515,79aeb8b7ea8fffa3e0412a5739d6a2aacaa6208545d66ffe9640342c08bb3c86,train,maps/0021302.npy
21356,Random,lot2517,2fd8756cf842ee3c71f50267b64d59e3f40b38ca8095324e513ea29e71b37d6a,train,maps/0021356.npy
21426,Edge-Ring,lot2520,fcb82f4bf85912c7d424a98542427e8a490a56b24b1fee1f812bff135ca79b06,train,maps/0021426.npy
21440,Edge-Ring,lot2520,420738a606efa25272466d8c3e4708a9f01fb19f2e3d0991c00a05cb6f331bab,train,maps/0021440.npy
21448,Edge-Ring,lot2520,d2d93618366b395cd284230b900ac3e4494c89d7ac7f8e823d164ddbb25d0e18,train,maps/0021448.npy
21475,Edge-Ring,lot2522,b05f3c5a5e201b36056d256da5c0340197a41ca9ae2cc64f26957767fdb9fb52,validation,maps/0021475.npy
21543,Edge-Ring,lot2524,66366d82dae51ace8bbed5a1c10b95be535fcefb9d03be7a7fcf032aeba346a5,train,maps/0021543.npy
21790,Edge-Ring,lot2534,07650b6c57398c4aa1b6a953a9ac06ae49257947e65a5116fd44895393445586,test,maps/0021790.npy
21795,Edge-Ring,lot2534,92cd3ed06931f4d807e93380bc195261cc13b1cac91319e28315a67ab83f01d8,test,maps/0021795.npy
21800,Random,lot2535,97898d7f98e32ec2220b3971070e66e7f5d64cb502d15c91b979d27202081b00,train,maps/0021800.npy
21801,Random,lot2535,392f398a28d1343b08eb9bf7a68aacd03bd39172a21bb84f59cdabccc59db014,train,maps/0021801.npy
21820,Random,lot2535,df22dcc6688a77124011bd502f67002007053e685dd7e44861a9be63ea82ec3f,train,maps/0021820.npy
22044,Scratch,lot2547,e1c450e05edfdbefb990209cd9ac25b7af21c9b44b5e2ca2411123db84c4db16,test,maps/0022044.npy
22431,Scratch,lot2563,bd2ae4077d7ea084e96d24ccb9d2ef960d98490a6861f8cc109c576f79c640ca,train,maps/0022431.npy
22456,Scratch,lot2564,4e535a42878c0e4b5c697d7200ad654610c18caedb8b2ed9dcbe27055e506714,train,maps/0022456.npy
22785,Edge-Loc,lot2608,7d0ab6d4ddc924a82ada66b7e73f8cdcd0ca363ebb80a582444ca81f6ae84a6d,test,maps/0022785.npy
22787,Edge-Loc,lot2610,391519d1ff15f70ebab55c9985ff93a381ee694e5e099a04d7a43c04fea5f921,train,maps/0022787.npy
23516,Scratch,lot2659,08b19e4076420430e07570d4ad5eea6e857dd77c542900ed5ec9214cecb774d1,train,maps/0023516.npy
23517,Scratch,lot2659,a9b0de4e5ccb40a0b9b0f9f8ed17bd4ee4171d7332bc42fa73edb25b473944fe,train,maps/0023517.npy
25043,Random,lot2734,5c93e096ac18b0bf33b1033530e08bd06c087d458acd9ea59b4797e73662b8b6,train,maps/0025043.npy
25068,Random,lot2735,31ba125ef58fd20d89beffedbe591b09d4afcda664821cb3c4b0aa95ec0b8d57,validation,maps/0025068.npy
25201,Edge-Ring,lot2756,168bb44616d8691739de6b9a57f2fbf6e122326020f82e63bb11133184f7969c,validation,maps/0025201.npy
25208,Edge-Ring,lot2756,b1efec2b97e67ef78c290f231a1ddd6c92248b4c1d3c420f58008d61320d1b5b,validation,maps/0025208.npy
25254,Scratch,lot2758,38f1180b0f8ee18a87ff1a5a92c15d67f57343220c83d9ceda0b1a19fe0cea0f,validation,maps/0025254.npy
25475,Edge-Loc,lot2783,932038fd84ec29909ca70f8f26abedb2c720e58152499f824a31e93422d92c03,train,maps/0025475.npy
25484,Edge-Loc,lot2783,4a88f5395ad1da8719add53e1a9bafaed5a8f40fd27d0d7a4a84c5b89a165273,train,maps/0025484.npy
25793,Edge-Loc,lot2818,1c2424d3e1528b02f09beb13806e5e1a4ad65e92289fd9d2fce1fea520cb03d8,train,maps/0025793.npy
27615,Random,lot2920,932c72827913b36102b037124cac7ceb63e074aaf5854c161576170c0455f7ce,validation,maps/0027615.npy
28885,Donut,lot2971,4b7ea3dadeccc2a766d21312aa7b61394bf6de1aec6e89b536197bb70b4eba6e,validation,maps/0028885.npy
29426,Edge-Loc,lot2993,777c9765ac1d9424e3cd442f5194d6b4364d6443c2f2f4863c2063b2ae113080,test,maps/0029426.npy
29427,Edge-Loc,lot2993,0fc707ca7fbcd5edd3238b2bf98947a499af93737ebb8d71ed201cbab986f2d4,test,maps/0029427.npy
29428,Edge-Loc,lot2993,07ddd90f74b19a443e678c9e3aa4f56083f627bce79fe7b10e91ed6c70ee9496,test,maps/0029428.npy
29430,Edge-Loc,lot2993,d2150455db51740bdd2f84eeb1622555e94058afcf0875304fecf66316c3342b,test,maps/0029430.npy
31699,Edge-Ring,lot3108,7bcd2bf28a684e2f8849f72390663bd00e377c8f0b9848f2ca61a6e1c097c4a6,validation,maps/0031699.npy
31704,Donut,lot3108,94ab8ec86218ad8a6647c38c4fd7acb063f3981bf80411cfb42293461f4e2de5,validation,maps/0031704.npy
31707,Donut,lot3108,7a83d9ebb43c29e11345d45db2c4d8e1e16aa9d40ff76767e31446407d94d4e9,validation,maps/0031707.npy
31714,Edge-Ring,lot3108,82fda20ee4e89284b6d7a0a77384d91c6cbf404fa480f7fe678ccc19007e7354,validation,maps/0031714.npy
31946,Scratch,lot3118,d8271c93b988db95af08288809d062988645bece47d25af71c7acd41f062b147,train,maps/0031946.npy
34024,Donut,lot3222,fd3ca1a1da100d275a2ccb345dfd359a3a0a40f734e4d5b9e5be25c9da825540,train,maps/0034024.npy
35709,Scratch,lot3293,d92ae6763f83582db24fa3659871c641717146a9f52160d3dbab4acc6fdd4cad,validation,maps/0035709.npy
37961,Loc,lot3416,ae3f01d040d730ebac537e70ac0e672b989e4a8df83656105c3443c6a4427928,validation,maps/0037961.npy
40457,Loc,lot3563,70ae4da4ba985164f4cb222fecae2d2830e9c97ea8c844155695bd64e2097c54,validation,maps/0040457.npy
40774,Edge-Loc,lot3579,6b0731bdc777348324a1f452c540d67db268d5d37f2cd1ec67819851d3254241,train,maps/0040774.npy
40810,Edge-Loc,lot3584,414504f58ad6c2676e6622505fb632a84659cfb696e372ea63ea6ece01160170,train,maps/0040810.npy
41376,Edge-Loc,lot3634,da9c9679973511b6ab9b9d6ef41714fec84236e7d7b8988d3a5348b3881ddbc0,validation,maps/0041376.npy
41932,Edge-Loc,lot3664,7301239290f288e1de812163769809791e58a7d6d60478704c043b4f324b9960,validation,maps/0041932.npy
41967,Edge-Loc,lot3665,99ef4ffd6f480d7a5ec3d04cd8799b9e8b88ba459cf61d8b66f721534d84be59,train,maps/0041967.npy
42358,Edge-Loc,lot3693,b850708ece75ff25f1114155bb37456785370e52d7a18021886e7e64e970a9d8,train,maps/0042358.npy
42368,Edge-Loc,lot3693,332656faa73c7e1ef72ec7f4cd94b3dabc7a5ee5847dc6294a87699817a6c005,train,maps/0042368.npy
43626,Edge-Loc,lot3785,473b027d2d93884a9783ae4dccf1b2fba34d89382154dda9109ab4414afdfc56,test,maps/0043626.npy
43881,Loc,lot3802,b1d3157526638954feb025b0cf7084b483c9bb86fba142861d56a223ca66b274,train,maps/0043881.npy
43993,Edge-Loc,lot3816,52f89862bfe69562fc1580c75e28d59a3b1abfddf40445c0140614e824ddb795,train,maps/0043993.npy
44114,Edge-Loc,lot3821,e1011a5fdafedee1692d7438895fb0674058d17f8136e3ac02a15c1ad48b1166,train,maps/0044114.npy
44130,Scratch,lot3822,97beb51a618db03bf033aba4acc4d432d6a6164186eac5d0ee9e705e26ce313b,test,maps/0044130.npy
44331,Loc,lot3830,dde197dd067b838da1a5027abe2d9b8647e8b768ee1be8d2c46712d45f15b9ad,validation,maps/0044331.npy
44421,Edge-Loc,lot3837,50d2763353d7204ea4a5f6ee628d8e5ddc5ee132485e49da59e73128e6a791a1,train,maps/0044421.npy
44581,Edge-Loc,lot3844,43ace8f27cc1442092762512a667d0e47a98d67dc3246c8873265b85548f482e,validation,maps/0044581.npy
44671,Edge-Loc,lot3851,f2186f4c10deae310c1566621f3c44efdbd581153018622e8470bf085aaf2beb,train,maps/0044671.npy
45034,Edge-Ring,lot3874,403d753abe5467fc65656f59827faecc9d4c941b17e9cb92fcc11f9c83151dbd,train,maps/0045034.npy
45110,Edge-Loc,lot3877,7806477d288dc6980dda686fb8e6e68bbd038fd47c86ff79bf1aa599625fd078,train,maps/0045110.npy
45719,Edge-Loc,lot3917,83dc96f5c9021c95d2b5f7db35a4425caddd612cfb69127c290a424a93f7d66e,train,maps/0045719.npy
46509,Donut,lot3952,eb7b34f16d53db814a1a82dcdbb1198e9e5c43097b4922bcf7d38cb7d866e5ae,train,maps/0046509.npy
47969,Scratch,lot4015,c0a44740323b220ea49dcaf677ce2a2c2f65554dcd63a08ca6abd801cbec74b4,train,maps/0047969.npy
48324,Loc,lot4032,d6b1d4c04702f068bb1f3c6918bed2c36197916ea2fbc0cf67f32b6cb45ef084,test,maps/0048324.npy
49161,Edge-Loc,lot4066,666f358846ace358fb5847f13e25fe9e7eb7d76a015503edf2f4eb718bfb7d3d,validation,maps/0049161.npy
49339,Edge-Loc,lot4082,8678e90ef8cb7b1f191e93cd84d620ff6ac32f4cc360a99897f1b5a118a77e07,test,maps/0049339.npy
49448,Donut,lot4087,9b029e267a10415e16ffacd68f98915833b1987cb3f818784aba31ba6bf23144,train,maps/0049448.npy
49451,Donut,lot4087,8784e5d17f82a921b4f64aacd44a5134d53eac3b844201241f1481808c43838b,train,maps/0049451.npy
49465,Edge-Loc,lot4087,d3cca13209de08fab1b027c803da769bf2b5506554adf30822d416db625ef198,train,maps/0049465.npy
49513,Loc,lot4090,68d003a9ad34d84b70036f03747a2467e30d78d3e08b48eeabe0ee6c39588988,train,maps/0049513.npy
49518,Loc,lot4090,8cdb5cc00eb4130ee5d753d349a1c330a1280ebb75ce182059d05f580e0ad507,train,maps/0049518.npy
50917,Edge-Loc,lot4153,6aaceb240ae4240a6258ba1bdb3ba6b1caf25799579402f3b480cd944cc77b5c,train,maps/0050917.npy
51933,Edge-Loc,lot4227,9c41c0a71c2e1a342ea84c8715add1982ff4b2ef1d9472e7e5135c4c66be0f08,train,maps/0051933.npy
53740,Donut,lot4348,3024aa7b0d76ab589b44ca5aef0c536968ff1ab44df1fcaf1220389ac8811627,train,maps/0053740.npy
53742,Scratch,lot4348,df1048406a46bc75cf24569178902ed5a36bd3fbd1f5dcfa30fe7b1545ca5359,train,maps/0053742.npy
53972,Edge-Loc,lot4357,13533e01f3acbb677ece031a82c23b5628f2002f3193d5f66d57b8f0065399b6,validation,maps/0053972.npy
54096,Edge-Loc,lot4364,3222c29ac94701b9311e61c9d4706ef265cc67c7bd6be20842365ed05c68aaa8,test,maps/0054096.npy
54098,Edge-Loc,lot4364,022b49b3cae65ecdea61cf1254e8e0a38c1102e0cba7a3ff424cfe3a89c73b66,test,maps/0054098.npy
54357,Edge-Loc,lot4390,f755b18ce72b1e4d7b6c00c1644effb230846d94c164977ea714003ea4a32735,train,maps/0054357.npy
54384,Donut,lot4395,f1f2c80a37e35396afc4994f65079667d452ad07e24ce19004faaac3d64d4da1,test,maps/0054384.npy
54393,Donut,lot4397,c23fdfc98c0bbf1bae82144294cff8d905336fb7b997d447326dd8a6fa0acf54,train,maps/0054393.npy
54396,Donut,lot4397,e2513214b00ff9897039487fcd19d9594789060a047e6548aec19540096153c0,train,maps/0054396.npy
55297,Edge-Loc,lot4466,56a19a65c584bd7204af3bc7dc0737e98662a992ebe42c166cbf28bd87b03de1,train,maps/0055297.npy
55745,Edge-Loc,lot4489,9377a82adc49b2e02793e3cd7834b0e7ddc3b9ec07aa329b035d418898cf7c3b,train,maps/0055745.npy
55916,Edge-Loc,lot4497,081070d4849d5ff2cf8c7dd082fae10ba264e35339511fc5d87fc5b9f16f5a52,train,maps/0055916.npy
55946,Edge-Loc,lot4499,38b6ce0d63c84d2909f16426b904f290323d7afdbc8b8812b2b4e9065850578e,train,maps/0055946.npy
56819,Scratch,lot4550,56756d64eaf44b92ccebda51495bdc27907e838b197cae5860dff6048b42ebfe,test,maps/0056819.npy
58137,Edge-Loc,lot4637,95615ab0d58bc9579c8d1dbcffd814a69e7e2f3b7d71c1b377f0b816769706f9,train,maps/0058137.npy
58139,Edge-Loc,lot4637,27e074700848475e1bdbff419cf3c45a27bc48a2b7b36a09c7be390a81243722,train,maps/0058139.npy
58198,Edge-Loc,lot4642,4ec102bb36cc0b01e5c563e1ee5f768c5a043a01e82d6bd723367dd511b4f68f,train,maps/0058198.npy
58203,Edge-Loc,lot4642,5181b00558aba6d40ffc348ce514bacf89cd9eb7e4d6194f8e36470704b6b61c,train,maps/0058203.npy
58216,Edge-Loc,lot4642,b179b52f910ccfb9bd5ee9b3ee4b2509f122405223b5917b96a2d95e3cdb14a9,train,maps/0058216.npy
58528,Edge-Loc,lot4667,e308411f3361708f8c0383e8662a885965c6fdad3c2022a285b6b9c6ea1d41ac,train,maps/0058528.npy
59353,Edge-Loc,lot4706,4caa1c35da356b294798409960b72afdfc0db4eb5c21054bb41503cfa37b7b07,train,maps/0059353.npy
59374,Edge-Loc,lot4707,a71fe9695854dbcef6c0ddc98affad388adc58a6455da95d2d48e3e3b384368d,test,maps/0059374.npy
59736,Edge-Loc,lot4724,7f707c8df6275adcd4aa53999a100810d42bcc2d03b294d14556c227c9786153,test,maps/0059736.npy
59763,Edge-Loc,lot4725,62706d5e52c4f3b4486bb25e03b5eef03fb2acb0f266bff29d4c1ba2e25350c5,test,maps/0059763.npy
59940,Edge-Loc,lot4734,72fa11f4227b3ff48816189b36eec801b889d8130ff63764ac4be0bac9ec57fa,validation,maps/0059940.npy
59942,Edge-Loc,lot4734,9f72076021b5bf2054996a96a90a905c67863104ed690c257531aaf5814696a2,validation,maps/0059942.npy
59943,Edge-Loc,lot4734,ba2167047db3a1506e6a2d070d4bb46a30735679d64ee1a06d1bea65a9676979,validation,maps/0059943.npy
59950,Edge-Loc,lot4734,d71f5413f442c4e23d18efc6a87c96ee6113b72075c611efade6762b2db995a3,validation,maps/0059950.npy
59955,Edge-Loc,lot4734,8d92335b27d66292323c9de6222f9f0644551f4a7430a48b01edc059fa75643d,validation,maps/0059955.npy
60003,Loc,lot4736,5e2af6b42e59a950c5c9bc624a430f30bd78ae0eaa97fd5fd1de694aa9d0e2c7,train,maps/0060003.npy
60162,Loc,lot4754,22ea91dd4003bee04e4af51c1905266e9971f4307d0f06e5da41fb34f8bdb2be,test,maps/0060162.npy
60203,Edge-Loc,lot4761,12eb9f973fe3d33e4481d7ad9368a81b7eeb431f3405655ed0b04d9a59d2ffda,test,maps/0060203.npy
60747,Edge-Loc,lot4785,3abdab6b845dc2043656d6a2530e4e0b743ddf3d1aab9532e5c06024836e7f8f,validation,maps/0060747.npy
61879,Edge-Loc,lot4840,4559059cc55bb2c4dbbea3310fb53ed026ee0f1e94035601f45ffc720a560ec2,validation,maps/0061879.npy
61904,Edge-Loc,lot4841,afde2583fe49edff054d2bd3a30761b511ffa89f7d516b1e1860c65cf1149e27,train,maps/0061904.npy
65466,Edge-Loc,lot4996,e3d8c4dac2f5fb2a61c20b16c36e3ec5dfc4cd502c133b2abd5b7a0bcfc64b74,validation,maps/0065466.npy
65510,Edge-Loc,lot4998,00781b898b461d12f86998c4bf6aa4b648108bd35d8eb6d8c04de33387021f70,train,maps/0065510.npy
67652,Edge-Ring,lot5127,89d4a070d9a962d2aa00c8335ba0f5528a53ca674b9418f4a776267f1924081e,train,maps/0067652.npy
68390,Donut,lot5158,8f4920a3337214701b0a4f08ee28f6edaf07fc49fe9c7ca6294cff42a589fe58,train,maps/0068390.npy
68391,Donut,lot5158,4bf35adef8ec95837d70021247179f7bd51198f9ddb9c052d28a4c462d678f11,train,maps/0068391.npy
68415,Donut,lot5159,6d19321529b8527d664ca1542230efe08b78ccb74b6af00e3e07f7c580f65d46,validation,maps/0068415.npy
68416,Donut,lot5159,0883a4c6a0eb37261c43b1e87c54563bbe466ea114b299d7f89108e7137e54d8,validation,maps/0068416.npy
68885,Edge-Loc,lot5178,5a83878f6149d147742fc6928886779dc86e3552d9ff975029c0315c30245402,train,maps/0068885.npy
68890,Edge-Loc,lot5178,c1eb804355e13ce0bb8fb94e58ad5333aebab0ab4fe66bcc14036b468cc846fe,train,maps/0068890.npy
68898,Edge-Loc,lot5179,c41ed2cc7c83b6d28f6bb1ccc344032b7c06f867654b0f7fff336564b7b00001,train,maps/0068898.npy
68913,Edge-Loc,lot5179,9aa02f472eee8894bb31c787706be29a104f0f99c529766553f0af0924a65d2e,train,maps/0068913.npy
69148,Scratch,lot5191,d76ead7ec6bac1a115a050b5a4c44a4e68c363ac91a59e7294670839c65b07c2,train,maps/0069148.npy
69869,Edge-Loc,lot5233,2759293d8fcccdc73ff1c565d88ab40b07a2f80ff51822e69918195b6a1fe183,test,maps/0069869.npy
70110,Edge-Loc,lot5257,4085b424ed800c767336fbc3a8c4bfe9d980ad8878b2321a696a0be85d6299ce,validation,maps/0070110.npy
72108,Edge-Ring,lot5406,3cf0a746f42f842382379ec81234defd69f82b9cc8a54e7ac3078ec53adffaa8,test,maps/0072108.npy
72379,Edge-Loc,lot5429,92ab4178099b67de73efbb68cfa2f911c1340b38d858c2bb43f8024b18eecc95,test,maps/0072379.npy
73127,Donut,lot5471,6e7ceeb66fcea1237920434169271fb67cb2f4211944b74f913ad96140ebf117,train,maps/0073127.npy
73289,Edge-Loc,lot5483,959b6483c0c9954db5f4e978c0fdfedd7b4c53cafe4e1c0f361a385c6b837606,train,maps/0073289.npy
75247,Edge-Loc,lot5596,46317682e0d1f3a1d51505b37c20d925558865b87bb5095b5abf3db86422d67e,train,maps/0075247.npy
75950,Edge-Loc,lot5626,59b00940d9e7eee8ca63c8a9bf22628db2f980d6d529701edd02661ef47689bf,train,maps/0075950.npy
76312,Edge-Loc,lot5646,c900b67bef709436e7cd95643f3ebf014eb42a95ebf0607c8add63d189504d1d,validation,maps/0076312.npy
76440,Loc,lot5654,5102b33dc0a363c5c911fe4ee27f9ddd99bbfc5be6fb903057ef2f9e53a3390f,train,maps/0076440.npy
76773,Scratch,lot5667,da375a3d8cbe369ccaea1fd8382404d340c46e006fea222214ab8028bee8f00a,test,maps/0076773.npy
77182,Edge-Loc,lot5686,8c38109e140865084df36df43e96ea9ffbb5b40ac76a4a950681e7f3199dfdee,train,maps/0077182.npy
77227,Edge-Loc,lot5687,340b9ac026d0e8d217315d2ea0d3c1cdafd03d84e0b9f40012965271d42f072e,train,maps/0077227.npy
79230,Edge-Loc,lot5768,1327e8217f0b45399863490be787d7d734344a4fd19603a9a7eceed0b889b242,train,maps/0079230.npy
79696,Loc,lot5787,2d2c5a3e27983313b6b8792a198d1a7c282a40d05ad5c17b90449b8538090582,train,maps/0079696.npy
80414,Edge-Loc,lot5816,4ad3c4f44d6d86b6a796c69b0a32a010728c4996115d0e680d426fd92c1c4b4b,test,maps/0080414.npy
82327,Donut,lot5898,83d2ac091631c67b5697d731ebfcbe8994e00f1806555acd283bf0abd531e629,train,maps/0082327.npy
82357,Edge-Loc,lot5899,d10f99c213c2ab13069c23d3215f5b7f657e532a7603a80c4c87dbe93363e225,train,maps/0082357.npy
82439,Donut,lot5902,9f14c9d2ff808ab3b315fd5dfc0a2cb61e21c0bbb94259cfe4b80f0b246ae7cf,test,maps/0082439.npy
82533,Edge-Loc,lot5906,5986d0d34fc2e99b1076d123a2017258a44d6c600834ecb9f7351bc5993afd27,test,maps/0082533.npy
82562,Edge-Loc,lot5907,0c1ede57f160e1e21a708140d94bb1c4df00c77778768116ac50fa4f2fec88c9,train,maps/0082562.npy
82802,Edge-Loc,lot5917,33e48c9c431c86eb13e85d33a475ef589c1b1384a4942c5697a7fb17db47f547,train,maps/0082802.npy
82814,Edge-Loc,lot5917,368ed1c27de9359f358e9249ecdd2bb1d029ff900b06ef67fc36786e7687dfd1,train,maps/0082814.npy
83679,Edge-Loc,lot5964,9ca63d9be79b8b659c5297b10a04895174d539c5b76d894e32e42a32e450e6c9,validation,maps/0083679.npy
84087,Loc,lot5998,c46c3b1a58a1bd591903fc68cc6292a54000964b2bf9e00aa0369129bf1f9f65,validation,maps/0084087.npy
84106,Center,lot5999,a35852aa6dd10d7d9c3bc4b84e8962f963ab0930ce2f9cb758a374e773daa626,validation,maps/0084106.npy
84136,Center,lot6002,43cc3fd8df13ab6abdcf6621477bca6db740a3423a343bd046b29bbddcf37f68,train,maps/0084136.npy
84165,Center,lot6009,8927bfc7860445dbbd3cfa489ca5e153e02f05bd6b3df5709c64545c0a6f4f4a,validation,maps/0084165.npy
84326,Edge-Ring,lot6022,7be142fb34aa47d9a80286c2346ac29732ea621678858093e34886f9a04dc2ce,train,maps/0084326.npy
84594,Center,lot6060,211687c4ecf4a7cdd6f9e8c0e79cb4590b4fc011dd8f92d7da2feda42569368f,test,maps/0084594.npy
84624,Center,lot6061,e00fe3e2cae6368e5e5b25b37a672e249eff99070135aaf745862cdb921685f7,train,maps/0084624.npy
84950,Edge-Loc,lot6081,01655adf3afaae606f225824065e29519f1f9e4bc13de38d10f6506dc44b71a2,train,maps/0084950.npy
85147,Loc,lot6097,e1fad0de3f92918a4ec130d49f6425d86faaed3824726e19bd26041578e3b5ba,test,maps/0085147.npy
85260,Center,lot6107,49cea6d02bb393dbcfa5bc6457847ccd0dbe5d7db574451093df3a9c0aeeab6b,test,maps/0085260.npy
85331,Center,lot6113,3cf5a10f5bd0146eddd3dafa2a2f31cb476b936e02813a5284b9483115e708a9,validation,maps/0085331.npy
85350,Edge-Loc,lot6115,a0f8b7224e641896655fc0ce655968b49fa1c93235f5e8c868e15a303fbfb11d,train,maps/0085350.npy
85415,Edge-Loc,lot6119,f483e184d8cb23e9b4a732da50eb9731b5dfdbeced53174915f91f80d59b6e12,train,maps/0085415.npy
85429,Edge-Loc,lot6119,e6827a269db308839563429de0982d73c0996adcb702309465b75cfcd3fc9a66,train,maps/0085429.npy
86291,Center,lot6173,aa1f9e13ce127e31df8baa35e613960077eace6bbbf49ae84fe16e04f75113b0,train,maps/0086291.npy
86293,Center,lot6173,f828dfa0f83b096af85cf7e35e1e002c4af5607a2fd668e5016a9e8a05d988e1,train,maps/0086293.npy
86372,Center,lot6176,2cacee4531d044c50d612927f19f802cd9e3296883148724f1baa5880680485e,train,maps/0086372.npy
86381,Center,lot6177,7602bb532e0cbb2699ed14234d55cf5eab13bbf50b7c161a866a4d193ff464fe,train,maps/0086381.npy
86601,Edge-Loc,lot6190,30c43bb7082580a1c4e3658dd192ea42171c0123918106a751eb1f4ac0ad4477,train,maps/0086601.npy
87124,Edge-Loc,lot6219,ac7a8cb98cbbaf6355c0e03e0076c56d16f548e5d85796edc1bc38befac54d04,train,maps/0087124.npy
87134,Edge-Loc,lot6219,bff90408ccc3cc3979638ed52c37c99841988bbd48d5a81efd4ccb601ea15bc5,train,maps/0087134.npy
87247,Loc,lot6224,d5fe224e399b2c56aed26e3733e5305cda3ac4589a92126b007d60ea5a187827,train,maps/0087247.npy
87251,Loc,lot6224,41312409e4dce4680361f5616161385ccc63301a60a0aa082a8713e84b839b0d,train,maps/0087251.npy
87257,Loc,lot6224,f23f0c598f922d90bd9376fe25c82abffa2d0d073adf8ea817a0335e6ebe3702,train,maps/0087257.npy
87268,Loc,lot6225,4a19122fef60c26cb735721d3abe9e05c1bd6dba129822a540c858ad82fd6156,train,maps/0087268.npy
87270,Loc,lot6225,decb773aa65fe0e67fb27ff22778b63f29b8b76cfc056087fe8a3e3e6ff4baf5,train,maps/0087270.npy
87315,Loc,lot6229,cdbcabce1dd9ffc4854476a4b14ca826367747e93913820ca78cdee517ba11de,train,maps/0087315.npy
87352,Loc,lot6233,0fc7ffc25d5073a12d4eb855882d78e23c99c504e165bddfdb1488dd0da69790,train,maps/0087352.npy
87364,Loc,lot6238,48afbd866d7c38e327d63e16907b078b612500dd56440d7032e1773656d43156,train,maps/0087364.npy
87598,Center,lot6262,b5a769931dc10acb6ff04d6855fae0cc5b7213f38e41198b418be2decf2514c8,train,maps/0087598.npy
88250,Loc,lot6316,0c20b60da1e19088b87e61ffa2cd5442fc919698725a41d8202d13e75d1192c8,validation,maps/0088250.npy
88252,Loc,lot6316,9e5822d3ea53d40d1a65befcc6569dec4708f3910fd02a3bbeb7ea68e6852742,validation,maps/0088252.npy
88253,Loc,lot6316,49897ec0a6fce39a4cc723ed227458ef5afc3e324e09bf00e4ee77c654f37033,validation,maps/0088253.npy
88260,Loc,lot6316,1c822c3c19bc5f9bdb28afc76cce597af7eac2be83ed45fd5d536b89cd0ebb15,validation,maps/0088260.npy
88267,Loc,lot6316,1fbe3dd823240e51dca07501504908055ba91feab503a10995a86ef4f10ab9b8,validation,maps/0088267.npy
88509,Loc,lot6331,e860e110b53cf0e17e5c719db019ee1919ed90e59ed25af2007135283fc22572,train,maps/0088509.npy
88511,Loc,lot6331,0f51ac330d612fc6c0722c5ee005a82699d14bf2f58bb6e8c6ba482f02e2f3ed,train,maps/0088511.npy
88512,Loc,lot6331,f4239edd7d90fa02c72777f8511fbb78e656170fbf8beb5e2338e4f994f63070,train,maps/0088512.npy
88513,Loc,lot6331,fe6d3359677ba139d01aa3822b62d33f093ae3c7c36051b7f14d58f032df9bf7,train,maps/0088513.npy
88721,Loc,lot6344,6aadab57733278a34d3d874e80fbc773d0f2ad31f8ff05babc612291d3c1040c,train,maps/0088721.npy
88963,Loc,lot6362,d5ebf0f4f278395356e4acaa8077b7cf4511612c98ffb5948936d8e5d204df6a,validation,maps/0088963.npy
89141,Center,lot6378,f651d8620b2d0c0d96b4b00cd51dfe90061b36ebe8b7417e5c9012b3cd72dbf0,train,maps/0089141.npy
89199,Edge-Ring,lot6391,ab6489f052cca596ccd679e105df3888c0a6a17fc114031e899836699d6c5a32,train,maps/0089199.npy
90630,Loc,lot6467,e7963025d65ee443e7cad1d8c44a7684ea8b3213e0992497336d6ea133e00b85,test,maps/0090630.npy
90951,Loc,lot6498,aa829be2d87ec911fb56b0fd8f48d2c7e0fe581b6a95bfd7a1f7e694cf2559b1,train,maps/0090951.npy
94941,Loc,lot6693,8df7800a2eba2446340e9d520b6dad5fd077c95457327928994d87cb94eaece2,validation,maps/0094941.npy
95052,Edge-Loc,lot6697,02756f46cdf4ec2baa20f570ba9b4aa1923e3a45d0c5eb1e463c5e9e3011fcda,validation,maps/0095052.npy
95398,Edge-Ring,lot6714,1cd1a45204a1ef21791fbb03f1f943d504e9fbb0620c001c1b43b9b6f0119189,train,maps/0095398.npy
96002,Center,lot6748,69edf8bcc8f152b1a37f831496024eb178aabf16fa6fcdfab27b721e6994a688,train,maps/0096002.npy
97160,Loc,lot6802,2b3c37f6630b252688b5379981a931a0cc2d58987d15702a528601ef34f85ec1,train,maps/0097160.npy
99643,Loc,lot6920,39ce085e59ff876bbf89478f050c365d43c2a176f7f8b3688d9361b687022d0e,validation,maps/0099643.npy
100401,Loc,lot6953,deae2710842acc1a515ba2753776502927899a0fa968301c9a1b78062e4889c8,train,maps/0100401.npy
101483,Loc,lot7006,c9bffbdd55e2c4cc4f75473a718e7db7c69ddf572d93aa100077e778b018512d,train,maps/0101483.npy
105454,Loc,lot7190,1b771dd15de4e4571b20674f49a205e57f7054c21c3b5e69661645685696dd46,train,maps/0105454.npy
105569,Donut,lot7195,4e7521dbcb2aa7e6415928940afe77b80d3ae1370f90e41c1154a0ba18ff56b3,train,maps/0105569.npy
106249,Loc,lot7238,02f8fd125f1ff9290fe54c89f0707cbbe09904f9ab4138527254127883302d16,validation,maps/0106249.npy
106255,Loc,lot7238,f5cc75ef9d2fa211b9514d33f1df477b555968e4c5b13bd209986c59a964f3fc,validation,maps/0106255.npy
106259,Loc,lot7238,69aed189198ec6fd7d24c194cad49353e11fb64e6a95200f1f70d50b39e72abc,validation,maps/0106259.npy
106267,Edge-Loc,lot7238,9be7611d4bd24930477fb19840332142382aae85f06612cbc977385c7f09fa2c,validation,maps/0106267.npy
106284,Loc,lot7239,f24e7074095d4052337f7a84a33c44fab043ee1ef310cbe70d556bb186071883,validation,maps/0106284.npy
106371,Loc,lot7243,b121562bfdeef6e3f8aacb9d04af8ca4f34fee0f5c8988e15a7a0a8d19765be8,train,maps/0106371.npy
106376,Loc,lot7243,67e7e9de2953a58b739fb6a85f7a3b22de6a183b05af7f59462ba4bfa2ceb484,train,maps/0106376.npy
106388,Loc,lot7244,ffa7ec441d0c13913a1a55e3844d6b21ce6f0173dbe3a6f54cb7683e6eb2e50e,validation,maps/0106388.npy
106389,Loc,lot7245,ad9d83c3a7a15d82eb4fcd63228ecaf8267b483f82a80ed01063f735b7656702,train,maps/0106389.npy
106643,Loc,lot7258,f2289108eaec13ab23b071aac3c6cb48ba9b8a263658284fe390323b743fca37,train,maps/0106643.npy
106656,Center,lot7258,52f4edebdf0404d50a532fa320c50e12037c1024e010f631156506cc47f6a756,train,maps/0106656.npy
106673,Loc,lot7259,e1254c4ed7cfb10f71ea5f36201ca0a32372dfe8d46e4730d0238db6bb39a669,test,maps/0106673.npy
106676,Edge-Loc,lot7259,55b84cdc7bbb088359ac1737872817d3d31f4da9a8c48a402c387014982d8c34,test,maps/0106676.npy
107038,Edge-Loc,lot7274,c95641dcd4a44cde63d789040810e2d1800831df9d0f40646c517a50e2207fed,train,maps/0107038.npy
107531,Loc,lot7310,6784331fefc1829c4a00760e077f5a4f0ee9be98ab21d5087faa6c344d4a195f,test,maps/0107531.npy
109202,Edge-Ring,lot7397,309191ee3b0c35451f20cce1b126d16f2cbe1c2d7a5c356254fa4a89c70155e6,validation,maps/0109202.npy
109204,Edge-Ring,lot7397,6bbea24ad8111bb64637607205da175dab435e671ca4b7fba94c3d4faa8a6450,validation,maps/0109204.npy
110259,Loc,lot7464,cac0afef2d9cf5bce9c7924cdd2a6cc46adb4448a7ea6b473570e7bb6036ded7,validation,maps/0110259.npy
110267,Loc,lot7465,4099700f0bdaf6ccf3604b81efe451d86b59fc4340042b5d46fa205626a0f408,test,maps/0110267.npy
111786,Center,lot7528,50ae9080fe5bf3f872e6c701949926cf3da709c9f8cbb6442ca7a72283902c32,test,maps/0111786.npy
112378,Random,lot7559,01d6f3f67fd346c9555d42eb935f844df4323c402f442f8671c9e2a4364d2d59,train,maps/0112378.npy
116172,Random,lot7741,719d0e3489dfce4bc639cedbea96729958605241037e90c672704cd9720c7a87,train,maps/0116172.npy
116252,Donut,lot7747,6edf806b2cd2da8cc1480f0d3be54bcdbe7877c99bd963a9077679d8447adbb2,validation,maps/0116252.npy
116254,Donut,lot7747,9080176942fb9774d070dd2889972a6c0f5c450c897936e325ffc380fd36cba2,validation,maps/0116254.npy
116255,Donut,lot7747,9686213a4bd8b63e866cb3f86bc5db7d2b387d1438dc0fcd481864762835fabd,validation,maps/0116255.npy
116256,Donut,lot7747,adccfbb8f8e52a16fb058f5d8783b87b523917ee6fad463a7f5f1c286b45da09,validation,maps/0116256.npy
116258,Donut,lot7747,11cc24ea9ad3017cdf5bff4547341c2e0e7ba7d8c2f6bd469a82da95f9856544,validation,maps/0116258.npy
116260,Donut,lot7747,9ef64124a56482993d96984a794fdf1093a8d49ccace85d93a4d7d6e1134df23,validation,maps/0116260.npy
116263,Donut,lot7747,3f64b4cac4b8123b5de5f7e998656ad12872fdbb93be2c70040e27820c3e8ef1,validation,maps/0116263.npy
116264,Donut,lot7747,b7a59dc96e1f55f73a3a56f58a0f686ea6371122e75fd378c25b874bbe9fc3b0,validation,maps/0116264.npy
116267,Donut,lot7747,bc5fdb3312b034335454618ebb66442443ebc5cd986504fa08deace158c74c45,validation,maps/0116267.npy
116269,Donut,lot7747,7ef91186b323cf73f8dae017950f5d6c62fc6c83864a444ff57ee9c07b48d904,validation,maps/0116269.npy
116271,Donut,lot7747,bb725610bc7bfa87d59e2a177a85c658e4a07da6e61d208e5f795ba73ff26734,validation,maps/0116271.npy
116761,Loc,lot7791,d6c471c54a346ca5ea6500b4b096944718732ae1d870ff04d26011dd971a9913,train,maps/0116761.npy
117092,Random,lot7805,8eef286dbc3579fc4a9e71a8203ab040099bfd932458a88291a51feb439bc784,validation,maps/0117092.npy
117478,Random,lot7837,c5f5aa8e3397f8c300ff069861419d22ab41e4313bcd85e3c066168d12966d5e,validation,maps/0117478.npy
117514,Random,lot7840,13b6b86c2285932374cfdbbbc6e8872e5a33a39e0e3a046c144ad66feb146472,train,maps/0117514.npy
117747,Loc,lot7854,c58a7d25c6f01e83ad3b92954acc129d969454a20e329666864743b4ea99ef4e,train,maps/0117747.npy
117856,Loc,lot7864,8e69856c518ae4ba4cf250ad780ecc6f178184caa4d44d5e221aca13104238a4,train,maps/0117856.npy
118042,Random,lot7880,8267c2945e784ec4f2efe077de6f0053bb9ef008b143b1688958aa6459fd7bdc,train,maps/0118042.npy
119033,Loc,lot7994,68e7bc190958d4d966aeafb8e862d396a509c4933b56af5a9f44822c9bba5a92,train,maps/0119033.npy
119092,Loc,lot8006,88a546bafbaa147d05dd4f4588a0ef497d0cfb702896a9c3cb3f6eaf1c08254f,train,maps/0119092.npy
119783,Scratch,lot8049,cce565b931f4174d1abd453e064d3113a8fb1175bba691f6f12daa0ae49444a3,train,maps/0119783.npy
119933,Random,lot8055,dbc1561e25ebd87623828bf275241f16c045bcee253479bff78ac7011e810fd0,train,maps/0119933.npy
122203,Center,lot8153,15e5583d51cf97582166bc3849dd6d270d63799f067d4968f57eab2f07faafa2,validation,maps/0122203.npy
122242,Center,lot8155,ec2eea0cbd5d40a40b6b5e4163a82719ae528f5bd019cd12e16b50d37f49f241,validation,maps/0122242.npy
123151,Scratch,lot8193,71f6ec59e244c9e3090ae27c35017b68ec1cd076998b52607cf2b9918d5dadca,train,maps/0123151.npy
123401,Center,lot8204,f9eca9be2f60c323a0a6b2834ed1100ec26f45ae95495ea45c151bbf5ba1c1c5,test,maps/0123401.npy
123541,Random,lot8210,631ec062195d5456465ccf3a09d4dc7c76de226151418bb085c1d0b1c617c604,test,maps/0123541.npy
123598,Random,lot8217,eb6ff3f21e98e52a3e7f002b2971802f355bbaf7915019a5ad63fb20f3a14ef2,train,maps/0123598.npy
123652,Random,lot8220,b49018b46cfa8184503e98cddce3feeef091d0433a4e971ef9a86d37c40b3c3f,test,maps/0123652.npy
124695,Random,lot8269,4b36d0f288862c8f18b301b6026b3701d3dd7b0b23fd39cf548517c382300b72,validation,maps/0124695.npy
124696,Random,lot8269,52ad308cef728145f0a907550314f4dd77084aadc9cd189c107ecb39f1f5a378,validation,maps/0124696.npy
124697,Random,lot8269,c39f36d8ddcd269d2dc7702992eafeacc02c18709cf96e259465193be9e3d09a,validation,maps/0124697.npy
124698,Random,lot8269,e874080af9550f3fbe2d53a4940715a617e3f9ab5653b94a06db814a89a0e8c7,validation,maps/0124698.npy
124703,Random,lot8269,a093bf7d9eb3aa2f80aa9ed6e39929175497e2c6181ad0225764f5c2e9d4d561,validation,maps/0124703.npy
124704,Random,lot8269,d6fbba6e20b7189e9a7608bf9c1f116e7158a7b2a0885584ed8018434dacfb08,validation,maps/0124704.npy
124706,Random,lot8269,00f2445d117b0dd4189d9594a707979de695cf5696ef17d819268c659573035d,validation,maps/0124706.npy
124718,Random,lot8269,bb5998dddc91d3f2039deb962335f28891006e02f86e79c65d756ac37b356499,validation,maps/0124718.npy
124722,Random,lot8270,eee6c44f410737407d3654583ee6c41eddb1d93a438ef69b6c021ec442833fdf,train,maps/0124722.npy
124724,Random,lot8270,5e5676b5f2dc58830e5af19363306578660156a3d96682627bbc387e6da52bf8,train,maps/0124724.npy
124955,Scratch,lot8279,6f3e942661ede8fbbc53d661de84d15c6cf74ba67f7367ea3b5482240ed66116,validation,maps/0124955.npy
125005,Scratch,lot8281,761018830f0c141d792342ecc0240f32080ad74132a576e56a79462a56d831b0,validation,maps/0125005.npy
125548,Random,lot8303,afccaa47612afa66e9db0568cc29035ecd5f6e977bd64402a9a503ae4ce81198,train,maps/0125548.npy
126067,Loc,lot8329,c616b1c1aa24d927718c8ed3f7cf4cc513a08b58d11436df12db029455164a4e,train,maps/0126067.npy
126397,Random,lot8342,05980842a6c9ce108a664ee3e4bfa200c098a5b0b45762fb272694fab5b68ff6,train,maps/0126397.npy
126422,Random,lot8343,a308878261b9186fce277569987398734f52330b47999c03cb57d033e80b122a,test,maps/0126422.npy
126805,Scratch,lot8359,42631501fbdb1635955796527288a85173d7f236273f6b80aa7efbe177172fd2,validation,maps/0126805.npy
126851,Center,lot8361,2da07f999a416ba138130673fe26a8a7d01485af01cb9a6f029f54a94b59eb55,train,maps/0126851.npy
127042,Center,lot8368,a540bab964bbaeaf39a34fad04235be270dd038085481a4d4f06d4c79d113198,test,maps/0127042.npy
127067,Center,lot8369,68e575c7ec106db910ef04833e6012237e8c298a1e1894e11e6eb9da7e2d4e72,train,maps/0127067.npy
128861,Scratch,lot8454,dd1edff23b3c41c387fc612c4c839539fd141774e31cf2949f51d3dd731c38b8,validation,maps/0128861.npy
129086,Scratch,lot8464,e25ac7d89f1882df97c3379ee8ebfdbb52438534402b8cdb9a11b2ac543ee982,train,maps/0129086.npy
129192,Scratch,lot8468,9bc0eece98ee9b4ee2b4cbef5119b55e677b7bde6e80cd9650d717ac0b60a022,train,maps/0129192.npy
130676,Random,lot8538,219b6853292783762138d75b03456bb2dcce062ea9175bb168fdd6360243bffb,validation,maps/0130676.npy
132032,Center,lot8650,d969cf3381655e4560269c4ab32dfc92cb9b92b9dff37f588d0276890b0a7587,test,maps/0132032.npy
133596,Scratch,lot8773,75b3409610a57bfa35cff16b524efe39fc840e966f575c0c0c3589a65a8dcbec,train,maps/0133596.npy
134694,Random,lot8818,0c1d410637f34b0c513b6203e2116dc2e0371c22a0f500e5037d8821d8cf21e3,validation,maps/0134694.npy
134695,Random,lot8818,7741ded7905f1fb728483de99cc6d288ed0ca93cd986722237b1d1ff1420aa28,validation,maps/0134695.npy
134718,Random,lot8819,e6f7281132eed12ef2405755cdf62f33ec9495a08b4d9dffc01029ff6e85af43,validation,maps/0134718.npy
136053,Edge-Loc,lot8875,ee0ec9631a2240f0ca259fd10905c305ac5900e359f3763da5d9c5fa87a7f573,train,maps/0136053.npy
136964,Scratch,lot8915,d9424a40a172bc267b693bf65d8521f3dd1afddc58105075bd1ea409ba4445a2,train,maps/0136964.npy
137623,Edge-Loc,lot8962,9fa6d8f88d9b89e82e2c199dcdb3915a3d525f62cb966849c6819062a20b4663,train,maps/0137623.npy
138391,Loc,lot9012,999a375d1e72827d2a493e9f6d3a86029fd77f962f3f69db0f324bfcd215ded4,train,maps/0138391.npy
138440,Edge-Ring,lot9015,17ea218cfa547072a79a761e84f3a3f41becd1f8a1ecc8c8199fd522edf2de43,train,maps/0138440.npy
138808,Edge-Loc,lot9037,63d74da15faa6689acbb478c5355062bf63b14aa5e4e16ccefb31f40949d8e03,train,maps/0138808.npy
140175,Center,lot9105,b689e066ec6207c40f73d793a116b1ec587369761d728274522eab0d72608d3c,train,maps/0140175.npy
141206,Edge-Ring,lot9147,e9c31f55d30c7ac255659e328591e127975cc1855af29ce55a38f47207a07ef2,train,maps/0141206.npy
141223,Edge-Ring,lot9148,d878a6cc57d1e618346273f5769118270be9fa1e4306a4231a82247e84227212,train,maps/0141223.npy
141291,Edge-Ring,lot9150,25c9bd8e6eb4dd10f1f5c1a4b1f3b86ed23c74f5d64ed9e628de89c3cde5be14,test,maps/0141291.npy
141298,Edge-Ring,lot9151,011f97b8cb55b87d2eed97e27ec03374beff9eef60aee27e0cdc371aa75edf8a,test,maps/0141298.npy
141325,Edge-Ring,lot9152,fca0ffe31aa2e36c12dda19628167b53e930cb698e63123a0061c4b5ab12559c,train,maps/0141325.npy
141333,Edge-Ring,lot9152,58c9c3a2664e3a7416b73ce2e76ee3d77376122368f5f46f1aaf6f28dd2eb063,train,maps/0141333.npy
141361,Edge-Ring,lot9154,976d4bb8e2e2556219643dfb974fe76d636da650cd9deecf5848792daa0d4b3e,validation,maps/0141361.npy
141383,Edge-Ring,lot9155,ccf5fc09fd9afc613c24c08203c3ff903c4eb6d4bc29b5e179a66c4d3b9fe246,train,maps/0141383.npy
141401,Edge-Ring,lot9156,47dd68aeb3502c0459f6b227f566e2925e228aefd2271ef3e2848e736bcb685e,validation,maps/0141401.npy
141412,Edge-Ring,lot9156,4644175f9b814a4bb9e35d6cfad8c4403cd117d0ac6b2702fb733f6c7d199530,validation,maps/0141412.npy
141416,Edge-Ring,lot9156,918fef70b3bf72c9d3d01534dd7de299fdd0eebfc16ed677c9cf0d0433ff5a8d,validation,maps/0141416.npy
141417,Edge-Ring,lot9156,f2fafcd08e9c567131bd4a6c8031c12b1a55ae89df345fab44ab588fd45f560c,validation,maps/0141417.npy
141419,Edge-Ring,lot9156,d256f8daedf10356a3cc0960b4ee3702a494e118822919df02c5c9f43b276337,validation,maps/0141419.npy
141446,Edge-Ring,lot9157,d4ac86cdb4e1e2e0cd39cd3981f7241f351e08345a51afc491c6113f0de8e062,train,maps/0141446.npy
142524,Random,lot9216,80bd738bb6ce599eeaed3157053473200c43df91e35b8a43657d74fa5e345415,train,maps/0142524.npy
143953,Center,lot9291,cb32c26c3a7e4826e5a8f658256a6204b183d580ea96df3511784ed66c7ed59f,train,maps/0143953.npy
143956,Center,lot9291,f66ba0b0dc549dc85fafa39eef31e9511a7403acd545a439bbc24d803f501873,train,maps/0143956.npy
144868,Edge-Ring,lot9333,397c7c8434ff1a305d7c66fb3d9d13538e78dc240627a3f5d89f123c361b3b15,test,maps/0144868.npy
144926,Edge-Ring,lot9336,92f6f42c6bf6b077744e4f8b685f2bb379ca3fe014bc082b3661ec03b330a918,test,maps/0144926.npy
144928,Edge-Ring,lot9336,04148e53a4039bc72e9aa25fb4034118f5c65d37a283231ddba3f17a23cf0a85,test,maps/0144928.npy
144944,Edge-Ring,lot9336,4b1439739ff6a3352f9133e2f0cca4a5d563fb8a4967c33ee632c8e8b65b25b7,test,maps/0144944.npy
145131,Edge-Ring,lot9344,4d128543d9cd1b982f431d6c74cf8bee247af178dd0d38e6d6318240ee74e341,validation,maps/0145131.npy
145219,Edge-Loc,lot9349,678c77da603f1d89a72ea7c22444f0b5322730198b91d5df26d98b213f64a6cf,train,maps/0145219.npy
147273,Loc,lot9439,45e3ada581413c41e60d923e205568c8c6a8f2632c7088b9b42a9334541e0c01,test,maps/0147273.npy
147359,Scratch,lot9442,14f5076fd552f8d2d80b1a3216cf7fe3a4f9d2838642da4114d02fb848c694ff,train,maps/0147359.npy
149401,Loc,lot9574,782340ef3a45ab61d909b8a78c52ce35f1abf1510d5f802f68f6622d7a2220dd,validation,maps/0149401.npy
149402,Center,lot9574,a9e574d8a2b80019f37313007083f5888a6922a100205a765416375b92084553,validation,maps/0149402.npy
150649,Scratch,lot9686,add9d641d0ccf821ebbddddf623024fcad3838271907f4bc6d85828bdf69ac65,test,maps/0150649.npy
152946,Scratch,lot9921,a340f04c4bc1a81a29f51edc7fada7d65ba6b9ac3c09fd9a1f0078789c554ea7,train,maps/0152946.npy
153542,Center,lot9973,49d262ad60b20db1efca68d6b112450ea0966f50099757f8ed0cddd5f068b9b0,validation,maps/0153542.npy
153594,Center,lot9975,bc7cccd55c12839a600de8a8546ea36a0cd645ab387db3c83ccc2936560d8b62,train,maps/0153594.npy
153922,Edge-Loc,lot9992,c1fdd6cca05f9bc1affb1d8d220210738cd34a423ae378d7b7f2d0e2d1c81a9d,train,maps/0153922.npy
154171,Center,lot10006,e970cca562bc82c5c94cf500cb683e6f5b56acc4d93d5be8597a6d9e31a0ac5d,train,maps/0154171.npy
154232,Edge-Ring,lot10008,a854f99e2aab710ea790932159b329928ef77a8777aa97aa54dd39013d99ecce,train,maps/0154232.npy
154264,Edge-Ring,lot10009,8e55fcd49b3b0c905f7c0b2d881566932db261e270703d9e707cc0c24892a76d,train,maps/0154264.npy
154717,Random,lot10049,746f8541d69002fd38d81c2665aa92e9e4e65cb25d5da29013bcb3cf1e301204,test,maps/0154717.npy
154732,Edge-Ring,lot10049,e749909066278418e0a7f771d9e006b2bd0103dd0bb5a227d2d64ebd6714fe73,test,maps/0154732.npy
154759,Edge-Ring,lot10050,7d0b3e0a3df25a6a784f76761320a0524ee7016bd2224c4adad8f0a163444027,train,maps/0154759.npy
154774,Edge-Ring,lot10051,499e81cf5aafb98cc6afc62a06a6c439f325802e56b09584ebea115e46c436b5,train,maps/0154774.npy
154779,Edge-Ring,lot10051,b1d8ff8e0558aefde9928616e802fc124b50b0ab9a2f4440d239ef52db8e3cd7,train,maps/0154779.npy
154780,Edge-Ring,lot10051,0abeff901f22a02044a37fedded8104f7fda5cfed474bdf4b933017ee325edac,train,maps/0154780.npy
154785,Edge-Ring,lot10051,6bb81e8bd2b4c05fb6d54781b180fb70f7e5199c11fc8f6b1996decad75ab1b8,train,maps/0154785.npy
155169,Center,lot10067,5991419512e31f9765ce91e7c001247118e84f0202ae94cac0151531ca59ea45,train,maps/0155169.npy
157621,Edge-Ring,lot10182,c968d960b6befcd8f034d30e895e18505a57f2e8d1443479ae3f4ec6babca987,train,maps/0157621.npy
157625,Edge-Ring,lot10182,1a4be59f6c81ebd3be2a91637492423fb1666e81cddfa5ec55ae69d8ff464398,train,maps/0157625.npy
157668,Edge-Ring,lot10184,29e45005900ba59059dd2331937c742c45aac0856cd3854c9ddea7277d501b9e,train,maps/0157668.npy
157685,Edge-Ring,lot10184,57eb9e4b9dfede9ea2db482e5117f61a65c21d9dbdc62316e1a121caec2f461e,train,maps/0157685.npy
157687,Edge-Ring,lot10185,3fc1f3ecb31ce88b213a013b280f5d70a474c746299a0091f9ebf8231f9de79e,validation,maps/0157687.npy
157713,Edge-Ring,lot10186,d173c2cceb36d8cec14320922e4eef1078b339dc2e6aecae0da1a7e403e1551b,train,maps/0157713.npy
157724,Edge-Ring,lot10186,b5ef01bfa34615ae673dd6d4ae84146487a9c71ed9552dad8147c26797d4cd5b,train,maps/0157724.npy
157734,Edge-Ring,lot10186,688a7bb17b08ab17973d9b989762fa892b85a7ac7771116d1100f6d5743b40c2,train,maps/0157734.npy
157779,Edge-Ring,lot10188,6e1b6b220190f8581f71ef9cd3c4a882d394f6cb977b41fba9401e86a7c1f6dd,test,maps/0157779.npy
158966,Center,lot10236,bbdcd78736652971b37b4884665d1fcc5108aae9e8f38be66f0c436d8048637a,train,maps/0158966.npy
158969,Center,lot10236,d58238d01fbd36c3054a256dc93eaa256116b47747bb11ac1a61cb47df4e9ccd,train,maps/0158969.npy
159014,Center,lot10239,69c0f96c4fc6d7db45f2dbefd44f0eb6152eebc5e42424bded9096ebef3c6596,test,maps/0159014.npy
159031,Center,lot10241,5326daaaa866d752dcd67667a0d0d5cd45ff9ec988cee488b7ad07f8fd82a671,train,maps/0159031.npy
159037,Center,lot10242,ed42725b5cdb482a39908c177ae3b8889736806fe50428c1ff87c1ecf379a4fa,test,maps/0159037.npy
159040,Center,lot10242,2712cc99b0bd54989e5b00b9dc15c682fcdafc0bccc835d32d355cd666d1c696,test,maps/0159040.npy
159365,Random,lot10267,a4894286a03362d74142eac0ced8ae8e3fc19752e5d5749a935473c655155e79,train,maps/0159365.npy
159387,Random,lot10268,c2585e2cfa197f13aaaed5174babbfdc4145cd94ea1eb17b03d031b888f8d602,train,maps/0159387.npy
159535,Center,lot10280,03748bda5e269eaa5450536a2bc1cbd371545f1d187233f64802861684489dc7,train,maps/0159535.npy
159660,Center,lot10290,dcfd2f06066deaa7fa28153f80325e733a71b88a524bf5f48a9fa9483571f99c,train,maps/0159660.npy
159759,Center,lot10295,ba9d02ecdd66a57bb0c84fe7679f83b40e44dacdff1a78f910ddcc45417395b2,train,maps/0159759.npy
159762,Center,lot10296,9258efd3b40817393b16499f1486006fecda17fb9eb6dc47f35b7062d1138330,validation,maps/0159762.npy
160237,Center,lot10332,ec2e5bb8fc5ef409e853b51811015ec84ebd01d66d3c7e97304ee2e16b2134eb,train,maps/0160237.npy
160578,Center,lot10355,71b84f7600410d4ae8d2bfd0bff34bed74238562be4bec00ae365a4c671c5ae2,validation,maps/0160578.npy
160879,Random,lot10375,6408c9c3f8abdf8ec328826ba19dfe4e2ef3cb3600f1511a41e95d1e29814523,train,maps/0160879.npy
160882,Center,lot10375,70fc313d2195957c465da1eceda616520cddb5028191817be24f8d9e6cf5b3fe,train,maps/0160882.npy
160883,Center,lot10376,1eb3ef7e2a5a4b22832c194a94c42ed6a7301759b5c09d0842f03001287ede27,validation,maps/0160883.npy
160895,Random,lot10376,04e807e87593042b43d10478cd7124b8e688588556a666d845c06784d6644c73,validation,maps/0160895.npy
160920,Random,lot10377,411b79a6c3900f1a428ac03d4c38d1a935826521dfa7ba6a9140be3c6b9fccd1,train,maps/0160920.npy
160933,Center,lot10378,1d716b22810f9e939b47ea585240865fcfa388042a1a5ca0fc73a6271190f637,test,maps/0160933.npy
161163,Center,lot10396,dd31cc92b3acc077fc5c57d9a526ffa0e85884703860f9a2eb307cf3f5d3bc02,train,maps/0161163.npy
161672,Scratch,lot10427,3be4864821374bfa1ee2628531f44205d850f2e9995016324c2dae007f8cb675,test,maps/0161672.npy
165617,Edge-Loc,lot10590,cec9d0e9d6e7bb7cee45b9605aceff11205b182f4d1f62dcacf104e6902247e1,train,maps/0165617.npy
167314,Scratch,lot10661,0cff41ac7ec95a00b9056ca49c3d14c7dd68336238237eb8a24494a890f2ed4a,test,maps/0167314.npy
167927,Scratch,lot10696,27da12203e468577dd455fbf5a3f5b58a64641a4c0e148c92513b3a7760c9ca0,validation,maps/0167927.npy
169187,Center,lot10823,232fb29fb46303b4c1e73ec1004e4068d99a9cfc55acc4130371fb7399e139eb,train,maps/0169187.npy
169474,Scratch,lot10846,809744d347c85b34cfd18f4501bdbcbbb2569c83ac9c5cdc626941df43952a9a,train,maps/0169474.npy
169696,Loc,lot10855,b8a686ccbb0ccc745f87906dac1075e2082496a79e3a66adeccd1dc47e79858c,validation,maps/0169696.npy
170383,Scratch,lot10900,e8a0881c88e1ec51c6ef653d9890637cd4d04123d2f3822943d1fef7ea235597,test,maps/0170383.npy
171063,Edge-Loc,lot10942,2f6ec94b99bfbba76f5a96a92606f1009b8f9f5189b1df59804651ae5eb11be5,train,maps/0171063.npy
171065,Edge-Loc,lot10942,b05cd6d4ca55210901c09e409f2a118faf7c352e229d09f1fd43e6622c7306f5,train,maps/0171065.npy
171317,Scratch,lot10954,b9c8acc7f1d4b2948d623fdc2f262ca2d752c50a5d332c613652468906ac6135,train,maps/0171317.npy
171330,Scratch,lot10954,3ad73fea5c1ea2b59bd7b58f1b126f0e8db68bf46ed2f5c69bd6e39244dcf00c,train,maps/0171330.npy
172051,Edge-Loc,lot10986,30119cf717010976b4a681483e23921ebb1b78ec37b5fbeb8da1acb32d391a63,test,maps/0172051.npy
173814,Edge-Loc,lot11100,5e0696853111fcfdbd5faedfbf50b0dc01d78106d36f583192eae5ed122a7a62,train,maps/0173814.npy
174217,Edge-Loc,lot11145,133e9f17fe027e0e8ad683ad42a8def3e0eaaaad280bc55bef1e6715cc4762fd,train,maps/0174217.npy
174334,Edge-Ring,lot11150,e7e72a772f19617ce539b215d87f11ee567504cd9b48e6f2de2d43dcd7fc60a5,validation,maps/0174334.npy
174346,Edge-Ring,lot11150,51768edc32e04bc65f47c59c40232806d6ce13f070d6fa8f92daeafb646b4bdb,validation,maps/0174346.npy
174854,Edge-Ring,lot11171,77c068ddf44bcbd21fb9e29e60cdffba7164605473b7ff2483261591b5dee750,train,maps/0174854.npy
174855,Edge-Ring,lot11171,fc47b5e88b5371a3fab3dad7abb4512cde2b93f7d5783ee3aa6e84e6a0b711a2,train,maps/0174855.npy
174882,Edge-Ring,lot11172,6bdd23c69be66d575b0895dea1043b478451db9c6bbafdf4529fb56347be0220,test,maps/0174882.npy
174890,Edge-Ring,lot11172,1e0a0f49bde6ba316010ac172fda7c6d7910a0241778dbdb54522c9243cd22b0,test,maps/0174890.npy
174898,Edge-Ring,lot11172,40d570630475cd50dce25932c5714ccdc2dc078d6b55b4bfbde86a7a8bffc00d,test,maps/0174898.npy
174933,Scratch,lot11177,723402e8a59b958f6d8e5ba84038cddabd831b22dfda15bd02550db5cb714f73,train,maps/0174933.npy
175068,Center,lot11189,fbdf7f2e89d786d47d72518a8208f87ffb31036152e0787b8be97d9bc2d4b950,train,maps/0175068.npy
175224,Scratch,lot11203,1d4d4f2e43b2499b557953e6b96d6cb880a2be22a743e99393079580e30f2374,train,maps/0175224.npy
176447,Scratch,lot11273,391f6cf3cb86b50db884e500d0e4725118b19b8d55f081f8769b1d358533608b,validation,maps/0176447.npy
176777,Scratch,lot11300,f3ec38f26ee54ffc3a9e162f66b85e481d0222222a3deb912446f303bbf2b8b2,train,maps/0176777.npy
176803,Scratch,lot11303,cbdb29c24ebb437b52f4eb14f9042f66c0044b53fe7fbd8902673ac5143f9570,train,maps/0176803.npy
176905,Center,lot11313,da1eba0c1a6c6c8f728c8ef70dc0edb8e8b2321fb9b6e8b7dd9281c266bd31b8,test,maps/0176905.npy
177295,Loc,lot11344,bfccd5eed016b959bbc272321d13e7d04049f8e66b883572d5ede0d406a864c8,train,maps/0177295.npy
177634,Center,lot11378,faaa3b319606f313e92e7e6afb00a0f5eca217c3e2f19653fc826e43d5e5ca91,test,maps/0177634.npy
177650,Center,lot11379,e067d17b5b806943e0fbfca921c9a3f83aa1a0efa75acc09cf59beceb9315033,train,maps/0177650.npy
177891,Scratch,lot11400,2514570b7aa2af5b9e3525802e7587bb02092de14fa51e44f7a9ffe83da67dd6,test,maps/0177891.npy
177975,Scratch,lot11405,773a1092e85ab205f2dc0f6143640f9f7bb2346afb0f9f66598f62323ae1d9a3,train,maps/0177975.npy
177992,Scratch,lot11407,59e4d76f8a62db4b9ec2c686d434f9424ab0c9979c28ed049b2c42314e5f84b3,train,maps/0177992.npy
178013,Scratch,lot11411,fe599979cfca2b3d92acd1d1b071bde7893675d8789a47b79d1c4c6013b8ac0f,train,maps/0178013.npy
178014,Scratch,lot11411,bbbbeb4b51508505affa0393692c0e71cdfa4665a858b0191615b9ea272f0c9c,train,maps/0178014.npy
178268,Random,lot11432,824e1f04668c7f3f2a634fdf919dd822d6b3df76da613c0f98da69eb5c6ef380,test,maps/0178268.npy
178269,Random,lot11432,5ea0795b5253824fbd5708613b58563850bb4f9b8f31a9da2abcbb5024c8742c,test,maps/0178269.npy
178279,Random,lot11432,ceb180df2db1e75d5d24c7e280559b0ac04ff31fa6a8ab7f93fd4e7d0313df96,test,maps/0178279.npy
178281,Random,lot11432,030d7e572fe499e6b0981a6ed8239d56ceef169e2c1676e3b8dbb43afccf0b1c,test,maps/0178281.npy
178386,Scratch,lot11437,7ff2f908138f270270fc3ff715cda4b78b6d8b29570b6b52f6a494c56526d978,train,maps/0178386.npy
179089,Scratch,lot11467,620b8040ba3b09df621b6665c743d13aedd999a5aac2fef7936e346b743e231f,train,maps/0179089.npy
180208,Random,lot11514,f0891ddf947525f5aabeec0eb7f6cc6a285b38480b5d676d698f05d707066539,validation,maps/0180208.npy
182020,Edge-Ring,lot11590,5f694efad3f0157a8bcbc8bb9cfcab52e072060b0d4c6abf883b7723a1c39611,train,maps/0182020.npy
182601,Edge-Ring,lot11630,04abcc2bd537e38ab3931400b727a2138430011e90ebd60d9e722c4b2e4e1eea,train,maps/0182601.npy
183221,Scratch,lot11671,c08830d4cfbaf100b839b26db5f43341521718ecb1b51a43bd3bfb0744a033ba,train,maps/0183221.npy
183691,Edge-Ring,lot11690,065a985d2f642431832cf7d53cbe8e06f77457c537a1a7f92ad3b36643d3f975,test,maps/0183691.npy
184993,Scratch,lot11755,de0d25d122c584d1a462b462929b33ac266f9ab0978e2bd4e713b956ac286bf4,validation,maps/0184993.npy
185028,Scratch,lot11756,ca032f2d344c7891eee97718bb72f9554852392592f1bc71209c5424e19fb4cf,train,maps/0185028.npy
186322,Edge-Ring,lot11843,7c290e38e3b8cca588959d0e42b43c3250733434207bb70af12e56c13caee1af,train,maps/0186322.npy
186622,Edge-Ring,lot11855,0aada7c44b83f96f95148e972263a105b44a73d169aac3e37ffa945b29c96bfe,train,maps/0186622.npy
186634,Edge-Ring,lot11855,423f36056dd6ce2daa7f8c317edf1e272c098f89a706ffdc77eba14d668322cc,train,maps/0186634.npy
186658,Edge-Ring,lot11856,b24c99e7ed184b9a0b8681baf529f951ae111b1db3baa4fc0010470aa1e383c0,train,maps/0186658.npy
186682,Edge-Ring,lot11857,d69f2236916b0cfd4863d975a9f40bd20b8acb5bf59d65d770fe1a4ce898dd16,test,maps/0186682.npy
187102,Center,lot11876,ecef952162771005fe9e7da2f8c115abb57364642c87a97e38d8b84ca26e4df7,train,maps/0187102.npy
187183,Edge-Ring,lot11879,7d80b6b25fd7bbefbcff2305f7ae27fe4ad0926c14169f5393a289d70c845b2f,train,maps/0187183.npy
187191,Edge-Ring,lot11880,bd1f9ad85d6e5d15190a1f97df260944ef87a29ee2ed49c607c2278c086417d7,validation,maps/0187191.npy
187211,Edge-Ring,lot11880,e45976e53d0c7a97dfe30d1e9379cdd02d72e4cb943748cd62bb3e86988cc37f,validation,maps/0187211.npy
187287,Edge-Ring,lot11884,5d037ab6da99320fc825b7ce89506b180373c69237dfbd35b17f4a3cff98f01e,test,maps/0187287.npy
187292,Edge-Ring,lot11884,ff09be731286c4eda598c9fedb0041ccb0e91923cd797dcce0cc57bb3f149bc8,test,maps/0187292.npy
187560,Donut,lot11909,0ca6f7c727adec2a4739d4c4f2eb0555a1ceebefcc9fc9600f5658a9b0f5882f,train,maps/0187560.npy
187563,Center,lot11910,5366de9c32ee1874169ede07e564aaf9b2511d09b067757ca6d077bead23a426,validation,maps/0187563.npy
187567,Center,lot11910,65bb5aadb1236092a1074dd765347266092526fbde2cc8884c7aa7fde198d624,validation,maps/0187567.npy
187570,Center,lot11911,16655ab47d134404ba2049a8c5a536a3d45ff1e6f9e332bd8372fa62324adeb0,train,maps/0187570.npy
187573,Center,lot11911,276e8fef268742bb7250874712fa948f3f640e9f65e0d2841d411c4e5ed3af75,train,maps/0187573.npy
187785,Edge-Ring,lot11965,6566636bbe30a3901faf659a5dc605c728b9b5d78768564ad1e6487100ae5c60,train,maps/0187785.npy
187786,Edge-Ring,lot11965,2b0f3895e6ed85c853bb40888e034a2f55393ddb11996226d1d263445111e8de,train,maps/0187786.npy
187804,Edge-Ring,lot11965,ace09826b9996001b1144666ec438a7c8770843c5d0885f06719e59107e0a2ea,train,maps/0187804.npy
187831,Edge-Ring,lot11966,e9b175bfe2dff95d5022635f8bd3936f747e15507e983e1cff3cd37d9975d142,test,maps/0187831.npy
187890,Edge-Ring,lot11969,fc7a4e268134585addbeddd84670f55479a71aaba557f8af348b250bf9a19c00,train,maps/0187890.npy
187891,Edge-Ring,lot11969,1424f32994b4ba9f3bd53daa3bcb8890908b6847af824c1c25d64260ee089b96,train,maps/0187891.npy
187934,Edge-Ring,lot11971,8b2e236464c93cdb669aa21396b6eadb42bf7cebbc92756c3ddd5d22e679d0bd,validation,maps/0187934.npy
187949,Edge-Ring,lot11971,eef705560a6d6f93db73a75e61d35367767368118bf71c2ab12ebacb110214ce,validation,maps/0187949.npy
187951,Edge-Ring,lot11971,f22f5b45e5b333a1729d550a1d58bc308ed7a864fa0cf739fd24907fc5df7dc1,validation,maps/0187951.npy
187952,Edge-Ring,lot11971,383cf4e156b22a73e65e483ce09243b8b623f8038451c8b39fdda40d6100f7b5,validation,maps/0187952.npy
187958,Edge-Ring,lot11971,ce18b463af26b7ada286897b513fadaaccb85ff2fd3ba7dc9c1d298ac74db444,validation,maps/0187958.npy
187961,Edge-Ring,lot11972,5d046c9f73fba3178969ec0a8d60c34c729678e0deeefc455c771f77e877f763,train,maps/0187961.npy
187970,Edge-Ring,lot11972,721c5045fd7eebcffc3ef5e621fa094a2b1d9792e868818ad5fc99092d0eed68,train,maps/0187970.npy
188152,Loc,lot11982,ab5974dbc9b5195b20aa9c3dbcace915c2ac04d22a05861cdc26a01b50229574,train,maps/0188152.npy
188301,Edge-Loc,lot11989,5b694a87b81c015c9f01bbee9130b11f28d5ecd5b3e51bfff2ffd7c6122cd459,train,maps/0188301.npy
189979,Center,lot12075,cfc32cbcfbbf032529d65d111d37589feb93e9f106e43f617d12db609cf47949,test,maps/0189979.npy
189982,Center,lot12075,c2d5517f51797114bc4d0e9b0f554fb5433dcebb0337f063f46b531361285209,test,maps/0189982.npy
191590,Random,lot12140,e6113b08c0cd4f214910dc47e3848bec24b21ad8875b73997a30baaa0a2d34a5,test,maps/0191590.npy
191615,Random,lot12141,40d2c8557b4e865ec7182f9c43998b4cd2379a579d1eabd422189e2912d156bd,validation,maps/0191615.npy
191640,Random,lot12142,29854acf115623ca04613479d11735532ef92239a4fe0602f21c664a576d09b1,train,maps/0191640.npy
193258,Scratch,lot12233,402e66fcb20f238c220a0ad589bf6e2237d48a52f8025b05b49bcc6a38b4e1b8,train,maps/0193258.npy
195756,Center,lot12443,cbb929d5b97b9d0300eb65dea186cd011c1a5dea01cf443cdfb47e3461aacc76,train,maps/0195756.npy
199551,Edge-Ring,lot12743,54e495b1ebf0355cea62e25067a6d6d27b7491dc72a0b4d9cf087278d240e729,train,maps/0199551.npy
199581,Edge-Ring,lot12744,94334b9b985edf27bf5421506ee461c4edb309ebae8e6c94ab4658da5211f5ef,train,maps/0199581.npy
199614,Edge-Ring,lot12746,5163471dbfd2234071acb63817166c1d131b90a70e5131a8614439695a3a6881,train,maps/0199614.npy
199633,Edge-Ring,lot12746,8b79dd88ef22a5d424994fae1848048bcc566ea10d992c3aef6021c2c8bfb3f5,train,maps/0199633.npy
199642,Edge-Ring,lot12747,f2476d238298c80db4f40b0c2ca2cb38860f413bae0a2a2b0e14de87a5f7bfc6,test,maps/0199642.npy
199651,Edge-Ring,lot12747,ed9a61ba08eac85e0c21533138715408d1bcf4328fb0ee14bfee2b94a659f8ad,test,maps/0199651.npy
199656,Edge-Ring,lot12747,e82cff21d1a5a85662c1fc0ad7ebced8edfca340562c90b5fbbdfe4963578a21,test,maps/0199656.npy
199657,Edge-Ring,lot12747,cc5fd7139331d4c80ddeb0b11df5cad5c73ecf4afe77d719b6b74e5600fcb20c,test,maps/0199657.npy
199665,Edge-Ring,lot12748,70db8d9aed27e80175a8d8b80c413017a010cb0b5bfb209926ddab6769f771e9,train,maps/0199665.npy
199701,Edge-Ring,lot12749,284af10306cf718c13f14740719e84df9072c21cdf02306402bd16a51c31c547,test,maps/0199701.npy
199716,Edge-Ring,lot12750,8115b4f8ac43932f1f09ca512dd19930e9dbcb2ceed05c5bc53d6a4c0dbb0802,validation,maps/0199716.npy
199722,Edge-Ring,lot12750,65d2e1f88714d22cbeccd0889f853c334932f854d8a0131a791cf9f3d7314729,validation,maps/0199722.npy
199745,Edge-Ring,lot12751,c2c059de790cbb1c94ffcfc51f3658f4664af74fec0c5e710a970efe87f42514,train,maps/0199745.npy
199760,Edge-Ring,lot12751,38c56661c503c1e754e620a8137427caaa77206e69f7b6667b1ce9a27e3b28db,train,maps/0199760.npy
199816,Edge-Ring,lot12754,6008d92e853f589b61d52b0734c8c18a2a1fd4d2046f303053df1d6e3232b9e1,validation,maps/0199816.npy
199889,Edge-Ring,lot12757,d960e60eab604961c8ab1683ee6e5975b1dbd5d05cb89657a5e855af3cee3813,test,maps/0199889.npy
199890,Edge-Ring,lot12757,5c43c3029382c943c49632fecabafc2d8b4445254500c7563629676ceb6b236f,test,maps/0199890.npy
199904,Edge-Ring,lot12757,fd580c4b53b518f339da394609224085ad3a574ac068d70811dae6247e2ea63f,test,maps/0199904.npy
199909,Edge-Ring,lot12757,a2059db40ec895dc22f3afdef7631d25a5cfefc00455c9ba9663f0af45a2eb4f,test,maps/0199909.npy
199912,Edge-Ring,lot12758,8d949cde52a566572bfcdf3f2efce9366fc627ff1db0e984052fe2001eba95c8,train,maps/0199912.npy
199970,Edge-Ring,lot12760,fd073027faa369490716fbc250e43386a6b666422c154990bc98ca1f459e48de,train,maps/0199970.npy
200078,Edge-Ring,lot12764,5f95b720bd434f1458dd4a8771e4ebf9ab3e17cbe0e5b45ee9c040d2c4760c9c,validation,maps/0200078.npy
200083,Edge-Ring,lot12764,3437640e4ac05408f61b062b223822c10b731d9875d534d586360c1255c1afa2,validation,maps/0200083.npy
200108,Edge-Ring,lot12765,227b24fbeb14643ac89280039fcdaa35152e5c3a1b33255d3dfbca316d6589c8,train,maps/0200108.npy
200122,Edge-Ring,lot12766,7f393b7a791362b470d5ddab9fdbcde883a4f842844c35b634747a2d44cab8fd,test,maps/0200122.npy
200145,Edge-Ring,lot12767,74154f52f5a1f821a1c68c086720a4a2c7e71d1c44a23d973e250ff53bb218b3,train,maps/0200145.npy
200175,Edge-Ring,lot12768,283da68cad413e455e089a3b72c45d1659a025acc1786eae90dee133ad8c7f5f,train,maps/0200175.npy
200176,Edge-Ring,lot12768,5c05d2439e561f90ee2d7a60662cdffccb74e82d968de7991877138914959823,train,maps/0200176.npy
200177,Edge-Ring,lot12768,c5c3f06d311085b3265f4e4fc69194c9eb3bd1c6fdb031aa1c9a49a6f2f20578,train,maps/0200177.npy
201406,Center,lot12847,8d7bd30c75f405d220a937b5aa7455076b102df50ceff0879e4d64cb6974431f,train,maps/0201406.npy
201407,Center,lot12847,b7d1d7ed8dc61bad37f7570eec7110e07a05cb37ee45b682d9fafbea666afe16,train,maps/0201407.npy
201410,Center,lot12847,5125d189d1364c2fa1c47b0f665ac02b665a9cd187f866c559f62089ffe9d858,train,maps/0201410.npy
201419,Center,lot12847,ceb706bc5830b1830b115137b0e2f85cc59b5a133e04d9f4d4005dd498ddfdf4,train,maps/0201419.npy
201437,Center,lot12848,efef6bf2dcec339bb33d39b551b0fd3464de07af4c9d1d5827bdb342e61df826,train,maps/0201437.npy
201747,Center,lot12865,95a495aabfcabb1eef20c60f625656f1d9820bbfc1332ea5fea5feba3fc440c9,validation,maps/0201747.npy
201754,Center,lot12865,e1773e6ee273e678e386ea2057e2fe2ff3e4be22b19a434d9c9cb670a3a7ac1a,validation,maps/0201754.npy
201755,Center,lot12865,dbd8072dc03e4e313f8e715b15ecdacbe5fb055899fd808f4393dec85b811b64,validation,maps/0201755.npy
201757,Center,lot12865,6e64cc61260ab5e881d28e36ccee5974a2f9483ca044a8c206dce1f55dd70a3d,validation,maps/0201757.npy
202122,Center,lot12885,3a2d0e9402ff7808e51a4584148eabe4a7b43c2ed46c17a035c22787e9d0b470,test,maps/0202122.npy
202172,Center,lot12887,eb80833767f32fb2d1133cb5954f6c19e0cfd9b6632d8b0e51e65b264a233a12,validation,maps/0202172.npy
202337,Edge-Ring,lot12905,98181673d4e90618bd92e1ee61684d26a63ad0401431924eab3ade5dbfd0b92a,train,maps/0202337.npy
202372,Edge-Ring,lot12906,551cad1fd874de67bed49c8f82f4805b317afd4c55a8f42dc9b6a4732da54baa,train,maps/0202372.npy
202405,Edge-Ring,lot12907,883ad3dd287de3a819d5010fec0806b45280631d9f3d24038ccf5ebb1b059873,train,maps/0202405.npy
202412,Edge-Ring,lot12908,00d3261334bcb09c14bc4f77f82614d69af20528477af08c4b137ec88e0c6acd,test,maps/0202412.npy
202430,Edge-Ring,lot12909,4049481fc08c1428a6dd7685637f818a7b269de49d60ec33fd01b057a9624a91,train,maps/0202430.npy
202436,Edge-Ring,lot12909,532258fd2091ca97b98ab20cac81f7c6539d262d136259c7fcc231d2c38f5d69,train,maps/0202436.npy
202441,Edge-Ring,lot12909,71453f6bd794e09e410514f04521eb59c05e68fc79a3df5b83dfacae4c2cdae2,train,maps/0202441.npy
202446,Edge-Ring,lot12909,0ec10c00c07c1c6e8bbe3e2821e24d350fdf2f9bb60931e71dd8deafdec58448,train,maps/0202446.npy
203046,Scratch,lot12950,e9fa89b549f6c67a9db2de3d2ca4e4c5df2658b4d855fb37764beea047d7d7ae,train,maps/0203046.npy
203068,Scratch,lot12954,fc6e59629b66085dfef2282ac5b7a5520bcbb17cdd93b9a6d07c8cee81f6875c,validation,maps/0203068.npy
203705,Center,lot13010,c66c43d7a4e51c12f187957e177aca1cafad31f688aa05968a1a305ebef8b1f1,validation,maps/0203705.npy
203862,Random,lot13016,7a68a6b28ba172af4242e69a7f8c20c9cc8d43247847436d391bac57c869b362,train,maps/0203862.npy
203998,Edge-Ring,lot13021,d5b922330d1d1ae5ec09c69a4725acd7592bfe7e4162c12b428bb9288bf7ec0f,train,maps/0203998.npy
205523,Edge-Loc,lot13088,b6f4b601b80d546ec73858331c0edaca8f90fb42bf8322bd3f827f2b91612ac3,train,maps/0205523.npy
207209,Random,lot13176,2cce1e1cb5ed89b4f013593e54c4be36ef0096fd1ab13ba917ffa91e9d85a4a8,train,maps/0207209.npy
210935,Center,lot13461,bc1505d225a67ea80b64ef874cbc3713df19868dccd0e2b309f213e0e9ac4608,validation,maps/0210935.npy
211686,Edge-Ring,lot13491,3e4a5320b7833616ac8f152b19204797e6ba32693a138444e409fa8cbffbd052,train,maps/0211686.npy
211898,Center,lot13502,7ccad513c22fc84d962c4d80e8d3b068db39137f1f293910543dadc06a33a810,train,maps/0211898.npy
212175,Scratch,lot13514,2066eaa1bec25707cb60b17bb9be4d9d2b3fce0b35c356e28bd4918d562e8006,test,maps/0212175.npy
213191,Random,lot13571,bab0f295228853c001ae45cf8883802af1f1e4fc887925e6fd2a20eb6e12ef18,validation,maps/0213191.npy
213870,Edge-Ring,lot13599,8cba41df3cc50924eadb9fa50aef82c88f97e4ab5cb646192fc8924a1d0355b8,train,maps/0213870.npy
215912,Edge-Ring,lot13703,aa094e0681767489a0fd97d1a8436bc5d80921d4ba3e91ae8214bc42a79de987,validation,maps/0215912.npy
215942,Loc,lot13704,266ada5e8ba8d0c54896ab8ba95f881869cca6a1d7c52eca399dcc96b2b54cb6,validation,maps/0215942.npy
216066,Edge-Ring,lot13709,e2b37de97acb575c4ac46b9e59e93f3ccddd162a63c53fde150fd0048572b0d3,validation,maps/0216066.npy
216195,Edge-Ring,lot13714,65cba14fb826262d113fcb54217065f1cc907cc3c0ec9ddada3c99a846c66450,test,maps/0216195.npy
216196,Edge-Ring,lot13714,f35163b0fa81c9acec28fa2ca287879dd172bd37092aff87d2904f8098789a5e,test,maps/0216196.npy
216213,Edge-Ring,lot13715,f0f27214cbe2cc0dc60811b8b216d1d5817adb13a243bf383092e9e33bcf4562,test,maps/0216213.npy
216220,Edge-Ring,lot13715,6e70e09a61528159cd12041895d304d372f41da48cf30817f0dca16befe63a03,test,maps/0216220.npy
216227,Edge-Ring,lot13715,ed51b729bfe06e8d804810817e85de696d11d528ee89896ff4bc001d6175ae0b,test,maps/0216227.npy
216268,Edge-Ring,lot13717,5f5922976fe6b1b30ee7771d7e073d57344b6f8c1f9804234f455e62d6d3feea,train,maps/0216268.npy
216270,Edge-Ring,lot13717,b3937756a49d69fc793a7f089780151d85602826a16055bb1acdbf4d1de0c56f,train,maps/0216270.npy
216317,Edge-Ring,lot13719,9f6999ff3539bd10302fd9d068823b1ffd5851982681f5c22b9675cef7b4c56e,train,maps/0216317.npy
216832,Edge-Loc,lot13756,dee0f37a18b14a76e23ec99d4053c9a0aa91fc9e4b8770c14212acd2d08ea498,validation,maps/0216832.npy
219582,Edge-Loc,lot13893,45ddd2aaf5b6ab4c4dd8000fea735a95714aeef4a38de55be7debb1e4998b3d2,train,maps/0219582.npy
219729,Scratch,lot13899,85e5261c2de0284a790adc27c0df26da2184e38f53b15bc258499e87147aeb5f,train,maps/0219729.npy
219906,Random,lot13907,9f288cd9c0e9183f0a63df66a8ec66c782e428fcfb97d46ecc6be817fd2e3f0d,train,maps/0219906.npy
219907,Random,lot13907,7204bd33d55797bcaaa4584cc40fbbebbe14589bc5498586bebb908068856a63,train,maps/0219907.npy
219908,Random,lot13907,7e46bbbb52b97af0e9384f50e175db95e0a4552584034687a107a8e45487ded0,train,maps/0219908.npy
219909,Random,lot13907,68357ca42799e7c4ec4f025b8457572566b7756394808901f00dc0b698824c9d,train,maps/0219909.npy
219910,Random,lot13907,5fd5c70ac1cbd9ef127a655feb0f65ceee2b41eee6e0b94ad2756ff88c702ce5,train,maps/0219910.npy
219911,Random,lot13907,12150b24e133b54b68811e96f82bc4fff9ba94d693921b9d29ace066da838fee,train,maps/0219911.npy
219915,Random,lot13907,00da799881070d202e4437424ab9c74cbcd87b41600cd1cecbf2eb8de84e96ed,train,maps/0219915.npy
219916,Random,lot13907,2a0dd305cb55c1056ed19e0874d9838492ddbfcfce14a5416bf99125163ce4e3,train,maps/0219916.npy
219917,Random,lot13907,9f8df4e1a9957dd54430d287aeb353ee5923fbb55c7c7067963de09652785939,train,maps/0219917.npy
219919,Random,lot13907,d0d65f2e4c6405c670c3f5cfd301f3165209d730cba96eae417e0b8926d9a5a0,train,maps/0219919.npy
219920,Random,lot13907,1379b4ca259ed14ed153e3ff213f9404168c600f5e371d3ea0a50f2b05e89822,train,maps/0219920.npy
219923,Random,lot13907,0cc061046bcd2da49f341f42d999d6861234d1433273326a2afebf0ca4ac137c,train,maps/0219923.npy
219925,Random,lot13907,c0c77d38ffa51e4e8fa20a33ecb1753026aeb623c3f722cb9b4ec1699c1f8592,train,maps/0219925.npy
219927,Random,lot13907,62e37af9ba05290c9e60c751e32e1306e49318ff7b2601a52922e3917f862030,train,maps/0219927.npy
220236,Loc,lot13920,30c85a7f8bd9c413f35b6d8db1bf7823194e197d16e1d4e8c5b36156bbb95e96,train,maps/0220236.npy
220254,Loc,lot13921,bed21312156dd37e14893fc2479e3eb44df2ae42d7d42d9f1cd472c288acd2cf,test,maps/0220254.npy
220258,Random,lot13921,6ca5c1380602409a7bd8416dbc40679265696d571d282fadf40715bdd9d2db64,test,maps/0220258.npy
220261,Random,lot13921,b550f67eb7bcb9d631a5d24277fe88dd9a9ca27b39b400e90c5ecd2398aea9d9,test,maps/0220261.npy
220271,Loc,lot13921,b88acd3f79b3ecf715b7fe29e2b4aee5ef1b15ab7957a62ad6ebc898bb6a3d6d,test,maps/0220271.npy
220436,Center,lot13930,a406d6844c5c89f8f4e239bf0d1fcacdef117fb86ffad18a8b89f4bd9c2f0138,train,maps/0220436.npy
220630,Scratch,lot13938,60295fbe6e6386761d0cf1bfcd0e62ace36e21bb7a3786a37e5bd36db8f29609,train,maps/0220630.npy
221133,Edge-Ring,lot13959,9df6434492159ddd9c4e592efbb861fb67c8e612b4b40fe36ecf110c10892bec,test,maps/0221133.npy
221156,Edge-Ring,lot13960,d79537885628544060aa8e959755dfa306c75d10fafc690da01bee1a1ee8cb31,train,maps/0221156.npy
221159,Edge-Ring,lot13960,b53da6d67804e6f405fd48f8da1809e86336771c6de0bf5b0d60abd8094705a2,train,maps/0221159.npy
221172,Edge-Ring,lot13960,8eed26586077432b961f45202588dd65c8d27389ca2efd4e8866e1cfceaa5f1e,train,maps/0221172.npy
221199,Edge-Ring,lot13961,59c3984735bd6f3fde26502eed61acc785841e1ca4f02c844e763c4cfa7237f7,test,maps/0221199.npy
221218,Edge-Ring,lot13962,7b9bbf22d42937194baebffa4722769231fb1ad8da840e7622f70ab98ff4254f,train,maps/0221218.npy
221256,Edge-Ring,lot13964,179debfae2cde2bde2340fe71993ed5882cd4d24f6a1e69aee90333268872703,train,maps/0221256.npy
221276,Edge-Ring,lot13964,352d6fdb97ddd6615b404e64961d7cac4c161da8f9f90d592e03b479544fde52,train,maps/0221276.npy
221299,Edge-Ring,lot13965,f5074e801252c6f66a5a4ee7453cc4e5a740477da7ea1e84b15779293ae2a36f,train,maps/0221299.npy
221307,Edge-Ring,lot13966,3910f2b3e429255cb8674818cf93bf20535f561f74151a70bc4661eb093bcb59,validation,maps/0221307.npy
221320,Edge-Ring,lot13966,a9cf81d7d28805e109061efafd6836ee82085d7f7a4766892aead3f9317a38f8,validation,maps/0221320.npy
221383,Edge-Ring,lot13969,e220642cccd4780f5c3a061ddeea0854504c3f4718971a8657e203412e8f9625,train,maps/0221383.npy
221386,Edge-Ring,lot13969,f56f5b8bf8aed46155c3fdfed292cdedaf99361ecba7eb14aa28847271f41d8f,train,maps/0221386.npy
221409,Edge-Ring,lot13970,95e3579ee038a353216d4b2c0c794f8fe54ba2ee04fd8bd31bafa3fc895dddb0,train,maps/0221409.npy
221426,Edge-Ring,lot13970,49069bf11924621207b284023d7643583abc82cc2798040f7438c7472276cce1,train,maps/0221426.npy
221941,Edge-Loc,lot13993,1539638dcc23302a3e659279ee7e3f5ed06a6ea02ccb4875e06f72ca89870eb0,validation,maps/0221941.npy
224860,Edge-Ring,lot14150,5289eae61d43e66f8d3eaa0cc18f55182b3ef62a5e76ce515d5f91deed9ee6eb,train,maps/0224860.npy
224868,Edge-Ring,lot14150,7259b4b25a81da1e6d2c2d92df14d089b39845c3672bd0565181ccaff57b6cae,train,maps/0224868.npy
225326,Scratch,lot14176,66eadca90d2dae12f246393c916b994f74c2949dd7a4786a487914d1e17de48a,train,maps/0225326.npy
225739,Edge-Ring,lot14206,fedb1a8eeb23c57c0db27d39871d56177f7e3f431a676154bc059c3229473030,validation,maps/0225739.npy
225744,Edge-Ring,lot14206,759958d6ec453134dd8010f14dc81077b64e826a42c090936b67ae014b574fb2,validation,maps/0225744.npy
225747,Edge-Ring,lot14206,44e37b716947862b203a2e85a8942ea2c13b2c5ab83e1588dcf088924947e3dd,validation,maps/0225747.npy
225754,Edge-Ring,lot14206,894a260b3196011df4df5bdefab80d82348627843ba0792da8449549299747cf,validation,maps/0225754.npy
226266,Random,lot14235,20252440bca22f3a1c6111a6bf9bebcf598af08b73601af6b78d1fd457115629,train,maps/0226266.npy
226267,Random,lot14235,ecbe19ffc69c7b5a24da50f0e78db9df874e8fecab93df5990253252ed72bf2b,train,maps/0226267.npy
226905,Edge-Ring,lot14261,1bdd010d1c05093024ceea560432c37141a6c931ecb938a2374a496f96f9923f,test,maps/0226905.npy
226910,Edge-Ring,lot14261,42fe89c66622b67b141873596373e467aa0e732b79d8267c28cf589cc6bdbe33,test,maps/0226910.npy
226913,Edge-Ring,lot14261,8e9356dfa71d128aa7c410cd0f343eb622ae74eaf17e850f070bd93215b28749,test,maps/0226913.npy
227003,Edge-Ring,lot14270,c5fc386f0faf4258b7184bc336cd71d78ac3174bcba9167ab392dd59da27766b,train,maps/0227003.npy
227004,Edge-Ring,lot14270,1b2811b951d779c14e4090a815c42b488343c0a27798713d55ef7a33d646a72a,train,maps/0227004.npy
227036,Loc,lot14271,1165f2ddc600c0301e9d21c0182c06b83148ba176ced144c560344efc8e1ded8,test,maps/0227036.npy
227040,Loc,lot14271,2a02e25aa4530f03fed974cf57dec0277eb16f264dcdf8af9b014a3e49aa5492,test,maps/0227040.npy
227047,Loc,lot14271,c9cbfe0d628c0ed24d8517b7c077c08dc62189ca85b484e783c308c87cd95eec,test,maps/0227047.npy
227307,Scratch,lot14282,cd2897fef025683281b025b6e15b0f4edf53884e5ca171cca6a7b7f7cc22257a,train,maps/0227307.npy
227478,Scratch,lot14289,07841940166be514fe44ddb911552a449cb5882176eb54b6ba781d2f36be76fc,train,maps/0227478.npy
227965,Random,lot14310,5734ec213e71a4e6e84b75a0db863ad9df4cbadd5b32a6bf5b801318f45c5771,train,maps/0227965.npy
228216,Edge-Ring,lot14323,d7c338fd7636fda5929351bc67486f23538e51a588f51051b798bcee0029a50b,train,maps/0228216.npy
228239,Edge-Ring,lot14325,c147d0afb95197fbeddb8aa5d9655b7b4ede19bf55780e3f60943c4f0bdf4bad,train,maps/0228239.npy
228257,Edge-Ring,lot14325,2f71e24c8dd3187514f419d3bb42a09fa13341cd726c387b811abe35ab54a7e1,train,maps/0228257.npy
228265,Random,lot14326,e3030f088e39b27b092dbe55c9235d45f5320b306a312c0ca60a4653ddef6b66,test,maps/0228265.npy
228319,Edge-Ring,lot14328,a7e035fcd8a756c45348d6f4a80799166d39d85192931e3cef5192a8a21a8d5e,train,maps/0228319.npy
228351,Edge-Ring,lot14329,c0c39ec9064b3c242dddf6a520252b8eb3d05178935c2ea23eeadf136d6bcdfc,train,maps/0228351.npy
228644,Scratch,lot14343,1937a206249480064697d28c0c0110a598ba7fa9c2b9b4157d1ede7a11f1d9b8,train,maps/0228644.npy
229399,Scratch,lot14375,e60d99dbbe0a6a2c0496960eaf6d5f0f1aa46f7b46f9eec3e4925f1557529b35,test,maps/0229399.npy
229719,Edge-Ring,lot14393,695f5a45dcd9e250ba4c6e2b580e1c27d522215b47b7ad54ac19ad075874f85e,train,maps/0229719.npy
229722,Edge-Ring,lot14393,6bf0e518285cd8ddb76895821b256e86191f53ae61eaae90a9150530f3428d7c,train,maps/0229722.npy
229853,Edge-Ring,lot14404,694d26d64e71e870bde713b56408ffa69ac3cbad725c93f458ae490aaf9c601f,test,maps/0229853.npy
230598,Loc,lot14452,10afc868f151ae6bf491d21c18ff336396438130620c570658ec621eb079ad21,train,maps/0230598.npy
231235,Edge-Ring,lot14492,162a45a534693572e4f7e590d7518bfd4087956b70de59c552697fb74803e4e0,train,maps/0231235.npy
231247,Edge-Ring,lot14492,ab4165f386c305ccce734aa0be50afd780d5da8e6c00aadfbfb4a89a928af0e7,train,maps/0231247.npy
231316,Loc,lot14495,1c93913d72f26ba0c23439480b24179a055bc44a85e2b55fb24b1b148a3b5cfe,test,maps/0231316.npy
231322,Loc,lot14495,fc499bdc0ed86783a01494763f6587b0826ceb71254eb2572f5539497650944b,test,maps/0231322.npy
231340,Edge-Ring,lot14496,90a17412459a1bcaf3a57aea32ee978c6a4685e16e3d5a60c501b3092d2e37e8,test,maps/0231340.npy
231341,Edge-Ring,lot14496,82ff18ce9727235525a884f1be6d9e7aa87afbcc8429337c73922914fb0a6bed,test,maps/0231341.npy
231413,Edge-Ring,lot14500,e407d0fd2e276aca5c36d6920e53f398d694b1336e18a68c7485c5a17bcd2261,train,maps/0231413.npy
231416,Edge-Ring,lot14500,9b8bc926fd19bee87259e8991e8a03ba6787106b153ec33c790febeb7d7e5375,train,maps/0231416.npy
231576,Loc,lot14507,839dfad03e3794ecc241901b8e13028e4168024c33c708cd5a18eeb7b32b579c,train,maps/0231576.npy
231938,Edge-Ring,lot14524,82838ebc79ec292d7d60d871b2ba0e4646a4c463f99ff4b9afa6b723a2567de5,train,maps/0231938.npy
231974,Edge-Ring,lot14527,fe9ad1a0a029d904a7f455d485e9c194924d1ea6ac202f49091434a591a38ff9,train,maps/0231974.npy
232018,Edge-Ring,lot14529,59b146343d0f5e9a9269428c0d480d88ad3e317c025d4dcb3268c7f64cec2c82,validation,maps/0232018.npy
232023,Edge-Ring,lot14529,89fbce3d789316261917ec4752c8cf51b8950e601ad6fdf5e1479228455aae31,validation,maps/0232023.npy
232066,Edge-Ring,lot14531,18e751db0e100b5819e5e903f3d3124bc356fc5828ed969740a822acf7d5ab01,train,maps/0232066.npy
232072,Edge-Ring,lot14531,706491f294d6a13f5ec01a7af29794ea972c3b2cb191452a392684aba5723a47,train,maps/0232072.npy
232078,Edge-Ring,lot14531,65daa9edce6d648fc1b2dff06888fc8e5044579b8a6ba09def1a8b01589a9708,train,maps/0232078.npy
232081,Edge-Ring,lot14531,0f742b5c4fbb7357d2ade2b5270fab96cb8e0a4235c3760c884e62a9c1cc500c,train,maps/0232081.npy
232193,Edge-Ring,lot14538,5e67b3de08e23218a52032f6d1a99d3c53d82a44494c721b9cc5d3f2655dd63f,train,maps/0232193.npy
232194,Edge-Ring,lot14538,f7bf412900074533b61a7baec4accbd84abf41ce3461014527b7b826d97f0d44,train,maps/0232194.npy
232358,Edge-Ring,lot14544,80760319b31f2f7831903a43c9be4d78686e6a8f7d5265ffb1f566f355122c3e,train,maps/0232358.npy
234273,Edge-Loc,lot14655,b18b1ba6c04b9b3ebdd27ee032c1941eb0eefa88bf54c950bf34fbc6dfeecc06,train,maps/0234273.npy
235737,Loc,lot14741,a571c35ab901b34e15925ae67bf7cf27173e966fd50f6bcf3515fa0e1f498351,train,maps/0235737.npy
235851,Edge-Loc,lot14745,38031408e35b766698828c3ea877309be73540283c3f60645c11291072bfa414,test,maps/0235851.npy
236111,Edge-Ring,lot14756,fc288e67f2dd975ac7aae0ee0da42d16b30b82cc2531b85edc5e018844647985,train,maps/0236111.npy
236112,Edge-Loc,lot14756,10f05bc95c9552764bd7f8714fbdfe6fc287118d1ce52e0bf367c29867921059,train,maps/0236112.npy
236207,Edge-Ring,lot14760,2b9e8185871427d70678e588ee29fd12948a483dd14b1eaeb2894a706cb66169,train,maps/0236207.npy
236379,Edge-Ring,lot14768,a10a5c6826742563338c4d449098da119b562e513b91bd71d25a863684dd3a5a,train,maps/0236379.npy
236389,Edge-Ring,lot14768,3d0f651758bea8e07200820919e615c7bb583185de2b53304d70d46c35d3c602,train,maps/0236389.npy
236391,Edge-Ring,lot14768,735f2ae44a3a70dd73172987f3c5fbb536c5a6aefae8d7c430daa5a7a9d0841e,train,maps/0236391.npy
236392,Edge-Ring,lot14768,3a3f48880db496b1a2f66b987d9632a269a0e398a0d0b093200cc80083dbde02,train,maps/0236392.npy
236444,Edge-Ring,lot14771,9ad066509d10a02b2f27548387da2e3ae6031753647185d22a6f579102f077ea,validation,maps/0236444.npy
236450,Edge-Ring,lot14771,7ddb53a3478be6f28bf07ddca5dfa10d5ce0f578a66a83e2352cd0946da09ab9,validation,maps/0236450.npy
236545,Edge-Ring,lot14775,9740b51e1f5d4b12e4d3077d9382f8bc635b28b984d2f6536651f524c6652a7c,validation,maps/0236545.npy
236549,Edge-Ring,lot14775,4df3e1f0af7e69bbdec106fc2ed92b2c332e4895646a4589c001d1fea55404a3,validation,maps/0236549.npy
236554,Edge-Ring,lot14775,a8b9bc2a5be86c02ac5714b140125cdb6a23962e0b4a0b9b71a71fe4242286bc,validation,maps/0236554.npy
236954,Edge-Ring,lot14795,af557710384de89d41b65271a890bafb56aa6510629eb265e66d4baa670a7d39,validation,maps/0236954.npy
237119,Loc,lot14802,9d50f2d5573549289c80625fbd1161f177968c4e8ec6b562d652c77c14f2e878,train,maps/0237119.npy
238385,Scratch,lot14866,8a5ab78f44e9346a51234de115a70887ab8b643f83f33b82f59a3043cda7fd30,test,maps/0238385.npy
239342,Scratch,lot14916,e54ee48c85d77d9f48627088c083bf081441cf5f125a494ac3aedc128bec804e,train,maps/0239342.npy
239546,Edge-Ring,lot14928,9ee979687203856e622e77bd8e2e9cd88aae03324c126ebcc95d0714e48ec9d0,train,maps/0239546.npy
240675,Edge-Ring,lot14998,be48cbe52604840a7e02abab343149b1088bcca3906aadcafc847dcd39e5fb98,train,maps/0240675.npy
240676,Edge-Ring,lot14998,29b0bd02cda211989a0e22cdb46e1413ed53dfcafc76b94e06b81a46a973a74b,train,maps/0240676.npy
240719,Edge-Ring,lot15000,d1c8904d6a9f9e6f84e70a4f4917e210148173346a4820e926f04ff2f2ffdef3,validation,maps/0240719.npy
240908,Edge-Ring,lot15009,1aa60c90e1b27758f7c1779de3c25b2c8c9229e0ce55720a5610ae33c31fe347,train,maps/0240908.npy
240914,Edge-Ring,lot15009,cefdc9956a37fc9ce15c29957ed45d5dad71f17e6dd94c0e29a1c81a0b8b9d9c,train,maps/0240914.npy
240917,Edge-Ring,lot15009,8654b01c159dfcc589bde823678f899fb07c71844790a3da000b4d565c54cdda,train,maps/0240917.npy
241570,Scratch,lot15043,586a93aac68769f14ada491504f77a80e8b6885a7ee46d79033251c8af3665dd,train,maps/0241570.npy
241601,Edge-Ring,lot15045,705a0262d3354cd3530a37bee178f532d73405cd1c228f85c9c92d9662d28275,train,maps/0241601.npy
241818,Edge-Ring,lot15061,1a57e72a092551b9022a4ab2f790e231662614d69eaadb61b274f165f67d6b43,train,maps/0241818.npy
241990,Donut,lot15069,64c009d8aa6c42691de8b3edc0ce5bbf36ef623012776958a1ac59dc87e55ef4,train,maps/0241990.npy
241994,Donut,lot15069,bd59ddca037f118b56582d65e5185fa68b2f4f33ef545ac3f6ab21f49fba1308,train,maps/0241994.npy
241996,Donut,lot15069,a0f41adace8318b6b831efa4925ecdac4b674b7162e7895c801bc5fd58ba9b9d,train,maps/0241996.npy
241998,Donut,lot15069,8f0e0003718b3a0b75650852dfcc770cf96d9400952a9e4d4635f419ec5eedd5,train,maps/0241998.npy
242001,Loc,lot15069,4af88e90024aeab495268b14b20181b7cdb342c9dcfa2cea94e09fb6850002bb,train,maps/0242001.npy
242060,Scratch,lot15072,d0d3a1ce9d73e1865b65b7b0b7150ca7ff43450312bb84e427bc95e24d77c3f5,validation,maps/0242060.npy
242244,none,lot15079,ef01743a3ded96d4094a6381bb76bb6cbbbd7abc3c81fb74d28b5d2ec1c29e1b,test,maps/0242244.npy
242331,Scratch,lot15083,f56f0a05506ecdc7113560eb7b07fd69712d0866c7ee3a6bea89a2733923a405,test,maps/0242331.npy
242347,none,lot15083,4755ec95f41bca2015f1e24a0566a9f168cad021b98190d6b46acac8e178afbb,test,maps/0242347.npy
242390,Loc,lot15085,fd683f5a8ee5f90ab5e0ab00fb18a952201460d59509bb3beb4417ad772c8a28,train,maps/0242390.npy
242444,Random,lot15087,13e30a13a7fec0064af0f3192bfe536ff9822609c472e31b07f53a9ba017f550,validation,maps/0242444.npy
242553,Loc,lot15092,cff718c65e6744db743ebab1149d014205bf8af16033a90adcb0e521f7a2ed10,test,maps/0242553.npy
242615,Scratch,lot15094,bbf760ee90da8a849ea03f82ef7bd7f35b270ebbb702ee3f2e927b0fbf4a8a4a,test,maps/0242615.npy
243169,Edge-Ring,lot15119,98c16a9ca50ff19111c7a7b6758c7f21ec0fcb9fa98b523222ba0bc301065399,validation,maps/0243169.npy
243174,Random,lot15120,dc45e58310d3977f80433246d821d12fcf20037a9f2237f3537f9e6d6118b96d,test,maps/0243174.npy
243179,Random,lot15121,cde1d5200e32e6ff0ab10dd2b88fb20eca9dfacb6e197f4dd3ce27952b90e44c,validation,maps/0243179.npy
243181,Random,lot15121,b53290e0c51be1e56bec6a740ae71d9b63aacb5fde69c0347fede93857161a10,validation,maps/0243181.npy
243189,Random,lot15122,e817a15609cf92a1b2a49a2abe50932ae5d8ff7f96e81f3e06dd3ad5052cef65,train,maps/0243189.npy
243190,Random,lot15122,83e1723d5e4ec88b7044bdf17306144aa741190fae013f24a01f269406b1063e,train,maps/0243190.npy
243198,Random,lot15124,0f6c10a64043a1997b7c9e4200710cbb84483d7cea5a4d89c2a3f5a04f43f710,train,maps/0243198.npy
243201,Random,lot15124,63daf5911589581724e57a11c7487bb7f3d615e4f52473e5393c0e7afe4cae5e,train,maps/0243201.npy
243202,Random,lot15124,a3192cfec41c54efa96f25d38c24599c3764282ee8daf41475882b40a283c173,train,maps/0243202.npy
243203,Random,lot15124,2090908bf4b922898cad9107e1963609bff27e36152423826735ec94cc2bbe73,train,maps/0243203.npy
243204,Random,lot15124,d4027b363cf43f07d43a95dbd175efe9b07937407aa7cd371311ef66da9160cb,train,maps/0243204.npy
243215,Random,lot15126,3e0bb08cca431e6971ae50b3f29348c1618e1861fab52c41ed703fee32f16d77,validation,maps/0243215.npy
243217,Random,lot15126,a764463bb6c55bb11b672d2b0682586a54d70f543f1eb54b324e8ef8aa80cd35,validation,maps/0243217.npy
243228,Random,lot15127,8fde1487c7db06751d8df7e870f883c0bf87e14009118c8d458c2b84139b1107,test,maps/0243228.npy
243237,Random,lot15128,51d37eb9435fa2fba53241e58ca07fd9da1be214b4868d4f9909a839ff2a148d,test,maps/0243237.npy
243239,Random,lot15128,737782b93b4e31f8d8a5f9e4c6f5b79a7a6bb4a88776a0e9e0a811a64c98172f,test,maps/0243239.npy
243240,Random,lot15128,63dc8dd1031d2c334e4e0f8e7d197de6da3205332aefd5b6b6c239d54dec493f,test,maps/0243240.npy
243245,Random,lot15128,1c5c4ea0dd58e71869ea85268a336fce74a81c8b5d154cdb2a1ade25c2e3ed0c,test,maps/0243245.npy
243247,Random,lot15128,704da10858a6c4f58a209431c1b3eaef7dadfb9918478a6c7546bae58a08f2b7,test,maps/0243247.npy
243250,Random,lot15128,43f11b5f56a38bad9459a58959b56ef74a0d20f5ebeaa23de6f5ed6a7147b01c,test,maps/0243250.npy
243251,Random,lot15128,2abe5541a26b2dd94eb143e7a2ca265ee0ebc8add6f74ccae757bb2865802528,test,maps/0243251.npy
243252,Random,lot15128,ba20774896c54dc62bda0d67e092ac043596421830edbfe9845513a1fe3e7fc6,test,maps/0243252.npy
243253,Random,lot15128,b67eb019a903ff412dbdc0bf8ea363f9c23971107df7b627fdedf7e45e244b1d,test,maps/0243253.npy
243255,Random,lot15128,519a12b50c4082343486d30c42e17327e0c9e54ac7c59d0360f4f259e549d395,test,maps/0243255.npy
243256,Random,lot15128,a08cdb7f53d049965d5ae6e812c714ef01ca4971c58d657989e67cd581c9401f,test,maps/0243256.npy
243258,Random,lot15128,6ce3a476079a88315e5057fa92147cfa40d147cbda5f9dfdf4b87b56a7731223,test,maps/0243258.npy
243261,Random,lot15129,944f9b9adeea2dd94734c660e1e5a2ce77c71cf96bb221b38764d529252113bb,test,maps/0243261.npy
243267,Random,lot15130,16170543040581becc2ba86964c7cda03e8710bdbc6e6b5a82ef7cc5ac96f2cc,test,maps/0243267.npy
243268,Random,lot15130,d2e3f6d33c48c63f5427a8318da2383f337ded72ea9ecebccda158caea98cd0a,test,maps/0243268.npy
243269,Random,lot15130,eb52dd7ddcdba7e561ddf6ffa6fe4a0b3c2010d9390620c94946182ca484a220,test,maps/0243269.npy
243271,Random,lot15130,c749c20c8bb59606e4cc6588acfd8598cbccb9aeedefb36d32aa8aeefdeb1146,test,maps/0243271.npy
243272,Random,lot15130,72102335ea40371146ff10d7e0635e7c1740fdfd3de439698586c8db90c3cca8,test,maps/0243272.npy
243273,Random,lot15130,446a2e6525eeaf9a31cf6818d8d2558c44ef1933fe1080a3aa9efd0c0c522b6e,test,maps/0243273.npy
243274,Random,lot15130,27bc81788e67e0cb29a26680891c08d703e419808fa784ab0df4054c5606552e,test,maps/0243274.npy
243275,Random,lot15130,ad0d8403b9fff2e4ddc9dcd7db7620748105ea0c01e74a86e5b21cbab87391ff,test,maps/0243275.npy
243276,Random,lot15130,69d4dd3569edc93dd5d575a2688c77b3e102a9111c3ae66d7bb9b0de22f8d754,test,maps/0243276.npy
243277,Random,lot15130,d9d0585f17ebd636f2a4a29e00911f0f667fcba0a3d23649d10af9cf934a1cf5,test,maps/0243277.npy
243281,Random,lot15130,8d4a0ed6da047117655f479349c1961c52666ba95789d5dd912930ade7628b1b,test,maps/0243281.npy
243285,Random,lot15130,07d4f2aeb8876543fe9bd51858f248b2c1b5d84711f9cd029d61e3a76d545137,test,maps/0243285.npy
243286,Random,lot15130,36516593ddeb534d70d3e4fdf1f4d01057386c00f38972d655afca5b81363e8b,test,maps/0243286.npy
243292,Random,lot15131,320345bb2d257f0b861516a7b0972b87b6b8ebf6b7076ce947b701734ab3e7a4,train,maps/0243292.npy
243294,Random,lot15131,f6e1fbbc35ce9d49ade5144173a9e9ad933845e90e9cce7d307f9073402d8bb0,train,maps/0243294.npy
243296,Random,lot15131,504ea15db0a34a479b2435e39165d29c71cf3f867bd2687e1b5c960ccd2b70d7,train,maps/0243296.npy
243299,Random,lot15131,6482b3ef764600109578db49d582b17e84867402f467862d17a347bec02c4f59,train,maps/0243299.npy
243301,Random,lot15131,1359ce3c834312de4d86ff50ff054f9b6bf307c7ddf40f564928049eb695d224,train,maps/0243301.npy
243302,Random,lot15131,85c2bdbfe778b40fbc9b7684436ce00a1b9227ff8fa3d45d443beb68438e1574,train,maps/0243302.npy
243303,Random,lot15131,7e06b88e4f906f91bd4e82ed6860224b28d3cab21d8ac504ab4b2b6d012fe5d2,train,maps/0243303.npy
243306,Random,lot15131,1e499cf6e9b63593a8067db0b48741a6b9910c21703cd3fcd29e3a7c38c61824,train,maps/0243306.npy
243309,Random,lot15131,a94f11712c099469828e8f3efa13d2c31b1c2dfb261bb854fda82bf8e4f5a452,train,maps/0243309.npy
243326,Random,lot15133,d556484abcd06556a5c7e5d9fbefb1339e925b0dac4b4a6d144f50b63af4e161,train,maps/0243326.npy
243330,Random,lot15133,2ee84ad97d01e5a431b1caddd1027ba48ab10257f00f2fe0abb0777c2ee6d875,train,maps/0243330.npy
243337,Random,lot15133,71cbc4ffbfeca0ccea3151ea763e2ade4ce542a20cbf91e7dbcaecab711e6938,train,maps/0243337.npy
243440,Scratch,lot15161,78cd501393f0cf7af0c008ce9c597091d12e230cc5e531575916099de619b89a,test,maps/0243440.npy
243443,Random,lot15163,cdd236b105fba3e70a37dd522e83ebc98811908cf6bf3c64411f533fbb637609,test,maps/0243443.npy
243546,Edge-Ring,lot15187,982b0229ba92a1b608367cf9597d41547c34ec8f5f0c4d0226e0b0bf2949337a,train,maps/0243546.npy
243570,Edge-Ring,lot15193,cf384bdd862873c074e35b1ac086f1f78d3d7baf33451507769f8d013201f912,train,maps/0243570.npy
243685,Near-full,lot15211,ca84c6bb64ea333f449c9c149febbbc626e4df6027816eed6cc4473deaea50d6,train,maps/0243685.npy
243686,Edge-Loc,lot15211,10d833ba1c693f3b6021244337fc352d7eb100dd9319f8febbbd784d922d4640,train,maps/0243686.npy
243917,Center,lot15258,845a681a0629a2d8679601fe05fa8ea746546b7b0c707e5bf84d4cf7417d722a,test,maps/0243917.npy
243973,Edge-Ring,lot15263,5460e8db15c0c27dc5a301effcec17cc2c4ec6607925387688a181e0fced940e,test,maps/0243973.npy
243983,Edge-Ring,lot15266,cc6652924afd334d998cfe0e69341c4365433317d6396c34c7eaaaff07216294,train,maps/0243983.npy
244169,Loc,lot15286,96439d0ffe2decbda393f47f3c32730086e58b732d59a1ca58a16c469a046c73,train,maps/0244169.npy
244230,Donut,lot15290,f42a920a4249af07288e38e8d610462da78adda1360a1ce108dedd6ec054159c,train,maps/0244230.npy
244240,Random,lot15292,c6119c15b8e639c7e911972f7870b2ce9dbbc45880b47bba9ba9463d6b332b29,train,maps/0244240.npy
244263,Random,lot15296,ee6dbac479bab6e0b3d2127dcb128a3d4c6a483ae820cbd96c1a011d256a6557,train,maps/0244263.npy
244294,Edge-Ring,lot15303,febdd5c3f14fdab5815e1ccf83b968bc26b51cee89ed58df9c9c170b32ffe1ff,train,maps/0244294.npy
244433,Scratch,lot15325,7eafe35be5945f2c79b0ede61362f21d340815b767ff3e0bb0218951781b3922,train,maps/0244433.npy
244606,Scratch,lot15332,8262ec0517c573b96264df3f2401f624030534cd63308aede56ab656b45b35df,train,maps/0244606.npy
244753,none,lot15338,1f5f881859905db169f3a04218d89040d4710d2579fccd3d53c35609ec922f6e,train,maps/0244753.npy
244838,none,lot15341,eb312bc4df8eb177ea406cd03f598a6685e6e6a26223aa861032133a3fa83c88,validation,maps/0244838.npy
245050,Loc,lot15350,8e7daa4d58f65ed711156e0ad807edec6547e1b666f19d92393714fb4fc19883,test,maps/0245050.npy
245056,Loc,lot15350,6f4bc7cb1ddb164044d02cf3ed519b0a4f2ed10439f490c3ea23c14a7ccc3386,test,maps/0245056.npy
245088,Scratch,lot15352,dc638df413240d7465a65ca75dbe86286b73f85e65227b56e1c2fe0f164ae2f3,train,maps/0245088.npy
245109,Scratch,lot15352,1a1424b5ad66c576ec342e58ba9a813f6e4e477a7ff40007730af85fff7c55d4,train,maps/0245109.npy
245124,Scratch,lot15353,a802183f169ac74162bf809ca805b62e6c6ff1fbaafc509516a69e13f749713c,train,maps/0245124.npy
245125,Scratch,lot15353,8df85d2f0d3a5f11f65766c72d39636f3d90e3fe846c726d9f37e4627aa42d02,train,maps/0245125.npy
245127,Random,lot15353,8e8508981605212f8e6e5325d74bcac92aa22068353ec2a6341db560859a9920,train,maps/0245127.npy
245135,Scratch,lot15353,b84036198d6335e43613013bd885479cb314a276f8699cb66897924449f20f56,train,maps/0245135.npy
245311,Near-full,lot15361,c79ac4734758d874467ac2136bb0bb962909f17d4d0b6df2e535500a93cec098,train,maps/0245311.npy
245345,Loc,lot15362,56b23e80e298e059120aaea7ad566828e3534bc6341e07dc363369dd0a97b6e4,train,maps/0245345.npy
245380,Random,lot15363,4ea98f258f3ab938b471dc61d1f63bd7f0fe5c70f7ac3c896ea8eaa285237a05,train,maps/0245380.npy
245781,Scratch,lot15380,f60476c8314d4cb9a2411be20abfbf8fa28ecc190624f4a1d1d8d5653b58f773,train,maps/0245781.npy
245798,Random,lot15380,a3a59566465e558bdb9610e0f257f3fae7681301cf8095f9056220dee573181a,train,maps/0245798.npy
245807,Loc,lot15381,5467f1cc005655e461a9124f186d62f18acb66dd8715b0ab635a0be88c4f3303,train,maps/0245807.npy
245819,Loc,lot15381,97507f46301409da6971689634b1826d676cf4539f11d6d20f71c28022fb6ae0,train,maps/0245819.npy
245830,Loc,lot15381,c45cf5fd33a673990878ff56080baa5852a0534734cb76bc71c8b8f85bdabfeb,train,maps/0245830.npy
247167,Scratch,lot15437,614610e7778babee93584ca35ee2b7937d109de462ff868fa8abb6080bfe364d,train,maps/0247167.npy
247177,Near-full,lot15437,69e4da34bac14e9c232e1f7f366535c86a929ca81cdc24995e0d98d79dc7a97c,train,maps/0247177.npy
247179,Center,lot15438,d0de6a81ed80f8edde86cdc0bc58556d80049d60f62d968ace5e6b0b97b3c672,test,maps/0247179.npy
247181,Center,lot15438,712d5df926ce0b1c25639aa4176ff94ca73e48ee4452995a81b9634305d4ce47,test,maps/0247181.npy
247430,Near-full,lot15448,af6a1fc3f6de0681ff0ebf707e2131cf1a19b10d8e1352bbe1cf25731244aa9a,train,maps/0247430.npy
247471,none,lot15449,f8d30be7efabe753010ec7372b6ab56f126c7ae9c49e43e30f60569f1bcf7002,train,maps/0247471.npy
247627,Random,lot15456,6d295614002a7235a71ade5dc34b8090876d670e333414216d8fd21390047a69,train,maps/0247627.npy
247675,Near-full,lot15458,7d21f72d3b43d782ab325b56fdc1ac2a9b7517dd811fa8e01d9c1066c3199eec,train,maps/0247675.npy
248075,Random,lot15474,c2356b12a5e0631e595346aa7455011b06c54bfd2ee19b689cc3b189b15be3d1,validation,maps/0248075.npy
248079,Scratch,lot15474,18969b7a15a27d9e20d56d6667beb0a04baedcf9e9d839c3b675869a7aea97a3,validation,maps/0248079.npy
248536,Near-full,lot15492,e7a4ea748461d3d4c3b805a7233e9090c10dbe44805a242892a529914fe02c5e,validation,maps/0248536.npy
249130,Near-full,lot15516,196e412d4158b4c4f7e3927ed6492d6df1b49e60efe33dbdbd02d3b49c178ed1,train,maps/0249130.npy
249134,Random,lot15517,f1025d57f58de4a7df5f1874ec181e0d90c05b9b80d0bbccfdb4d7d4600333ac,validation,maps/0249134.npy
250154,Near-full,lot15558,e24cc13bfd4e97add32e011b3997a2c898023b33ac2d6565bafdaa44984504a6,test,maps/0250154.npy
250192,Near-full,lot15559,d9e23017663495a043aa99cf386d8450f2efbd300be504295c80ef3a5777aa8d,train,maps/0250192.npy
250227,Random,lot15561,1671ebbec063c1570624295517fc46f1cbbd5ffee7fd34751f44dc4d6001dd96,validation,maps/0250227.npy
250228,Random,lot15561,3304d5612624a6a03c1efcec091601d7dd9978b74f311a9efdc67efe821714e6,validation,maps/0250228.npy
250233,Random,lot15561,98b7d506993198aeda562e68f7ce65039d2203d5d1cc5c8a98686ff2879598d8,validation,maps/0250233.npy
250236,Random,lot15561,c389ed9d9fc9d535b9539241c3b341b600314e7a0b0d3ec9027d0fc135d7553c,validation,maps/0250236.npy
250237,Random,lot15561,1181a690ad346973022ac1be7eba1b579a8367986b34b4b9e9214b762e58d2bc,validation,maps/0250237.npy
250239,Random,lot15561,67b50e47ad4a3ee97bf5936f9132e933d28c06ffc35e6092900dc6e39d352b7e,validation,maps/0250239.npy
250240,Random,lot15561,ea4481365084940a5e53fde0e61ce7b33ef8121cae70e3acc965ed2ede2436b0,validation,maps/0250240.npy
250241,Random,lot15561,a38874ab801f50c3bf2222917bc0ade4120e8bf6198826850a533d6d0372f747,validation,maps/0250241.npy
250242,Random,lot15561,e59ab844e646c0bb4647bcd8f72f87afb5be8a7a0c2218ceb17000bc983f5145,validation,maps/0250242.npy
250243,Random,lot15561,66a9539ae0f548836e3957ece5aac5578e6239b90a24a726a4c14bef1ba3d814,validation,maps/0250243.npy
250245,Random,lot15561,c44ac84f73cfe0fe274715b5bf24c07565b681ca7b2448ab1620662b38cc7e4e,validation,maps/0250245.npy
250246,Random,lot15561,7c611b2a9dd233e6111628b3162473d85c3b7442edae747e50a607aa39ca170f,validation,maps/0250246.npy
250248,Random,lot15561,fc993f751e441b57fea769f50af3049b65c90c23e8381d6f63332a6d600afb4d,validation,maps/0250248.npy
250250,Near-full,lot15561,571cbf00fee475b4b6e6f7e3d704848c8e0a481938da95969729eae9eae20dc5,validation,maps/0250250.npy
250251,Random,lot15561,5b5c460563add5aac5cbf5c162e1707c7d9b930e83e565fd3bfa0070618443c6,validation,maps/0250251.npy
250273,Near-full,lot15562,e5ce594c340fc3353d9116d961561db260cfec01b43d03c38715f5539d17511a,train,maps/0250273.npy
250296,Random,lot15563,b8370e34ea972391824cc0a12bdf1733ba94c7fdd87c24830cb7d745e4eda7a5,train,maps/0250296.npy
250298,Random,lot15563,3717ebd1b10257d3e6d33b2c414e040aa4189d57b0c4d21951437c3d86ca65ff,train,maps/0250298.npy
250366,Near-full,lot15567,4211f4388b83b5af99c3cbda5f4d51ded2afaae9fa66774506da894e00f8d9a7,train,maps/0250366.npy
250560,Scratch,lot15575,ad1d0679460fd7099c95c510887e7a87d911a82705b276a326d74fd2bedbc3b5,train,maps/0250560.npy
250587,Edge-Loc,lot15576,5534226e4e45344d7c5208f540f8ffa53d1e71aa834fadc6203fc02d698c8bb3,train,maps/0250587.npy
251112,Random,lot15597,43d6d86c286327585d788e5ba88a54f90abb01e930ec45da8d9f4c7ced86f178,test,maps/0251112.npy
251141,Random,lot15598,ff8e8cbd3cade6b3bf99ba5cb0fca2494cf0919f2adbad7613d511d699ed17a1,train,maps/0251141.npy
251178,Random,lot15600,e433aa4c924e14e644d5b2040422a221208bfa22ec059ffdbdcafa825c2110b0,train,maps/0251178.npy
251311,none,lot15605,456b34ac3c9e7e1335aa36ac24d13214e82deccf8caeefb62cf4e6ec5200a943,train,maps/0251311.npy
251646,Near-full,lot15619,223ce5509564ab7d455c49531c3c1c73ff4ea5ebcbecab7f7041e90d2c181a23,test,maps/0251646.npy
251713,Near-full,lot15621,eb1d09e29b1728be32241bd84e7c76751ac3899b7de796c29c9422c2fc85da64,train,maps/0251713.npy
251736,Random,lot15622,792b539bcf1e0b3324859faccc149a5281e89acdfa3c64fa9f691d31a9a31343,train,maps/0251736.npy
251953,Random,lot15631,7c1a42dc27e7b823be124d3c5e58e8561e6cd111a2934821179ad7cefb93fa79,train,maps/0251953.npy
251984,Loc,lot15632,f4abc4f1156f7333b53aa78364ab273752e1f14e4beb83fc8ac19e5f1a6b26c2,train,maps/0251984.npy
252011,Loc,lot15633,be9602cf36ef56faca27cafa1a2facbb462462deff5d7900626d34134975e38e,train,maps/0252011.npy
252012,Loc,lot15633,bb0493cd37f0e60072d871437105bb68cea1e22d032afa62d0bfef1225ce3f36,train,maps/0252012.npy
252058,Random,lot15635,bde408ab9b201171a6e3fa97ff75d844a3e21dc038d82e5d8a4c0096f19b5890,train,maps/0252058.npy
252111,Random,lot15637,bee118cf16150b514a230107e75233d71d360748315a024c1f6a866f06597523,test,maps/0252111.npy
252119,Edge-Loc,lot15638,fc6e0ac3b2735029331d9cd60be79007aa02234b01f9e24aad32abf0fd4f557d,test,maps/0252119.npy
252157,none,lot15639,6087b3f9aeddc327a2d5e38cc38f46e23b72bd9d346b4337e11a379d13761796,train,maps/0252157.npy
252289,Loc,lot15645,d5f1f4fb029b6a8688f9b1aedeec885e4a019cf9af6ba764ed545078823edf3c,validation,maps/0252289.npy
252309,none,lot15646,504e44ffe4b08286e528c5e9fcc42433cb08639b7e022502e1669b3c42a80aab,test,maps/0252309.npy
252315,Donut,lot15646,4abfe4157dbd7c5b3833a193596aab1b7313496832e50f9ff7ef4472ca2516b3,test,maps/0252315.npy
252319,Donut,lot15646,aadd0145d04ee6f5abd1f37e8cb3e9b14d5ae1a952bc3e87ba1da68bf328b1f5,test,maps/0252319.npy
252325,Loc,lot15646,178c6eb5506800b48c35ae5737f4423259c7d218c1e6a5e6188093e9dac5f303,test,maps/0252325.npy
252429,none,lot15650,ef95dbc75b2504c387f886faae3b45ac82c05c414fcf08c0931f2f99ef6c4f32,train,maps/0252429.npy
252434,none,lot15651,eb085e81e9cfc65aae1d0dec07abe3eff6d72329dc68eafd21405df537c415b7,train,maps/0252434.npy
252436,Random,lot15651,71e699c054a54d7a091c9ff92749995ee54c64b0fca2f1df281d4af6040b7205,train,maps/0252436.npy
252688,Center,lot15661,01cdf4dc3ad248fbbe811430df4b603ed93d0314879d440f5c5592b3042f97e5,test,maps/0252688.npy
252697,Center,lot15661,6cec3611ed4b781ee5d8a4cac350c8d51e02a8c8ae6af1bdc3379159f20e0428,test,maps/0252697.npy
252702,Center,lot15661,c50fdf35f86723bcbfe8214da37e58b9eb2712b9068003957241e6e8bd20593f,test,maps/0252702.npy
252705,Near-full,lot15662,a2b9b29e99b0b902362c653af14681bbc4a0c5327a7f99115a868702173e8e68,train,maps/0252705.npy
252726,Loc,lot15662,46ef03f3c1ef083aaa84c94fdaa9dee7a305867790c7726c52771be712893ba3,train,maps/0252726.npy
253122,Loc,lot15678,336b8eb6676c5951e31a667b39842d7437330a1888e9d918410b72f9b49bbb29,train,maps/0253122.npy
253173,Loc,lot15680,1bfb789cc87dbff94f095d9ca75d5f4d07e06cd0253e14b01d14f609bec295b2,train,maps/0253173.npy
253203,Random,lot15682,c86cf353967f42b6c473f0436974b78c9c855bd51df54b8db3eb9a39affb1513,validation,maps/0253203.npy
253805,Edge-Ring,lot15711,f52b4d8d614588522b291e8979271bc79fcfaecaa882e0f69520b783087cd389,train,maps/0253805.npy
253814,Edge-Ring,lot15711,40d25d5e31cdd6c13b0262cddf9981c67799c56220e1b39ad09e1203a78cc17b,train,maps/0253814.npy
254669,Random,lot15753,721f087335e84e6f45a25a2579b0c4ee164d1956ddc4155eaddcf33d505e91f1,test,maps/0254669.npy
254671,Random,lot15754,3d80b1a8e9eb47ab12e53a38d89877b31ba902883cc407227551bf14a1116542,train,maps/0254671.npy
255066,Center,lot15785,4a8846b3a03e86df035a7d5733e285c98b036b08526e2a18b3ba760e1917b2e9,train,maps/0255066.npy
255069,Near-full,lot15785,5df149be8876abd7ff9a53422d55461228b956ccfaae5ee65450b6a24cdff70a,train,maps/0255069.npy
255117,Center,lot15791,748e7f7ad318544275eb2e7e1f9b520fd26397a0b0922a7666ecddd4cdbe129c,validation,maps/0255117.npy
255141,Center,lot15795,53ccc184dc0ede3cc025c2d562e127a9199558062518c306d305917676167fc4,train,maps/0255141.npy
255157,Center,lot15799,1588c1012d94e19e34d32a53858119c61eb209cee51d3bbe3ec78d1d30774800,validation,maps/0255157.npy
255190,Center,lot15808,4f51d8b6a47e809dc7e5b5b10a9bdd97995e6aa36b9b7554c8af78fad3c9e9f6,train,maps/0255190.npy
255191,Center,lot15808,058abfb11cc6605ee3d120789a6785c830fdd35579c1f3ef8d183d0b9419da70,train,maps/0255191.npy
255771,Loc,lot15851,3745c805e9d751ad69f0f81d0cb3e4a81fdc594f67104dc0c317e94dc1b359f8,test,maps/0255771.npy
256847,Center,lot15901,7b6a6e38ade633d03ab47239827cef96e8668c2fda41dbec04293bff721b1946,train,maps/0256847.npy
256910,Near-full,lot15906,eb783c3533b85d220172eb0689719855cde34ad74d13e43c2c598bb36dcce3af,validation,maps/0256910.npy
256911,Center,lot15906,dee961d93bf5a2a53c1f73411ee90e34267e2efd4cd4f928297a5d5270d208ef,validation,maps/0256911.npy
259171,Center,lot16072,f6701d7a509795117e2f87aa9b799610dda17c81c1b44d1edda6d08a597418a5,train,maps/0259171.npy
259180,Edge-Loc,lot16072,ae6852194f453034628459734d4307959c843567892d734d790c02c8d2ef02e2,train,maps/0259180.npy
259464,Edge-Loc,lot16085,dd247af09b048c1802e55a97aad382538d546f9363b115b9ac48bfa3ef4239a6,test,maps/0259464.npy
259947,Loc,lot16104,a0426e143db44682404ac7074ba788c590b55b38349942b12e562891fc6605d1,train,maps/0259947.npy
261062,Loc,lot16156,4c22d9ad39ee52c708f007e0f3a51b125be8046637b4a4dc8d91997ceecac6c1,train,maps/0261062.npy
262498,Edge-Loc,lot16246,66b563f2d43b3b2a16da98b82fa68eb3d65446402ffcf6317a758c69abc1fa74,test,maps/0262498.npy
262941,Scratch,lot16298,a629696c1d9d605851f7066cdf0bc40b5f4daa51b06d1f4216ab75273be13271,validation,maps/0262941.npy
262944,Scratch,lot16298,d46d9e795d9e4910bc806959efe20366d5cc2acda1c4448c3c0f088634ae48e9,validation,maps/0262944.npy
262947,Scratch,lot16298,e9ebd1b657ed88f9706df561f71864698a47b515ae35df2cf47373e828e41ac2,validation,maps/0262947.npy
262950,Scratch,lot16298,368879f2a8e13e9fc5f6031c79f6fa13c78514ddde09927620c85dcb2a7fa1ad,validation,maps/0262950.npy
262954,Scratch,lot16298,504c96283d821e0ef55a37c6ddfb391c244b863b4f3398943e68f9d1cf499aaf,validation,maps/0262954.npy
262955,Scratch,lot16298,fba7713e3cc5cac0d3e162a87d7da3c8aa11e4303d1272d6d02cf393e1a38453,validation,maps/0262955.npy
262974,Scratch,lot16299,468a20d7db6f6827db6e35e01565caab7bf24dab271eaa9aeaf2e0c363ad3295,train,maps/0262974.npy
263652,Random,lot16330,8bfefe127ec3cb1926d9036b2f4041bf885f38b192dda13ea8ec3b598d466adc,test,maps/0263652.npy
263655,Random,lot16330,8aa0bbe6fa02c5f48c27baa83d622618d81b397ecc8fb5a680c65828d9e91bd1,test,maps/0263655.npy
263656,Random,lot16330,4e9ed9b3621f649008f67cb1d152ecd3cca769b5798652b5f90121c43035588e,test,maps/0263656.npy
263659,Random,lot16330,f1cf2688a189bec595a70a810c1ecc53908b5cb296f88bf721f36ef40957da76,test,maps/0263659.npy
263955,Scratch,lot16346,533765f5a413a9b3cca36066aad8379864ce958e39c3b51feef43673f6adb48a,test,maps/0263955.npy
264470,Loc,lot16376,3299f07d928c323c95200d10c7f4c9d1473386abb68be4be28eb07f2563c68e2,test,maps/0264470.npy
265047,Random,lot16416,44e9abf55df28e7af272f28b11f8774efce1cb5e31384d86761136142123d422,train,maps/0265047.npy
265120,Edge-Ring,lot16419,a68d34dfc1688e0d268cd52fa50d0d4e8a087708c8b73b059a2903f93c5ac9e6,train,maps/0265120.npy
265179,Edge-Ring,lot16421,68dbc734b7cb5fae04b32b300cca2c993cb82b140a384292b2de89c86fb82ba1,train,maps/0265179.npy
265875,Edge-Ring,lot16460,d439094b1136a68a3b3d786c756196c5fe2ff095be0461ff6b6ef0ff8f0bac4b,train,maps/0265875.npy
265878,Edge-Ring,lot16460,703a7c0b0674626a0fa237ebcc8aabd7838550cab5bc3e1d1fa173b777772e54,train,maps/0265878.npy
265906,Edge-Loc,lot16462,2be751ff30495836a69785a049c2b8aa397d7ec8fe9c303d10dbbf5c339d7ddc,validation,maps/0265906.npy
266111,Edge-Ring,lot16472,c8c0ed8311595f74268f852a4095a8bf2374ff5c5c56d2e9a2597315521ff9ba,train,maps/0266111.npy
266162,Edge-Ring,lot16474,8c15f0a834381d0c07cfef88bfc1a5843d45dc253ef6f42ed07ca181b6c81075,test,maps/0266162.npy
266622,Center,lot16503,f10df1ee6bb691ba44eea2a4c0a5948075a75734c8605a63f78dfd3ed30b26cb,train,maps/0266622.npy
266902,Scratch,lot16514,c20ce2ccac01187fdc3a5140306e585c9201ffefa12bf5cd4056b67b18ce4594,train,maps/0266902.npy
267448,Loc,lot16541,a3798efff10047674d46f3ef12123a2e28f178e9178c51a79e3b26cc58a07745,test,maps/0267448.npy
267452,Loc,lot16541,db75b754ea656092c20d7fb0aa9229f2cbc7a61b4a9b9ab1b7c282ddccfdfbbe,test,maps/0267452.npy
267457,Donut,lot16541,0d760335ec154067f6b8e03697fefb2ab6a210a4ec0860a489f3e882eb5ad4b0,test,maps/0267457.npy
267605,Edge-Ring,lot16554,0545558807b9688b4a77743a9ddd5b534b04780b2daae9d34355ad86d2620b7c,train,maps/0267605.npy
268688,Edge-Ring,lot16598,0ea77e49cc6516c5f14f6b472e47cee01904e0bbee70be4057a5757c645c27cb,train,maps/0268688.npy
268719,Edge-Ring,lot16599,b69ee4124a6c3c34c71259a4380f6533325c6bfabf3444036d881678bc52ee92,train,maps/0268719.npy
268775,Edge-Ring,lot16601,3ad98e8d4a0b3329c5797c737c97d762e3c99b3c8fa83cd1af0442cbcd52d79c,train,maps/0268775.npy
268787,Edge-Ring,lot16602,125c64db04e4ed165c1e6943910907a9c951339e538105d6281affe82400090b,train,maps/0268787.npy
268801,Edge-Ring,lot16602,b615db3446c1458a92d98241eb719dcbffa8c3d4e763728d15b1e98bb21f5dfc,train,maps/0268801.npy
268814,Edge-Loc,lot16603,93f3e41182372fa94b4b7bd2d69b9b62b4aac999f368c02011b97c5040902111,train,maps/0268814.npy
268819,Edge-Ring,lot16603,3761d519d481a99bb80c3101afebc42b790abec2090fadf609299c1aa54c4ec3,train,maps/0268819.npy
268852,Edge-Ring,lot16604,61b8c2ff5af3fd700409ef0322b15cc041b02ca88bf22f23d8243e59c1027cb2,train,maps/0268852.npy
268855,Edge-Ring,lot16604,1918346a667972196493191b39c9f9e85d910bd0bc981854ad957ba6ee114f19,train,maps/0268855.npy
268916,Edge-Ring,lot16607,6bec7234c03db67b9b62676efade66b54c7b8ed829c7117a08c8c36f6206a177,train,maps/0268916.npy
268926,Edge-Ring,lot16607,5ed26a6b3a1b66e773bbd6a3090171e7b8dd1032dca52b92c1ee024a256e1fbd,train,maps/0268926.npy
269619,Center,lot16637,552932ddbf528acc0b2b94fbb5a8734be0292bf24a373a89c14052d3894de5f6,train,maps/0269619.npy
269775,Scratch,lot16644,2dacf50a95f5d68ea0be9ed7d91e7ecd666927eeb2cc46741826603276afd744,validation,maps/0269775.npy
270434,Loc,lot16675,193de5d7e9d595ee4e024fc12f4109e8236a6b9eb827279ae116e07d15b1c6f2,train,maps/0270434.npy
270469,Scratch,lot16677,fb38adce8bd258ab82e12658db3039a8f64856389f6379b1416ba06414544651,test,maps/0270469.npy
270598,Scratch,lot16687,b8eba0c37f98840b11088de89308575ca2f5ebf9e9312949fbf81e2197931251,test,maps/0270598.npy
270940,Scratch,lot16703,529ac0553a1a0ff0be67fa406e28ff0a2abba0f924583ef1c197e9000be2ff97,train,maps/0270940.npy
270941,Scratch,lot16703,bc63722c80dcebebf10220dcbd687306c043b5b3bcf089572445f6d6bef2c534,train,maps/0270941.npy
270943,Scratch,lot16703,4c2b985116114cb01ba9c6427c5cbc72df92875ccc80f3e77e6759bc6e527aa0,train,maps/0270943.npy
270946,Scratch,lot16703,f7b19f75811b7d0d1910b24b7b3f3551f987211316a70e2cc6edd1fd6edcea56,train,maps/0270946.npy
271082,Center,lot16709,926df581ab9e3647813be48e3a763282a893f996bb7afc2e33fd0d38aee06f0e,train,maps/0271082.npy
271756,Scratch,lot16739,707c5231be68424920648244f8d96c0aec859faf6ddfc10f3f54c25729f0bb67,validation,maps/0271756.npy
272334,Loc,lot16774,12d1fb264337146721eb73edc4a5b461cbc99bb4d583c82c1d5dd980a5a41e36,validation,maps/0272334.npy
272926,Scratch,lot16826,36b616165cab54551030ff2d8accc86678a3765ad0a865d254464218dfaa14af,validation,maps/0272926.npy
274154,Center,lot16894,b8c166c4d9f5d50b60c696873f26fb7c5dae4b154c9c669287a3b0423d64872c,train,maps/0274154.npy
274565,Center,lot16915,e15cdac8013c36c3ea8ec173ccfc9a76a8ec3bd55cfbeed38945a81091eb673c,validation,maps/0274565.npy
276023,Edge-Ring,lot16983,f72754458457b40df109ac1141202ceed03202ccb074986f562a2c16b8944af2,validation,maps/0276023.npy
276030,Edge-Ring,lot16983,55f71efb766b1fd33056ae27540323dfd33df4d206cb7908697bf1cdfe2c6489,validation,maps/0276030.npy
276157,Center,lot16989,529f4c5457ea4716ffd6cca3e5d86d48fe3f76f168fe5ed471cda0cd11c97375,test,maps/0276157.npy
276163,Random,lot16991,30468d0f3fbf6444c80fa0b9d2f7443ecde7064a481a6262df479a49b5163e06,validation,maps/0276163.npy
276261,Random,lot16997,788f62c7124635c897c7edbd2fa3a5c24c2d4f938901649e1d191ec5b7528995,validation,maps/0276261.npy
276266,Random,lot16997,d82449514b04f995fd3f34fa027887ee16c7b3823893531bcb54e9d816853f12,validation,maps/0276266.npy
276295,Edge-Ring,lot16999,55c641fde3a180d5c6584bfe043288bfb77ac6a5cadce13de47d09ee06962433,test,maps/0276295.npy
276329,Edge-Ring,lot17000,bc763dbc9f20904776211a4d19aab069ea798b88b5bbc6b6bde3aae5f51a562d,test,maps/0276329.npy
277941,Scratch,lot17071,c0a72111a04591e93f160508ffdeacbc4b3b12d47c7954eb85e193981e51cdab,train,maps/0277941.npy
278538,Random,lot17102,c55b9e7bf7d180cadfddb6f58756e19bed1bff697464b4c48a719dc6273b053e,train,maps/0278538.npy
278540,Random,lot17102,29e29960ad33527a6a2ec4b51961e9c2f9600cc2d52d676176f812b02d5f61a4,train,maps/0278540.npy
278543,Random,lot17102,f009f29f5219580d149e7464a9096a078dd0cd5c1b8d2230619c640a51d671aa,train,maps/0278543.npy
278544,Random,lot17102,0589a933c02f0bf35272468acca0712d983dd156fd260bae35946b0435260458,train,maps/0278544.npy
278553,Random,lot17102,4cf9a31cf4ea2339995f8849c3a81ddf72deaefcfad3a90d8a12ec3819f11c34,train,maps/0278553.npy
278556,Random,lot17102,77b0d2dc7d209b92f274d6f7414fc3a11cb356fe330f7a99191a4f2b3b661541,train,maps/0278556.npy
278560,Random,lot17102,31d986bb76a4893eabdd2ad72125802c5f464cd828712645b3f2656888437e6a,train,maps/0278560.npy
278587,Donut,lot17106,60b19ef3983d0d24c6db4c73dd6b7b8ca3e546ef8687e071eac7d4081a0ba01b,train,maps/0278587.npy
278607,Loc,lot17106,fe49d48efdf9e082fad2fb0c9ed26a15f083968cb46617c475ce01aca23cd07c,train,maps/0278607.npy
278613,Donut,lot17109,18b99942e308e416be4311488614fd5553c701f449aa6a4417e2e4c520c23eb9,train,maps/0278613.npy
278614,Donut,lot17109,8cb4e85991c0aa2ddfd93a43078af8b069e6845b42d6b7d7256336e9c485b388,train,maps/0278614.npy
278704,Donut,lot17113,0fb95cabdcc547a27cda1aae87767f6c6f8402cc483611858dbf76aec9688e77,train,maps/0278704.npy
278707,Donut,lot17113,7fb3243d5bf72ec8f394dc91c54ff428aaf701d9453541b9d44bba4405b6241a,train,maps/0278707.npy
278709,Donut,lot17113,58eddafcc1ca2480e878c16c65bc11b0c30f64d36ce53b7a404d5fc29be6b249,train,maps/0278709.npy
278713,Donut,lot17113,4d2f72320f00d899a3d7f9743c5d7e5aaa40f956758f5d1a9fc9a220f0c9e49b,train,maps/0278713.npy
278715,Donut,lot17114,0a9e6041f2b1a2ad94cac6d7a82801967b69bd86529b150e5696c39e5d3a9c2a,train,maps/0278715.npy
278742,Donut,lot17116,7390b0fb89f9c644ad50bb5def14fa5a51943192d663335c016209f356b58608,train,maps/0278742.npy
278747,Donut,lot17116,66254fd904953c2b8dc474b3c1f87274db7d190970a4ae11ff1f0d376ebf9bc6,train,maps/0278747.npy
278749,Donut,lot17116,6ea90f4c5055cbe3f031ecccf53d9a2e7993c21b8d183236c7ec27e80287ee4a,train,maps/0278749.npy
278750,Donut,lot17116,606b453a77ced5a1e21f5c9fca40bf684099b4f0985642578a99c0ce8643dc31,train,maps/0278750.npy
278751,Donut,lot17116,48dfa86b35c6502045bdea8522d58f4cba2c68fc24f34ed630709874e2e4ee11,train,maps/0278751.npy
278755,Donut,lot17116,db70d8745381f7888b05a0b783e5d82338e5bf3123074be933b2e365e7e28aef,train,maps/0278755.npy
278759,Donut,lot17116,1b0c1c209b13721e8dea842273eac2960017db02def1f405e43aa1d5d2a65a9d,train,maps/0278759.npy
278761,Donut,lot17116,b2f2787117fbb3c9fd6402dc5f4eefa95376bfe923b9fb5eeb974a040fd5524e,train,maps/0278761.npy
278842,Donut,lot17121,5bc8c95d6acacededfa790e648cfa3963e1b44eee1ace244ab3200bfde49f8fc,train,maps/0278842.npy
278885,Donut,lot17122,d06e724ab08640d4eac7da751ec4f05fc0920213d723d574e3100d8f2dcf329b,train,maps/0278885.npy
278940,Donut,lot17125,65441b0e2d7526f46857a93b1c85114a3811f093645faceaeb98b1a34b5a00ac,train,maps/0278940.npy
278941,Donut,lot17125,c191045639485a6e69f95fe70d881c8a4b85fa9d03cfa9fd2d75a02f5496351f,train,maps/0278941.npy
278944,Donut,lot17125,0545551ff7cf71fbf8de00ba55611473c44a911c725570861248b26b48b7a76e,train,maps/0278944.npy
278948,Donut,lot17125,aa6671a5e96fe04f7c1309b4662c145643417b09d818e779f27e6982fda5f70e,train,maps/0278948.npy
278951,Center,lot17125,034c764afb519fae48d3b68a3c4f47c40939e725e3730135837bea84b5c09912,train,maps/0278951.npy
278963,Loc,lot17127,1806603793429c5099922b16ea2e8de2468875b8e04cbc52ce001ebd869ce616,train,maps/0278963.npy
278966,Donut,lot17127,51b2ab2131abb83f64de598b6bb58e6ff75b33960046d74d68708ca5ff5cdd09,train,maps/0278966.npy
278969,Donut,lot17127,312604ed79f056aa9b7779233c2dd009cfd1410a67d76c37ad9fbedffe1993da,train,maps/0278969.npy
278970,Donut,lot17127,cb10324796c8446126633c5db9ee861ce8e19f545f28ae745c116a3a49723a48,train,maps/0278970.npy
278971,Donut,lot17127,6ac67563dcaf3e948fb20f3a9f005eff78fe1143bff851af2fbdf571e4d6485a,train,maps/0278971.npy
278977,Donut,lot17127,b21afda226dce7464b02ec2f4dc3162644cc2e636d5204e1e6ba6608a92fae9f,train,maps/0278977.npy
278978,Donut,lot17127,aa021ba083f450dce63a1bc0fd718aff535b2cf9b3e710bb6e842db6840bd610,train,maps/0278978.npy
278983,Donut,lot17127,68afd997e273d09d788dc192063f09a6a99ef3e69a9dafac6c6f97c29ad6ecba,train,maps/0278983.npy
278984,Donut,lot17127,560bfa58ec71780922623904ded03ffdfeec94052211920c66f5583aa6a70db2,train,maps/0278984.npy
279042,Donut,lot17130,4e7e9102a9acf4f64a068b4dfdc1ae54e803f2005ddc082c677d273088517bec,train,maps/0279042.npy
279048,Donut,lot17130,feedccaae22e170f71e98eeea1984422cc1d3cf4367f7e89f5f8e41b2fe56dac,train,maps/0279048.npy
279050,Donut,lot17130,615a249b421a8221ce47fc7348154746b739007db769d6d841b039242c8c3ade,train,maps/0279050.npy
279051,Donut,lot17130,f9ad4f1956fdb738c4c96a6248c3ae7f4a7164b162ab3c4e370db7ea39269e8a,train,maps/0279051.npy
279055,Donut,lot17130,eff834983b24fd80482127df1ea5f0ddec0ef9e7395992b62e422fc585e23683,train,maps/0279055.npy
279056,Donut,lot17130,bdfa5c4065a05f307c20e99f4398f82e01b2cf9738652b9ab0a938afc88d05e8,train,maps/0279056.npy
279058,Donut,lot17130,1a3767d2416881fd414644e852953c1e90f2b2613c42b6354ac778a61efd48e3,train,maps/0279058.npy
279062,Donut,lot17130,ac0da1bfe5a8e6314ef5a250ad8cf688bcb83a41da433cf51b2f58aa3b6f362f,train,maps/0279062.npy
279064,Donut,lot17131,80c8e6e777dff74ace1c47040876f1451f68dcf53675d8d53ec6d8360413b235,train,maps/0279064.npy
279065,Random,lot17131,69e9c2bbc091081927383d357a281dca45946b76bd5c8f7ec3eca3734c4155fb,train,maps/0279065.npy
279069,Random,lot17131,fb893d1c812c01acf6b311a60c0db7b93a8c40e06799abd99b70b434b5f0afb7,train,maps/0279069.npy
279073,Center,lot17131,38624c0681446660ce5efd54fa9dd5660f6d37b4a4f064117804ad684756ba78,train,maps/0279073.npy
279099,Donut,lot17133,f5f88793e6ae3b87a5efe72495860bdac58a3502f25440ee47378069d0801e00,train,maps/0279099.npy
279110,Donut,lot17133,f537dd97fdf1902237c2a3ceb7680c3563bda5c3582e9801595f46409d5e4a46,train,maps/0279110.npy
279129,Donut,lot17134,27549b7adb088ae4032da0477a7c30a229cc709a2849c813579049625ee16f93,train,maps/0279129.npy
279133,Donut,lot17134,a2d9eab8b56235bc0bed665ce4454ce2eca89c2451c55622a9a716cf5154402a,train,maps/0279133.npy
279134,Donut,lot17134,08eb8d15e1e4df2b592ccf65ff357f0d396847f88e42fa1b5fb60b2a7b3608d0,train,maps/0279134.npy
279135,Donut,lot17134,fcb2c6f784b9ec4364046586f155945866ab09c86a317f518f32919d87232e66,train,maps/0279135.npy
279188,Donut,lot17137,d4d2c9fdf3b6bef1534e30dcd5a4a4ed3a8ea6c00e9cf2928270469273feb8c9,train,maps/0279188.npy
279190,Donut,lot17137,fdb81d7dcdedd58eb2a0c151202c8b2af024e8943e4fc2df5178c0d3b491dee3,train,maps/0279190.npy
279192,Donut,lot17137,f351947526f2a97049e5fb1bbe5cec26f722d976022ab24a714f120da9ce9495,train,maps/0279192.npy
279193,Donut,lot17137,d7f3ed0ae4efdf5c4c26aecc34054f1e61171337d45ac00f7ae9cc9cff748f57,train,maps/0279193.npy
279194,Donut,lot17137,76083d618305dd13fd6972ceecc449f7edc9bfbed4501b7bf8ce8a00a21bc955,train,maps/0279194.npy
279195,Donut,lot17137,7ee1737cf6721f383bdd97290f4a56a3f92e3c1c137dab647cb0ba59fa53704e,train,maps/0279195.npy
279196,Donut,lot17137,052c9ff6326a001e10c3c1e102a5db5855e66dbb93f3fb2a19d463382249de71,train,maps/0279196.npy
279197,Donut,lot17137,5ce8b33af9357bb10bbee3c8ae84579a45e0b52fd9866a5cd86d6b109ea17623,train,maps/0279197.npy
279198,Donut,lot17137,639e47742d549441f2748653925ee15f29d01482baf24b3b7a88a4183fb67cf1,train,maps/0279198.npy
279201,Donut,lot17137,e69838552a2793fef1c063f545fe3ec2133a297832fa3a7ba5f8df20e18a16d1,train,maps/0279201.npy
279207,Donut,lot17137,94275f939cd5660534429b00adb65fbbc0908dec047b1551e77c7e42fceedfa2,train,maps/0279207.npy
279231,Donut,lot17139,e036d51a335ecf454279130a5e43476848cd20178097b8df0366dfc3a15880ee,test,maps/0279231.npy
279232,Donut,lot17139,28f2867b9b2372fc8106b6b36e353b0a039da8ebdefbbb20b47db4a338bb3d03,test,maps/0279232.npy
279240,Donut,lot17141,9e1257e36eaa13416a9113e86291e72211c71b8cc6bc1d9e166b2d25eccbd686,train,maps/0279240.npy
279242,Donut,lot17141,f6e829e4f3f2bb0e71d585a167550be27bf26fbbe5189066db2d207f20394f1e,train,maps/0279242.npy
279248,Donut,lot17141,9863bc7cb1a46c6e9e09a7a0e411444d4dc2d261a62491405937627335a7f5fc,train,maps/0279248.npy
279249,Donut,lot17141,c01646636ecb5c80085a7f6d51c4dd27a8743c1c33dc3a3b86c8d7509e3c94ae,train,maps/0279249.npy
279252,Donut,lot17141,4e9555fb15870e39e9d5de99e4cd7d72a12d7e2fd84bdc2a90325b728936386c,train,maps/0279252.npy
279256,Donut,lot17141,a444b8dac27898e886d40166c6cd4aa866a0124fb7631f5de23b0557ea3a14aa,train,maps/0279256.npy
279259,Donut,lot17141,1f7747290b7b04b09e361b0fcbb2f7d3e4e433d46955c4a9be54ba85b4e7337c,train,maps/0279259.npy
279267,Donut,lot17143,ec623ca871dec912746c4d528870fb4932e9a502ae4513780ca975a9465350f0,validation,maps/0279267.npy
279269,Donut,lot17143,00cb4eb86977aa549bec94e975a6638f72760de827bdd928769f653e1ed44eb3,validation,maps/0279269.npy
279270,Donut,lot17143,fb6066ef1166dbb9b98db4803e1a68b9f21e23681ded63c297ec7d5d79272918,validation,maps/0279270.npy
279272,Donut,lot17143,f0cd4d3fd9ec072ee6881b0a2b9b6d70fbb51e5f86b8e127d862cc34f1437e14,validation,maps/0279272.npy
279273,Donut,lot17143,8ec44b520eed9709b0c9ce7e3739d94f9d11c2ce99811254a16cc5851a09d9d4,validation,maps/0279273.npy
279274,Donut,lot17143,5b4502f3671c68164c3ac4235092c5f610d961e43a78983a72e6240954b97780,validation,maps/0279274.npy
279276,Donut,lot17143,991a4d9a2882ea3a9dbec44826a3cf5a1c496b250b8c7f35e4b63a7081852ce9,validation,maps/0279276.npy
279278,Donut,lot17143,ef338275e2655c04ac36fbef6306e124e23047f9a7babc89e7773fb297bd570a,validation,maps/0279278.npy
279280,Donut,lot17143,07b8153e1dcebe5ec17c7f550648dfba5a19c52d59fb422fe05e43f45064eaef,validation,maps/0279280.npy
279282,Donut,lot17143,124a87ae5e00f0f38738e3d3cd973f99580cde98e212e29b1ecf1535fdab7f1c,validation,maps/0279282.npy
279286,Donut,lot17143,ec24da0a99ac1d5a5e85914d78199a7c9947c916b5fda8e28bf238d74aa4644f,validation,maps/0279286.npy
279288,Donut,lot17145,7e26cd4536e68fbbc4a57bfe1afcf7ea2fb4574fb0fc7d4b2b7a49219df833d6,train,maps/0279288.npy
279289,Donut,lot17145,cf2de185c0c07c624a7ff1f7472f4ecf0aecdfa8106456d298c73d9a0641ff20,train,maps/0279289.npy
279311,Donut,lot17145,f20b669c27446bd8bbf7eef90fe3e227f6a2012613e85d0744caa1a9d93a04fa,train,maps/0279311.npy
279326,Donut,lot17146,0cdce115aedb342404c7030932468f3ca8b78e0a06489925066e70c0508322d6,test,maps/0279326.npy
279330,Donut,lot17146,f02b8b93e6dff41330ead83cffc2ba1b4ad427cf8c90932f665de51676d76d7c,test,maps/0279330.npy
279334,Donut,lot17146,141a550db0f93b0b10bd5ecc69e6b47ce94ea49876864abe2ff901d7d7770830,test,maps/0279334.npy
279343,Donut,lot17148,02aa741e2a88a9be369d1875ae78552286f58aa9a45273ed1700b286865213b8,test,maps/0279343.npy
279345,Donut,lot17148,b540d0a19f142a760df8cc8d03143af71ddaec0c24348f8e0177987e3e0bca83,test,maps/0279345.npy
279348,Donut,lot17148,1ba134dc9ff19c48e9b353d1bfac70b2eb1053ac0803ff6aacd385833b7771c3,test,maps/0279348.npy
279349,Donut,lot17148,27ca9da755ecd1082290b4fd6541d590370eacfdfec86dd116c37af898bb73e8,test,maps/0279349.npy
279354,Donut,lot17148,19a814420ba233b9cf84da365cf6b5e0d15f0b3dd9c4281b9fbc20db1c962a99,test,maps/0279354.npy
279355,Donut,lot17148,a91075a4d956316472b05cabf1d8247c16689451b4de7099bcdaff0847e223dc,test,maps/0279355.npy
279357,Donut,lot17148,35b06288358cdf565a8eb9c24b5fe2b84496039417b8aeae95ba6685c9319655,test,maps/0279357.npy
279358,Donut,lot17148,b26dafd2356d3242793c685bd5cea8576b2f54b000491f07ff720999bc0a23bb,test,maps/0279358.npy
279359,Donut,lot17148,2e86618ad0757a04ea4aeaf624020bb483295dcf00ced2ea23226144982215cd,test,maps/0279359.npy
279361,Donut,lot17148,287ef10b9f373fcb4ab83ece96e1548a508507e5b91dfc8af897d59de05c7fc5,test,maps/0279361.npy
279368,Donut,lot17149,4de4628fc19e29a9f00a7850225d61858e5709eb9ddc0dd8439a3697a91570e2,validation,maps/0279368.npy
279372,Donut,lot17149,184987334e6955e8c74f0c6a7dff536d62de360fd0b916d18d8953dd52c1b26e,validation,maps/0279372.npy
279377,Donut,lot17149,68619929616708a7dd4a4c89317a17a997a3f014577188f2eb55a7e77c59c0e9,validation,maps/0279377.npy
279381,Donut,lot17149,6a0c12a996f46a0a96be61effcf3e3861eae6a3e54a1d3187e46944431774fce,validation,maps/0279381.npy
279382,Donut,lot17149,77f9680d2a1872f21e237a6bb9d8247d214f70dcfa788b0aab2af14288cf738c,validation,maps/0279382.npy
279383,Donut,lot17149,7adaff08f7c3d5d211c3e821396ba4f8ee47347bb276de9084cb2373b40337bf,validation,maps/0279383.npy
279388,Donut,lot17150,80dc87fc941baf9c371772900c0b868b1ec67ac3bc69871f237763e55124b092,train,maps/0279388.npy
279392,Donut,lot17150,b15927dbf260c41a7405f70fa70ccd0dc67570c7e72abd74a3595bad1b2ca581,train,maps/0279392.npy
279396,Donut,lot17150,fb5ed1f6d2dd714b62fbc440dbb3900a162d7a95762b6b74b40dbc44238b756d,train,maps/0279396.npy
279397,Donut,lot17150,70bd184287f0072873edc5efee10b671830e355271da857814e0dbb9d1c8cb59,train,maps/0279397.npy
279398,Donut,lot17150,41c10dc183b11722afc30e1e28a82fc5f962aa99322e294a9d0ff75cd5db33db,train,maps/0279398.npy
279399,Donut,lot17150,7abf68507be1771d76ef7620fdb3332033fedab8783655d8f09d7b8a6d98c76e,train,maps/0279399.npy
279422,Donut,lot17151,5fd0445364b54d2714f6f62d3e3f1fed4f9607297e8df9a463ac3f1148075c33,train,maps/0279422.npy
279481,Donut,lot17154,0bd198caa98881dce1ff5b42ca75420fd37a1503ddde59de9497bb3766278dea,train,maps/0279481.npy
279482,Donut,lot17154,b236981ff1854ceccee021cd30e151df101f559180bebc90dd8762e824a48697,train,maps/0279482.npy
279483,Donut,lot17154,e5bfeabbc7d3b3c1cac2ea0eb1c18ecf6eb680e8cb72db4938a7e5a412aba024,train,maps/0279483.npy
279487,Donut,lot17154,7c6d435d6017c5855568bf560371b8c8c4cd6be7db5cdde703f6d04b866cc26b,train,maps/0279487.npy
279495,Donut,lot17154,d6d8080281284df482a494946bfa89918f4936fcf98329fe0e897721aea9bad2,train,maps/0279495.npy
279501,Donut,lot17154,bebaf00ff307d8cb768994f6dfd217446225e2432a34feb5a3a3890ddca6e93d,train,maps/0279501.npy
279504,Donut,lot17154,5f5b2362b70eb4fec91f1e0af1bd61ed0a7718eb3fab664842b49c984a696d67,train,maps/0279504.npy
279509,Donut,lot17155,2e481b5ebc71f343cec1ba357c3d636f9d499947dddc368eedcd1f10b288aed3,train,maps/0279509.npy
279510,Donut,lot17155,0ff763efb789db8ca1addb28f421018a4feb999aee26923fb9adfc4b4ba82de0,train,maps/0279510.npy
279513,Donut,lot17155,a533452a23ae53c264c48d1a0e2edbbad88194e35f74d89571ac70b27e15acc8,train,maps/0279513.npy
279515,Donut,lot17155,8ca0fae236ebad34b406a9387427e44bb19ef8da14248b9e0ff3f824ce540154,train,maps/0279515.npy
279516,Donut,lot17155,6b3868cc2b4abc6b64dbbe1a9cc4af4f815a54d2bb2efdd30290c49f985fc700,train,maps/0279516.npy
279523,Donut,lot17155,97e676fec1874ad809f99ea37c43d48551ca6d18126090dc0decee444a789d07,train,maps/0279523.npy
279526,Donut,lot17155,d9b73a4ecbd587a647880e38f083c939b5253104d1cb616dc8eab50d5fd2ecd3,train,maps/0279526.npy
279527,Donut,lot17155,bbee1ec8589a07ab5ad888923a64bf64997d47a28432e42e07f228220f24d005,train,maps/0279527.npy
279529,Donut,lot17155,154ee02f5b8fa4af9566ce0416082423e5eeab781ccb16fb9b93851b711e1400,train,maps/0279529.npy
279531,Donut,lot17157,751e78fa6331648944d5293f34ac841811879b1e2ef1498d2b2a761eaa9cd6f8,train,maps/0279531.npy
279540,Donut,lot17158,2574773d6cf466813c60612ccdef0225bd17b89dff4023d63738bf4edce8e72b,train,maps/0279540.npy
279542,Donut,lot17158,5e9ed9ba3b4a3be847dcf62a391843b2f09bf803840d59e8ffc453ba34145e6f,train,maps/0279542.npy
279543,Donut,lot17158,6a78d3065b9abf78ba93551365bddf7e234d025e7d62656687c3d4f3c48f7e20,train,maps/0279543.npy
279544,Donut,lot17158,b0b14c449d6382314df56947507549dbe46331378bf99249969566f97f0106fb,train,maps/0279544.npy
279547,Donut,lot17158,8fe42e71109ac50ed39cca7bea721c956895d0d045308cbb73139aedc74b18a6,train,maps/0279547.npy
279550,Donut,lot17158,136abcdd1a55c064bed23cdebfbf38472907a5c27bc18f596f62c037bd767a5c,train,maps/0279550.npy
279551,Donut,lot17158,defa3de432c8dd1cf523357e21377d535860545dc4f0ba2ea2be307e9f13be5f,train,maps/0279551.npy
279552,Donut,lot17158,988087859db1fcd64a0f56f2e019b041ba05c7ea498e70545e2c171118394993,train,maps/0279552.npy
279555,Donut,lot17158,c1c5f2dda0c3dab5581ed98a10477f987b87d8044505dbc86e7794b087603d37,train,maps/0279555.npy
279571,Donut,lot17159,762712fef967445b5e88ca67f32ddf734dde8f9c873f4bf8168ae0ba9161dd53,train,maps/0279571.npy
279575,Donut,lot17159,1f0d9697afb064f0b652d723b349324de7c35e177ef92ac5b092ecd1b5069240,train,maps/0279575.npy
279577,Donut,lot17159,ce9c06b4f2e68e07cf40869726542b9decfea87d0f9f446a8ffa11c730321339,train,maps/0279577.npy
279579,Donut,lot17159,23fa198731a664c0d2962d9c5b0d0f3bf57d437f3ff62df9fc4df95dea73235d,train,maps/0279579.npy
279698,Edge-Loc,lot17164,358a40b3490155bb8e78814cf505fe95b4098aee44982cc8a68b20d95e5cb07b,train,maps/0279698.npy
279736,Donut,lot17167,6183b844add0c5dcc37386137464675a15fc1316da0d13b2294d60eb1d9fa1fc,train,maps/0279736.npy
279754,Donut,lot17168,2e350238f85a01003ad6d373bfa4e5db237b55f7e6fa91e44c28ca24afe2c57b,train,maps/0279754.npy
279756,Donut,lot17168,163b7079cb1d316410ca49f1c3ef19789b945b867397d278f3f5803083bd2c09,train,maps/0279756.npy
279764,Donut,lot17169,1710f6006ed7a1d910ce765cd366943b7d5a9b611aaff02da47c2f46508ce211,validation,maps/0279764.npy
279765,Donut,lot17169,311394a78c04307f9f8d68911138460d40646ee4ca1145b8809a44cb0a9d4635,validation,maps/0279765.npy
279766,Donut,lot17169,b080195b01322c0ac4c05343d409d22768d960fb7a547710e9ee1e5dc4e2a0b8,validation,maps/0279766.npy
279767,Donut,lot17169,046b50ad1eba8d076b0f4a16167425f57eeaff4a71d0de4bc33fdfd6f2d0f8d1,validation,maps/0279767.npy
279768,Donut,lot17169,5ed0dc93dfebb6d89bc5cdcf3cf0ee14340ae39ed6ebbbf739f55a1a8a1c3dd4,validation,maps/0279768.npy
279769,Donut,lot17169,1148d1093c224843bc0e51fa1dedee229684fed165b4cc8522c9a2617561fb91,validation,maps/0279769.npy
279770,Donut,lot17169,03ac3b88a8cc06aef681fb6b724d35af1ed70b574a6964d7b29bdc7d20217ecc,validation,maps/0279770.npy
279771,Donut,lot17169,b7a46fc6227756e87194631bc93ec1f086a823b651fff648c50503d0a51cee05,validation,maps/0279771.npy
279841,Donut,lot17174,548f61fa7eacb9deae149419488186f9753bb263e84fc7aaa8730b6eb65333aa,train,maps/0279841.npy
279842,Donut,lot17174,d344858749b43d75839e3e1b18c976f29a78154f818d6aed42ff97a4d8d8d077,train,maps/0279842.npy
279843,Donut,lot17174,85126c878282959931f0c72b7de1bf37a8ba9241e36c565ea86c6fd2688d67c1,train,maps/0279843.npy
279844,Donut,lot17174,5563bc38475bb0666e8930761a6b15e1f99ac9d8d2f7542aa3eecb41172fa4d8,train,maps/0279844.npy
279845,Donut,lot17174,bad3e48705fb4dcc46b0bda545768b2177560e41ee29d030a27871e2811f6e9d,train,maps/0279845.npy
279846,Donut,lot17174,405abfae5a7ad6b0317fe896067fddd0955d1cf79f60e36ad31f381c7c5cd44f,train,maps/0279846.npy
279849,Donut,lot17174,0b819b950e932dba3a185995b52965db794146d1103efc02704b97a4c21615a9,train,maps/0279849.npy
279851,Donut,lot17174,c8a2f6b25a4d30b5b13de81c66250141dfda4d2d3b58be286cf01fcb8d20eec1,train,maps/0279851.npy
279881,Donut,lot17176,d78d14e528a3c15e12ce15eda02cc1d7a2a5377a2f4d8cecd11ba32950b2bef3,validation,maps/0279881.npy
279890,Loc,lot17176,22a4f60e9032e41d0b9aa2f08996b66c09ea4df9c0e30e64486936a043889d1b,validation,maps/0279890.npy
279891,Donut,lot17176,8bfdfb641f49bb318d3459e1024f333f0cd692c07563e193092d735d66b7c227,validation,maps/0279891.npy
279896,Donut,lot17176,12a9a2abf0f8d344f3ee03da10231fe869f62579da34bd33726ce95e7a1485ce,validation,maps/0279896.npy
279897,Donut,lot17176,191fc6d945531586af0810ec0e7ba7b03bb7e2874436c6038e2fde47bd166a50,validation,maps/0279897.npy
279930,Donut,lot17178,54353edceeed6dadfae633059f9a108912bfb4d24c08f96200df6b8d82ad09a8,train,maps/0279930.npy
279932,Donut,lot17178,f3ad629f135a36e5cb9753006fdfcce1dbf61d85ee13e6bfc05ef8e640c6b4c1,train,maps/0279932.npy
279933,Donut,lot17178,303c9869caf488b28a491db74f1cf55250cfb3458e7765856b4ccdb7ac0a56de,train,maps/0279933.npy
279940,Donut,lot17178,19e4dbf32fc3813061c16cb75f981701d82d404847427e294677d903574e30c8,train,maps/0279940.npy
279949,Donut,lot17178,bdb6b31aa87df7951899f598bcb3dea6f98b3d1966e6c59f13200ea163930872,train,maps/0279949.npy
279968,Donut,lot17180,3f3391fc6448f5f7092404e85a65741cc2151d7020314819b530fdeffb1cb7e5,train,maps/0279968.npy
279979,Donut,lot17181,f7d5c679764c19f4643cf843e6296b0cc5feeede9a56695e6a9e4f5cbd11147a,train,maps/0279979.npy
279981,Donut,lot17181,c8fc1b54db3702b64d0bd2cfb32d18a7fe9ead3786fee4056f993640722a0b6d,train,maps/0279981.npy
279983,Donut,lot17181,bb9dbdcbe3fd7c23553a39f38511e3f148c8c1aef5cd39b24524ff8657f1fae7,train,maps/0279983.npy
279998,Donut,lot17181,785c96632271a2309c59dbdea74ea318db8204ae102c077b57ccdad8806a1db4,train,maps/0279998.npy
280001,Center,lot17182,2803fbea975ca5afb906d355512545c1843a16c818c13ccbf4f465d00b7df623,train,maps/0280001.npy
280030,Donut,lot17184,8338b4edf375bd85fc8166cc589b9b082b73b111f43aedc153e7350e07117f47,train,maps/0280030.npy
280031,Donut,lot17184,26f07e48efd750cb50200a00fcc08c66ca2289d3a0e0473437d4c4064b27c610,train,maps/0280031.npy
280034,Donut,lot17184,0c1365dae77f9cb7507cb928790bd4c7f2277e0281e23459c7e2828dd3b6ada3,train,maps/0280034.npy
280036,Donut,lot17184,e05d4421ac95f5287c615988ec9dd5135c3dcc806ccfcc8b9139b161f621f66c,train,maps/0280036.npy
280037,Donut,lot17184,b327542ef33aac06cfab89699f051ce76280eeb1431c526939f72fb5bf901e70,train,maps/0280037.npy
280039,Donut,lot17184,19d7bce86d5c8e868f4a7655df82c0713232e45fc3f123ed8ac7267147d8642c,train,maps/0280039.npy
280040,Donut,lot17184,e178804857ee38b0a0021f6cb24e79d653663ddeb9d5763dd2842d393f5a0165,train,maps/0280040.npy
280041,Center,lot17184,fdb1c65d881f81d29442fc0ddb7b66fda36d9868f5ff0dff1000562848067457,train,maps/0280041.npy
280042,Donut,lot17184,76043fe06ca09194cefa318328a65186d83d772a82160450206a10716169111c,train,maps/0280042.npy
280044,Donut,lot17184,97fcc3e825839b41fa0b39e97246e05b7a099dcabe16d0209c9729064efa6554,train,maps/0280044.npy
280045,Donut,lot17184,1171c95781a8b50501d58d724eca4c82c07bb864fb8cf36873f83bf501d94b24,train,maps/0280045.npy
280046,Donut,lot17184,d7f7046286ca636983814145806cf414e06ec9a6c7f90a9a585a78d60e46a40f,train,maps/0280046.npy
280047,Donut,lot17184,78d9051d7c500cb2ec82b6ffead20d5d0d536883b4782be9c1e47d643a6a8d85,train,maps/0280047.npy
280050,Donut,lot17184,84436ab1c4d780932035a7f8138f30d2992fc4151d2eb27d2585bb3321ac2982,train,maps/0280050.npy
280051,Donut,lot17184,edc84a7920f2d244faee49ae1e7077ed9e29684f4a997b27f2a8749bb0458525,train,maps/0280051.npy
280124,Loc,lot17189,03cdebc9184ca0e1e4978028029eae269c452221a06284c6af83e3de7edec30c,train,maps/0280124.npy
280157,Donut,lot17191,fabf9fe88ffeb5b5fca0d9a040424683d56d7cc2fe1e715e8fa13ae758044032,test,maps/0280157.npy
280161,Donut,lot17191,430bdddeb8257328c7f32c2735e7b7ca628ed5bdf605ad29cf4a94d31d3e1d20,test,maps/0280161.npy
280179,Donut,lot17192,c195aa67bb33a471737e579f0b5ca89b9f1f04e74b45595cea29cf5ce43c10a8,test,maps/0280179.npy
280180,Donut,lot17192,3770814f30b0ca05e30478a6f1288b1302db023ab3f3eb6d3798b8385a01bb05,test,maps/0280180.npy
280188,Donut,lot17192,87eeb64a9313cfdae9ca571fb665e4ccf74e0c3a382d3ef504f33ef2e082e260,test,maps/0280188.npy
280197,Donut,lot17192,cd29657626cd627c0803659976300a09f2e7c193f0942c491922ed8965e44cb4,test,maps/0280197.npy
281267,Scratch,lot17235,689348f268c649eeb92984d7d423355f93b9095fa637828e50187317a6d82829,test,maps/0281267.npy
281411,Loc,lot17241,e8febed829cfcde241e48129b4eb383fd7a4e5bf31b5385875cec7f4fddd1728,validation,maps/0281411.npy
281927,Edge-Ring,lot17263,9c2723e360407fd6316eff90fd09d88b7604e2c9d9bc5afe07fd8827f5621b7f,train,maps/0281927.npy
282481,Edge-Ring,lot17286,80cf0a1f2825bf927f01f00d734160699c0fc01792ca18585553be02f3ccec74,validation,maps/0282481.npy
282583,Scratch,lot17291,34e85f3d157b29f57799119e8b78a89348db150714a8c4d4fc3cb8dd44c2db1b,train,maps/0282583.npy
282588,Scratch,lot17291,9daae68085428bced2d9d28144591c97abc7dbb5305f72dc98bd2f1d04a1fd29,train,maps/0282588.npy
282589,Scratch,lot17291,3d02a5bb1e56fc887740f3392946791b07d60c3bc12bb8eccd7d6020db511187,train,maps/0282589.npy
282598,Scratch,lot17292,412e62858ad9ab4696ddeee5bfc8cca21d9ece896488c4bdb2314a019a6bfa99,test,maps/0282598.npy
282599,Scratch,lot17292,ab22a795afe0300b6464c28a4dbb7b61599b1c315f18936ee00e71e06df0c04a,test,maps/0282599.npy
282602,Scratch,lot17292,d5e531d05c83ec863965a1bda413b79feb49188211fb29306ce7f4b92dd071b8,test,maps/0282602.npy
282603,Scratch,lot17292,bc8b62ea8eb8b3486fa08dd08a6cc61424fc5e2a745e1088212f0791874917cf,test,maps/0282603.npy
282621,Scratch,lot17294,8eec60175ec3b398631a89a5de603943def4b9d6a4807ae52177608ab7ff2918,test,maps/0282621.npy
283388,Random,lot17326,42aa7bc5740880cdf7f359ad98792f26fa33d46331fdd7ea84f2e5c3fc8c93c0,train,maps/0283388.npy
284465,Random,lot17370,72049b5146fb1a7c4e10e62dd82d70439c10306692d07c053e7d9a5a479c2760,train,maps/0284465.npy
284565,Loc,lot17374,e5598ab6fbabe51632e8dc94276c52fa8092df92fdee8515b8aeee6f44eb3539,train,maps/0284565.npy
284589,Random,lot17375,5ff65c0400fcfdfd6f7e43d3a19d63710f3e0b1bec132bd69b80a691665fc9f9,train,maps/0284589.npy
285652,Scratch,lot17441,7656a977ebe16dd69847bcefcf84ee4753c2ff8a4eebd822771c70d2a547c327,train,maps/0285652.npy
285827,Loc,lot17448,a22c5f66f5d0483c785e2823b4ffc72ac0b2d2b95608c155172d8e86cba0212e,test,maps/0285827.npy
286798,Scratch,lot17486,6bccb7cfad1b800c56a8bd77b33f33758d9bfb055dc4e78f4b5075bc59ec0f35,train,maps/0286798.npy
287489,Scratch,lot17530,145be6e0c2185dd32884afac900155ec70fb9cad8fb9893b0b6430cd71462a6e,test,maps/0287489.npy
287817,Scratch,lot17575,f0894167756c8ca06fcf151c7eb493e2a98fe71c0b885368646c2678b0f395c6,validation,maps/0287817.npy
288086,Scratch,lot17612,e6467f14cf9b47a2174a0d4618eaa7b3e30c9f20bf98fa1b175662ac7c1e143f,test,maps/0288086.npy
288316,Center,lot17627,9c60bd1b7c132a1243501d33ab1ba5bdcdeb4d4fbd754f8d495dd766bcdf7346,validation,maps/0288316.npy
288318,Center,lot17627,5d04dd0e76edec241f41d2a659c19507864d00eb5d3c738d5475f2476af229d1,validation,maps/0288318.npy
289116,Scratch,lot17685,986b61b901ba37ebf5dfb3237686dcd6fa3b441745f4d3a5550316b0ece11ce1,train,maps/0289116.npy
289243,Center,lot17698,66e6a3218cd3bea32b382046824286a066004131789ea9a9712f1020bbe81bdd,train,maps/0289243.npy
289353,Loc,lot17709,03453225aa2ba49609c42bc61a0447577b92e3863ef1249b87cc9b7d7cab9290,train,maps/0289353.npy
289423,Scratch,lot17711,ca3063aa431917a21a0c0e1c82c9072abda50cf1786dd968641acae5f1545176,train,maps/0289423.npy
289426,Scratch,lot17711,d367158ebd26920abed12dc0d60487fa596aaa6bb8b6341eba4cf4fa43d42b2f,train,maps/0289426.npy
289772,Center,lot17743,836c2d3a2ac81187761525bc0e3450fb54e21643d9fe950eb6df32b9f15382f2,train,maps/0289772.npy
290771,Loc,lot17814,bd51c2745411bd79e4477b6a731af9e1d9ddcd2f4662917a28ce2cfa805c66de,test,maps/0290771.npy
291110,Edge-Loc,lot17832,c0635f3919d99275d8504839d5fadfe6d172166cb512689381d689ecf377a8c9,test,maps/0291110.npy
292587,Scratch,lot17937,ef521146c1f589a3d5b43f4aabe5fdd76a155b2a3f70196efa9b85668d78454d,train,maps/0292587.npy
293080,Loc,lot17957,f8aaee3b54c274d9b8ef46d9bcc5900fcf4fca1f41733acc696f410303bfe583,validation,maps/0293080.npy
293100,Scratch,lot17958,49b14301d51f1a02b46a6d799d4395d0e33caa9e6027383cbdbd4266db58a8b2,validation,maps/0293100.npy
293232,Center,lot17964,285d638ac088ebdf9a5e7f07dab60f71ce9ca3879189fa094022c04e93e68687,validation,maps/0293232.npy
293233,Center,lot17964,19a1a61e9f595ce333692f1be834422c3ccb93a61f7e6a8bac9ba7aed0415c5c,validation,maps/0293233.npy
294288,Center,lot18015,db2c5694511af558786204b92b998c0d8601d545eb329d2bf1d9458273db625c,test,maps/0294288.npy
294289,Center,lot18015,3c7b7b1dad657e169fc6607a6b6de68c7bef31b6bfd46ea340ca890b62bf455a,test,maps/0294289.npy
294295,Center,lot18015,8bb548261aaa2048126eda19c2947dd5f82c172de91eb0695c73f2cf563a0356,test,maps/0294295.npy
294338,Edge-Ring,lot18017,40f5dd17c5885bfb9ee9bee1266f87170f6524fe6a2026c657906b97c3a72dad,train,maps/0294338.npy
294360,Edge-Ring,lot18018,ea70918f8b5c6069973e49c5d164e49afe5fd9161c210e52f33662822a8ba45d,test,maps/0294360.npy
294365,Edge-Ring,lot18018,abcfbc73d2ba8e7d7c0e78d998d4f7b83923c2a680a18bc7872b0ea71f52d97f,test,maps/0294365.npy
294395,Edge-Ring,lot18019,f57b61df1b7afe18a3a263bbad8a57c15585da36c110fa704e9d02cd72bd3218,train,maps/0294395.npy
294404,Edge-Ring,lot18020,e9d28548fd9ca9d81c367b88f7174c39c460e703a93b9e11a56dcb2ffed88d3c,test,maps/0294404.npy
294415,Edge-Ring,lot18020,3fe18c2340ec3e9ce80f0975e5ca9f9ca19aad86cd6fba9f3f4c1afbe3076dea,test,maps/0294415.npy
294421,Edge-Ring,lot18021,6e9029780a50fff953b7786af66c9109fdf6fd9bfc30182d2a889e363b8605cf,train,maps/0294421.npy
294424,Edge-Ring,lot18021,8e6a7c5d527d080eb3694db296429bd647949f41a47077c3ed84b46117cfdd0f,train,maps/0294424.npy
294437,Edge-Ring,lot18021,199d8d73fe14916e24e1a15ad5fc36cf47def48ec126ba8059e2d10bd6910c4f,train,maps/0294437.npy
294470,Edge-Ring,lot18022,d8652c1cc1e4cb71df66eec28d34e0f621a7604d4b5e9232364b06e8c5a88caa,train,maps/0294470.npy
294485,Edge-Ring,lot18023,207f432e6097bb5b8c81f9949b23a99a7210dc2fccacbb97c9e052b420050ff0,train,maps/0294485.npy
294489,Edge-Ring,lot18023,1c1a1dce849ce6118356da372857ea1afea36bb2f9a73fa8f953d121991fa9e9,train,maps/0294489.npy
294922,Edge-Ring,lot18041,2b273d2979e780ff05554ce97ca1346ef79ad30d007d4fc00ab2788d83c84ed7,test,maps/0294922.npy
295312,Scratch,lot18056,ddb7a89c40029f979283278344b006b7b9d49d9844fe9355b0ac8c06facdeb37,train,maps/0295312.npy
295704,Scratch,lot18072,c75312433d7c989800050eb9dc627f2077c56df066890ede2229d6d96fb4f04c,train,maps/0295704.npy
295965,Edge-Loc,lot18083,8a01eb6c3f2cf7befa60d6383233122a3e7fbd41d58e2fd634cb216174b2983a,train,maps/0295965.npy
296618,Scratch,lot18114,8ea211d4ae427d7bcff88158f34e02fdce6659fff2eeb99ae5c7b7b048a0ac56,train,maps/0296618.npy
296852,Loc,lot18136,69c8bd173c35a515caa71de30b385a13c455cd1c0eab5612070e4670b74dfe7d,train,maps/0296852.npy
297827,Scratch,lot18206,87a73d9feae1afc58e816726d64eeadef2d3ff12b2fedcd4857cd9957c2e3438,train,maps/0297827.npy
297882,Loc,lot18211,1c124a84ce0fa160c6a4bd0d7e56041a3dd8c16158998913a7344c4310a5573d,train,maps/0297882.npy
298246,Donut,lot18236,276b262d2a849ef109aadb9d68ea85c2f1a3d5d363838525e18f8dcee9da2e84,test,maps/0298246.npy
300264,Edge-Ring,lot18375,a8bcd64afce3ccfa621222dd52f1414f5ec2c90676d548a308f83f4f2a347939,train,maps/0300264.npy
300293,Edge-Ring,lot18376,f4e334b0bcbd6153ff11dde12898226886c427baf712ec1a8ad746e34f4845b2,train,maps/0300293.npy
300302,Edge-Ring,lot18376,b8d56236218f3c0656e716e1bfcae740f5b3d6ac8772dfec919f7a6d6b168b11,train,maps/0300302.npy
300316,Edge-Ring,lot18377,47af3d5de702bbf98d65cabea6d4263ef196f4f2524031f50465f0de3000623d,test,maps/0300316.npy
300329,Edge-Ring,lot18377,8a15c0f686d9591583f45aeb60fcc5262345bc4090f9f0335c5b3f88e87ab01d,test,maps/0300329.npy
300338,Edge-Ring,lot18377,40369550a9ec19171cb3fb823a7b735f76448570459b464e44fb9ac35b2e413d,test,maps/0300338.npy
300359,Edge-Ring,lot18378,0059abee46d66766b3540e40aeae0c981275523ac786784c847e44d35c7f5802,train,maps/0300359.npy
300442,Edge-Ring,lot18382,b864d6801a119278a9eed6226d0acbecaaa652221897868c5a76feb7f7a6fd9c,train,maps/0300442.npy
300443,Edge-Ring,lot18382,210c2cad8c860fd2064d56af81d197719c73b2f7e63aa6024eae41aac79df1f0,train,maps/0300443.npy
300557,Edge-Ring,lot18399,bd402e7d7369975d54bf522dec9314c2c9bc7d27c5f4f61ae013b5d6d680e8a0,train,maps/0300557.npy
300581,Edge-Ring,lot18406,e25d544de6e0ccf6e05648b0d7125fb32d7793c8467ec10146443f114981a7a3,train,maps/0300581.npy
300793,Scratch,lot18433,63be2050f231409267af684e726fe14d9f6c5182cd97de9ac69a7e1f0c1e1986,train,maps/0300793.npy
301713,Scratch,lot18471,d18cf6a72222eb19b936bc51607a34dfaa69c771bc41bc8de37fbe417a1c3532,train,maps/0301713.npy
302170,Donut,lot18489,f6d571801bd6f68bf25d98e62eceee7958163487aeb85922ed95ae40874146db,test,maps/0302170.npy
302286,Scratch,lot18494,4244e2a98dbefcbc7c408432a2488f20aac6751f77283ef2126aa6f66fad01bf,train,maps/0302286.npy
302544,Scratch,lot18504,00d975fbd97375761ace428e6c844cc0efc48e43913b6ad04c503c74af4311f4,train,maps/0302544.npy
304028,Scratch,lot18566,9034d0f0939a84e873b1fab6683abb9adae9b9704f8348354a7916c638c39f91,train,maps/0304028.npy
304588,Loc,lot18588,473807b9bec81ba299d83696204cf8b36d3fe5221b95adbdb4aafcfe3fbeddac,train,maps/0304588.npy
304886,Scratch,lot18603,1a45b896b63b2534f9e4fe9ffd8ba0991508eac76d9ad88474afdf1c69e960cf,test,maps/0304886.npy
305275,Scratch,lot18618,f1d3a61ae77c167a07561db1ce77755f5e02d9844ad47b8195156377d329957d,test,maps/0305275.npy
305587,Loc,lot18631,e5d256f324f481fb590ab5641161e951595c653d0f863745ad8f799ed5d18af0,train,maps/0305587.npy
307008,Random,lot18699,1abedaa128dc2f1ff7b9d7c5483f4e0486943694914503b0cc1be85c361e374b,validation,maps/0307008.npy
307408,Random,lot18734,ec3df1dc2c23a5c9324cf1fe3d222768da178a8a847dff2542229578b8d9934c,test,maps/0307408.npy
307414,Random,lot18735,d3ebb3b249bb825429bf83e65564adb129846ae434f8959154d6cb02a79db25a,train,maps/0307414.npy
307437,Random,lot18737,d9939a6123e876f1ac59d2f03b4e574ab227025092da0947584fb5359ff5bbe2,train,maps/0307437.npy
307439,Random,lot18737,7e33509eedddcb084d82be90e1baf51ebe5da526e918402b690c29aa9d273f60,train,maps/0307439.npy
307445,Random,lot18737,1d08d6feedc448159b33d9923e31bb4da46c8b549c7d6cb45ee2cf58f71594c4,train,maps/0307445.npy
308448,Scratch,lot18789,492a4fa5e59adba71c889745500a791c0127f5aa3099cea99dc3d921130fb582,train,maps/0308448.npy
308821,Center,lot18810,9204bf537af82b107c3833b67560a8f4d62490d456839e461c6537483ef4ca26,train,maps/0308821.npy
309947,Loc,lot18863,18aac1d8df7a7e14dc8f9dd3d095a7256ca8ad716210d9ea608336f462a9180d,validation,maps/0309947.npy
310786,Center,lot18905,ad08ae81023613fb3d3a99fdf8af34c330fca6dff12a8001b5b4bc22fa1900f4,train,maps/0310786.npy
310787,Center,lot18905,a9a01384f993a31e09a15dcf5e26454c9de2de1987bc53133a1f52265f02997d,train,maps/0310787.npy
310802,Center,lot18905,dd039b305e2edda7725e7608fbcc07b338b3799d65c56b8966e49fa1b07bce45,train,maps/0310802.npy
312788,Edge-Loc,lot19084,56439a055861b13e72c547de4ab3cbfbd03fec3f0c8cde0382c24090545892d4,train,maps/0312788.npy
313684,Loc,lot19119,6d95678fe8ed99abfd11c218e75e56bd540e55a687d17c609339b13cbb66f528,train,maps/0313684.npy
314480,Scratch,lot19171,9ee0343f510a69228aadc26900406109e21b830dffb088e6c68d557299c5e2d0,train,maps/0314480.npy
314498,Loc,lot19171,8adde119a6c2a7b14ae037e9bf3005a966d8c99661accdd34b106eb280c8f86d,train,maps/0314498.npy
315318,Loc,lot19204,3a73fb52977612059e94e89b91ea9f2551eb22f81d562d9f652f359eb875aef3,validation,maps/0315318.npy
315870,Scratch,lot19226,ab22d31ea87d2c4cf222a8d73e2aaa415cac50d9f00b28b9a9a0a7393e573a9e,train,maps/0315870.npy
316112,Center,lot19236,eec39a19e1621818784cbb316c65ae77e8e2d9e4cc9892e7d351b119b6f27c66,train,maps/0316112.npy
316128,Center,lot19237,176360e59265a8b55a1a6ee6d2166821e860d2cb0501f35873e62aa352c24010,train,maps/0316128.npy
316130,Center,lot19237,5b1025750299e38acf1d2aaff9b77361519c9dafa4deddfe178c76b7a02ec7d0,train,maps/0316130.npy
316484,Donut,lot19251,2abe110a05c04d56ae191a6dbd963ea13b44cc750bee6aacc47ff1628f9c9ab2,train,maps/0316484.npy
316506,Center,lot19252,81635be2c253f0d83ce15c2dfe58725146dd0786f95abf8d4574de8ba7165c17,train,maps/0316506.npy
316511,Donut,lot19252,1c374210db0db600c645dd124bc3a59f5d828a3110c34cff8aaa7259f294a605,train,maps/0316511.npy
316618,Loc,lot19256,9fe03c6c168bcdb6d309934d08e5118e5d8bc5999d2141f8f88ea4622e258c7c,train,maps/0316618.npy
317130,Random,lot19277,32676f1790de82f29ea8407ceef851436948a98d7ca63d320323da880e91feaf,train,maps/0317130.npy
317434,Donut,lot19289,9216c1f38d8e488c9c419f676a25c9e4b7d5fd6aef5bdabd2b331c5adb86ac75,train,maps/0317434.npy
317438,Donut,lot19289,ef102502f0a6bf9d231b66855b3b4810efee73df981cf1463e6797971e3d014a,train,maps/0317438.npy
318202,Scratch,lot19321,5163ff7ce4d51826e94679e5795626972157424515a235e2ba4243dca113310f,train,maps/0318202.npy
318445,Donut,lot19331,8f625b82cfba0e1dbfc68ac67218498b2a90d11d3ba4341a21108c706c81d796,train,maps/0318445.npy
318451,Donut,lot19331,10f1894267cb3a9dd99c3636b1ef027b8801791c605e39218474d5ac53fa2448,train,maps/0318451.npy
318560,Donut,lot19335,858fc636eec4ae81237aede3565c908bd284f020ab72f5a5cb0360eca3b1ee40,validation,maps/0318560.npy
318562,Donut,lot19335,016fd68580edfbf84e2df506b27878c99c10da0381f3812cb067f5b33c32a099,validation,maps/0318562.npy
318574,Scratch,lot19336,d407ecc83e4a668003bc9e8ac1e47b87ceb043caa65fbc47a2df938a80126263,train,maps/0318574.npy
318786,Loc,lot19344,eaae809784b3dedc002e2717df7107517529aef34c984b594011079cb758f4eb,train,maps/0318786.npy
318806,Loc,lot19345,e47536cc923cf6ec2021bfead8fb84c00074dbb96cef128eaf30ad9f94499c2a,train,maps/0318806.npy
319986,Center,lot19396,311d6da76352e077a375288faaf6806337b92c2b3ea05060ef267a68c00cca7c,train,maps/0319986.npy
320033,Scratch,lot19398,1e2861c15a79afb6a82f6476f02766c9c7206576a82240575ba1d2f67cd3c767,train,maps/0320033.npy
320127,Loc,lot19402,7269405b28dbfe7bd44c5876e2ebc3b539251ad56c8038b7975cd079b8b40a4e,train,maps/0320127.npy
320692,Loc,lot19426,65e5093f260893e88963bfc8946f25dcf469d86201ecedcc9dd3802da8bdb27b,validation,maps/0320692.npy
320768,Loc,lot19429,d7c99318626b9190d002baefbb0b7f43523d4307939c17a5a9022896234c09a8,train,maps/0320768.npy
321019,Edge-Loc,lot19439,7373c0925cad55c30c3c1085bb3aa5cce46f8cc5b60bc5fbd57b0fcf55161d63,train,maps/0321019.npy
322068,Edge-Loc,lot19485,9f2a5f35f8deba582a7c41db9dc4374d596448c51b08f709d5d0d743e9f78876,validation,maps/0322068.npy
322559,Loc,lot19504,5f92d41ac737e8b4bb1b72c63078d01237c556862fb30af675b49ae451ef16bb,train,maps/0322559.npy
324365,Scratch,lot19625,495ce18bc8ad52543839a756e292bee84278917c6a75fab479dac692389a1556,test,maps/0324365.npy
326013,Scratch,lot19690,07e98a21e317b5a0e2f6dfaf78d9a5b89408b8baa17cebe0e8cf3ad6226f9354,train,maps/0326013.npy
327609,Edge-Loc,lot19758,4a2a41a366f7d1b7f82b4118f157e624f36683f61e10dfbc52d35b848a9cef76,train,maps/0327609.npy
327796,Scratch,lot19765,60bade97e5749f4a1fdcd79d785b08a0cdceeffe7df47d664525353ebd598997,test,maps/0327796.npy
327869,Edge-Loc,lot19768,9f123c8a98a9ad1eb4a154da41f515477e40493c7a3137ec9abb3b2213b7e0f4,train,maps/0327869.npy
329205,Edge-Ring,lot19839,487cd754dc10d6c07dd18953be70de70b157f3713f7c1847b14813d29c974c0f,train,maps/0329205.npy
329266,Edge-Ring,lot19842,98ee1addc953eef7852d2d5367b119c90d7c44175c80c97885151286d85f5ea4,train,maps/0329266.npy
329355,Scratch,lot19845,5bb3aa4bfc144185963ebf51e30b29ee493eba9a7ad22ff7b675ff58514658b5,test,maps/0329355.npy
329414,Edge-Ring,lot19848,83bf8ef545caf76f42d268be06318f7341a7046829945a3bc3e1b53df56aa5b4,test,maps/0329414.npy
329446,Edge-Ring,lot19849,482ac2f6adff30935314789f995421e6e0445d5a0525761bfcd47fe40a75a1fa,train,maps/0329446.npy
329592,Edge-Ring,lot19855,9e45ae1142248c506959ccaf7ebcffc62a97f6f6c9c883324938bb1245f37a0c,validation,maps/0329592.npy
329617,Edge-Ring,lot19856,2408dca8a79f5eef7007ea1a97559051f99c4e817a8b6d3ee11d39600bcfc657,train,maps/0329617.npy
329660,Edge-Ring,lot19857,55f2f867b764bd62634bce6395545cc2909de193b9a4f9990756677f42898422,train,maps/0329660.npy
329666,Edge-Ring,lot19858,b44c2d39948a638d5ce43ef437adb9129e4902887e6ebdc55953aad6dacb5d28,test,maps/0329666.npy
329676,Edge-Ring,lot19858,611822351d9eac976af63d3380959906a035a094e47099259c6b90bd0eea1538,test,maps/0329676.npy
329761,Random,lot19862,13417ad4da6a2728373d657f850c097fca380ae4786f91c7ce0bb9a657647309,train,maps/0329761.npy
329814,Edge-Ring,lot19864,beff962415b62ad3b236e46608408210141ef819eacbbe6829e67329ba3e0be2,validation,maps/0329814.npy
330971,Scratch,lot19956,5c818c4fdd6b834a5cc590e006ed16e7e833e553521315507273ab2ba524f876,train,maps/0330971.npy
330984,Scratch,lot19957,a4c7661195ca2860572f4dd0ef33f1994a9eb112cdcf1985f5bbdd22797e2fa1,train,maps/0330984.npy
331729,Scratch,lot20019,55f7c5a224c047c8160d069e7f467925380aeb4808fb49874c151f504bd0f1f8,train,maps/0331729.npy
332225,Scratch,lot20049,0ed7cb4df836d51d2bfd3f5d251aec9ec2d3e38995496dab96fc7b5de1b3adcf,test,maps/0332225.npy
332432,Random,lot20062,f6039bfda600bf52d9cdbeb5cb5ab71d0038565426b6c2b48a8f100d068250db,train,maps/0332432.npy
333782,Random,lot20120,539342c795bb776f061d9385b62a66d98ff6afb9d2ff45f31e19e128f1ff97df,train,maps/0333782.npy
333843,Random,lot20126,564e7dc0de1991003479f541330aa0f9c4ea5c15162b20494aa15e377891c7bc,test,maps/0333843.npy
333931,Edge-Ring,lot20133,5704982a9f96043bb49f31a7afd6d238023ae54de9d47508b3cb2c5fc205c9c0,validation,maps/0333931.npy
333936,Edge-Ring,lot20133,dd80cdfee2edb6de271dafaecc283664b9ec922523f541a100f881d06e73fb96,validation,maps/0333936.npy
333938,Edge-Ring,lot20133,73e3ba2e048f430d493a5cd66d2a529d167c2c59a7bb53c64bf060a78f950f22,validation,maps/0333938.npy
333940,Edge-Ring,lot20134,8447c0d64b5c89aec17ce1138a0ac940b7426061ba57c8e4f7273be39f93b947,test,maps/0333940.npy
333944,Edge-Ring,lot20134,54223b71dd0fac5b66fa15e08f6f827c58c0c191338ec2eef3d696adea0f85e0,test,maps/0333944.npy
333952,Edge-Ring,lot20134,5767bc70c4a84b3f8a9056c782bd966b8150bf2891d813692b8fead6e57b4a24,test,maps/0333952.npy
333957,Edge-Ring,lot20134,cef12c0ba33e7d557cc788c54e7ab15fc5836d812d02653f6dad626097adf79e,test,maps/0333957.npy
333967,Edge-Ring,lot20135,fde55e7d2d2b83b2d3efd0befc9b91c87db5fbe6ab3cfce6a2bfba98d6ecdb8d,train,maps/0333967.npy
334236,Scratch,lot20146,eb6201c786c6f4955556a03fa19d101dc3a0a077f00f0fa673023eefa2b6d4b2,train,maps/0334236.npy
336103,Loc,lot20257,eb5cf41f0ed0b85e2c8c2fd662294982439b070e721f50fc3d2bac56a86697d7,train,maps/0336103.npy
336109,Loc,lot20257,7a195f19805554e098d09f0d0fe53b5fa836a6f0f4b006a840fabb35b8065002,train,maps/0336109.npy
336131,Loc,lot20258,44bdf744d26924ae07ab2121d8b752189bffb5adcf5a228a2402d0fe350a58d1,validation,maps/0336131.npy
336240,Edge-Loc,lot20263,3efc38c0cfdcfdf2fda76bd1db2dc766ab2cf29ebfbbed3b793d27f96824a950,test,maps/0336240.npy
336960,Scratch,lot20292,374ae6dcade7713a3172bb3645a416dceead519f6810403e407f77bdb536f5bd,validation,maps/0336960.npy
337751,Center,lot20327,6e3cb5f84e586f682381480c8f4d3787326efb5ab12c4a86fcefd98e13fb6d19,test,maps/0337751.npy
338253,Scratch,lot20349,e43b6e376d5e429861fc9e208bcf36bfea585d126e2d4383a5d5999d4e2b1fc1,validation,maps/0338253.npy
338426,Edge-Loc,lot20356,3071311f74f40aff1f3ab830f89250a69a0cde8c3427d884a21620d9a6c0c6b8,validation,maps/0338426.npy
339796,Scratch,lot20411,10fd5acf41b9e8c0daffa2927dabc30d54b1ca8c4f9d5cb3945545745827a8be,train,maps/0339796.npy
340064,Loc,lot20421,e381f40ffcd600bc03b2ffa23092cf5c346de838b15c4a47d202cb38c9a70d92,test,maps/0340064.npy
341161,Scratch,lot20465,5ba946ab76cc89ad4e22f94cdfd1b6babaf0625b9897307b47c9932eb086e783,train,maps/0341161.npy
343189,Edge-Ring,lot20568,2e6908fc67a1ef5ac93bd93c6cd956a04351c4c2bac134223ef958b001087536,validation,maps/0343189.npy
343197,Edge-Ring,lot20568,4a24ce163b55e6726ac6ed0b4958685d02e71998d04ebb216df410bc1a58035a,validation,maps/0343197.npy
343997,Edge-Ring,lot20604,06c4e63ac0156e6614e52b2557546c97b57d2d59666f2c1f9dca30abf47ec52e,validation,maps/0343997.npy
344000,Edge-Ring,lot20604,ec42fad367f386b026afecda474e79c57ff89ffee15c32bf0218bef8d328825f,validation,maps/0344000.npy
344152,Edge-Ring,lot20610,2877c5b1498c963cd4fe7c289589249d6cee1171ef38dafb78dbf47a2c185779,train,maps/0344152.npy
346749,Edge-Ring,lot20728,ecb4ad03feba63b401b978c96b1937d37191433eba40def3fe5e07d409953dea,train,maps/0346749.npy
346757,Edge-Ring,lot20728,f5cd511a75c7d909a73b26ad44fc918558f9a4021c3723ff2546666a2112756e,train,maps/0346757.npy
346764,Edge-Ring,lot20729,f36d9ab4449a9aaa853f731f66e47f8f94061958fa43ca70663c2650117cbb28,test,maps/0346764.npy
346781,Edge-Ring,lot20729,9a61a3867a66acba20ad85f2c0122e1566aa8a79a21b4094041a63ced3faf693,test,maps/0346781.npy
346800,Edge-Ring,lot20730,248d9198f26b14371df4eacba2e3cca0bd078d4b59843f89a446282da3212b6f,train,maps/0346800.npy
346808,Edge-Ring,lot20730,914447caa437812513db9497c6f9483cbcf019ce46a3a7d04a52f5b572a33c20,train,maps/0346808.npy
346815,Edge-Ring,lot20731,c40429f40e4a06f90ce0101c0e17c06f61be218c6504dd67f71e1b1735cdefa7,train,maps/0346815.npy
346857,Edge-Ring,lot20732,13637aab9a740695b0bf30c447cfbb46b5c59e22a3e5a847b07e8c0de43b1279,train,maps/0346857.npy
346860,Edge-Ring,lot20732,d2a0178e22608650e71223d269bab80043b0dcf712f6768d651c099bf9da22b8,train,maps/0346860.npy
346862,Edge-Ring,lot20733,9848405dcc5d6fd4e56be84b734db1ef972d954bb7d9fef02385345acba72984,train,maps/0346862.npy
346948,Edge-Ring,lot20736,1a5447ee755d2b031a61909ca08129ef9b275c0862fd24ca89f2b0c2f70ef823,test,maps/0346948.npy
346960,Edge-Ring,lot20737,aeff87a8bde98b287cdb1ef867cfce4ad1f6f1211322f7b263ccb66ed84d2aec,train,maps/0346960.npy
347068,Scratch,lot20742,1bb5577eb41c5d76082e9bdab725b2e571abd04b00288b04de20f9ea0ad1cbe9,test,maps/0347068.npy
347452,Edge-Loc,lot20762,92fda6df7a74c30b795965e3363e978caa726f7eff601718e362308c3a831da1,test,maps/0347452.npy
347707,Center,lot20772,4bde2176aa8e3b8e07c98df64c78b6e764e868343ac7227096351fa8a8d14be4,validation,maps/0347707.npy
347789,Edge-Loc,lot20776,64ac83829715e6dc5bac72ea672c1c2ca944ee95aa9043972b9ac046a6edadf2,train,maps/0347789.npy
347840,Edge-Loc,lot20778,53380c0aa68b880ba7239df64e97635c137500be7f6b731a1dcabc2952e52e9e,train,maps/0347840.npy
347947,Edge-Loc,lot20783,808632670496b7a89e31c5ec049973a9c3d2ca36de4325fce871715f34b329b4,validation,maps/0347947.npy
348197,Scratch,lot20802,e689a1272b8e20a78e564655bc8a8693baba21c4aceb6457238595c2298a9169,train,maps/0348197.npy
349162,Edge-Loc,lot20853,7b6efcc2e7e9fec9be49402c44a8a0fa43e875c90c8bb6771661e07c1a656c8d,test,maps/0349162.npy
349190,Edge-Loc,lot20855,2d6b4880f90f669c2d4051d13aa067f82e4c3e5017e5c6c545a5a7fbf3b1c3ce,train,maps/0349190.npy
350328,Edge-Ring,lot20903,0fe554592c1ec7b781aff6c91040856acd28818f864b3ff7679ea15e1d8f8507,train,maps/0350328.npy
350348,Edge-Ring,lot20904,4e5f8f7fac66ebb856ee0013e26e3e5a92f83a43cb23bb4c15460866985b74e6,train,maps/0350348.npy
350366,Edge-Ring,lot20904,94dcf1f34ec2f0044b96467da3e11f7333f882debde9f52526ad5ab04464253d,train,maps/0350366.npy
350396,Edge-Ring,lot20906,86cd1e4ae36de09d46378d65effacbcb96418d18e79d555517265c9cb021d9c8,test,maps/0350396.npy
350407,Edge-Ring,lot20906,0eeefc6232ec2e8113074618a2495e32fd9bb5436511e3054a4d550e9c1d8945,test,maps/0350407.npy
350462,Edge-Ring,lot20908,5bc6108a81050bbe71a24a237dcba4b24a570d9106839784d919646dcc26242b,train,maps/0350462.npy
350476,Edge-Ring,lot20909,830fed208d64204af2c9f0d7d23438a386b72dd5e7923780210bb4e50c9505ad,validation,maps/0350476.npy
350510,Edge-Ring,lot20910,bb8cc4786b21b1717fffceee6364e9de045852e4b97abc69535c718575e66d0b,validation,maps/0350510.npy
351112,Scratch,lot20935,2ca2e25f2a4bfcaa691bbb981d34b98243733aa45446255cdc4113ed1256f2b0,train,maps/0351112.npy
351418,Edge-Loc,lot20956,498994e124a3dbfecfefef6b83c456e5774d08a4f54c9787c651cf7cb15005b4,train,maps/0351418.npy
351546,Scratch,lot20961,e964f620049435009ee7b392ebc25161614278cc6ec71dcbf5b2a5780dbbe439,train,maps/0351546.npy
352018,Center,lot20981,f523a743a96ceec6075a6d05c210472174b29c377209ba7f2808574481c33089,train,maps/0352018.npy
352046,Center,lot20982,cd9a2c564f829b9b03bc7515b558daa566e2313341b0ec65e3cd0fa49e47a7f0,train,maps/0352046.npy
353033,Edge-Ring,lot21039,2a99d981c47bc6eb8c801b152774938a39bdbfcc7e0ed2b9992d1d668eec648a,train,maps/0353033.npy
353103,Edge-Ring,lot21042,7cb38a90380323cf6201dd719e919d44f28ed46695931e0c61674f544beba219,train,maps/0353103.npy
353126,Edge-Ring,lot21042,01ca65d38a9fae48f26421abfadea1d0433cba39944d5c74535730651e87edfb,train,maps/0353126.npy
353171,Edge-Ring,lot21044,fd3ae88631a442ca9c12af5f0f3dc8321ab106843736dc1ce17a5788a6096c3b,train,maps/0353171.npy
353175,Edge-Ring,lot21044,513bf1e151267cc0fc49eaa2e25fbc0391348a21f1c0698f780c903d2342157f,train,maps/0353175.npy
353499,Edge-Loc,lot21088,86d7bbeeaf225589b8f1eaf6cd88a6e676483365a95801ba826b3d79e99f78e9,train,maps/0353499.npy
357971,Scratch,lot21423,9faa5df823c6dc64a01aaa3ad0405d7dc781bf9abcac5594e809784a9bc03314,validation,maps/0357971.npy
358222,Scratch,lot21441,f981d9e07648a64f8bdf1f74424016eb7925b5a0809993b92e0c14f202d3d3e7,validation,maps/0358222.npy
358242,Random,lot21444,143bd29c3cfe95a64147d82aa69d51b2262ea3486b260d54fc288bc5f2e2c511,test,maps/0358242.npy
358243,Random,lot21444,f2151c1b5d4a24fd409b734dceb4c23f13dec480d8f8f8b620179dfdf5e6c4b5,test,maps/0358243.npy
358352,Random,lot21455,bebeaffcf5d857acd2c1979aa4a95932af6488f9edc13c2a1f57f5430df514a8,validation,maps/0358352.npy
358634,Random,lot21476,1c4bce78e4f5d61af349e235987de529fa40ea43027dee761b17dbbf28222f90,validation,maps/0358634.npy
358694,Random,lot21479,12ea11d226988e1c19efeefb0c3d904218e9407b61dde8fb72347afb0722c93a,test,maps/0358694.npy
358756,Random,lot21482,7e2ae545472aa43b75183b78a8568e388d17da4c7f13b7524d4ac1f87a92c742,train,maps/0358756.npy
358822,Random,lot21485,4b5bc3aeb5808a551fa294465878ef0a6b2ae3022335f920c46e4532be1bd31b,train,maps/0358822.npy
359029,Random,lot21500,f4b2ea71c66eb039527de82621cf8cafdca523f14e9191478132689414a44856,train,maps/0359029.npy
359100,Random,lot21508,5e38f49ca4d62fe5027a9aa28e9be332ff307bab6d31c03c48262c1984fc92e6,train,maps/0359100.npy
359131,Edge-Ring,lot21511,856ed93ea63a8f8f735d72955acd2c29e072461ea3741b73880a0f92e1c707d0,train,maps/0359131.npy
359370,Random,lot21532,9f9fe8479db4731f51b1620b8605a746eddac8f9572c73b38e1bce24dc11a172,train,maps/0359370.npy
359407,Center,lot21534,c10b8b9a7e38ae42b603e6db43421d4dcec50b9f4c5b2b4270a256b7c0a16b73,train,maps/0359407.npy
359412,Random,lot21535,9726bd1f84036e4796e02b9c921547e9f9e6d7fb756d9a723bfbc298ec2f9d09,train,maps/0359412.npy
359424,Random,lot21535,3bdeaf52edcc020fd0bb2c2205db44a7647cbd9df8abfdc7fa0e4b496e0bd3b4,train,maps/0359424.npy
359430,Random,lot21535,13c0ff66ec3b7220f7a5ed32b4dec1253eb66a7ca9bc92071ce7e20918385de6,train,maps/0359430.npy
359431,Random,lot21535,ae382c2a0c64aafc1379b77fd2b7e177ae5a3fb3be7db935a30ae7a632832358,train,maps/0359431.npy
359886,Edge-Ring,lot21559,9e8248e78cbf31014379093d2507b1064500884efc7b5c16ef69fba9a98d2da6,validation,maps/0359886.npy
359890,Edge-Ring,lot21559,4fcad97160a6ac3909c6dab31b74b9117bc03f0628fa006558d73c4582302c7b,validation,maps/0359890.npy
359894,Edge-Ring,lot21559,e0aabb2e5702bd8f593aaba5e3283b263957a4bcd75e9ce6147c3f480bb1f85b,validation,maps/0359894.npy
359994,Edge-Ring,lot21563,f6de453d28bb0bbaf73a21716f1b986436ae5f87dd793751f096b42f89490444,test,maps/0359994.npy
359998,Edge-Ring,lot21563,7bbaf7c15a98667561c183bb6e4d7c80ba99311d189ec7375a2f90f50e7a41b8,test,maps/0359998.npy
360003,Edge-Ring,lot21563,056d025457b520c3cc8e134e8919bfa91adedb45203236196ca28360cc85f2a5,test,maps/0360003.npy
360005,Edge-Ring,lot21563,25fbe92a662df8fe67cb0c37c1c240e75778c5d6168cec022e21d6bc773a9eda,test,maps/0360005.npy
360023,Edge-Ring,lot21564,232271f6b4cbe9d0969f3165c0f14edf5f5af308afed442373d3710002877859,train,maps/0360023.npy
360310,Edge-Ring,lot21578,0455088ef8e72bb2874d5f3d4cc2afe6338d6a48244291138276822b4e1d4d7a,train,maps/0360310.npy
360313,Edge-Ring,lot21578,f19a53f988e4928b82c942814e40e22f98765353ed62b33accffde54ad871dc0,train,maps/0360313.npy
360347,Edge-Ring,lot21580,c4bf15ac0c52d996fcbb084f5cea3d4f4403d6d6035d85e2f96d5655458f4c49,train,maps/0360347.npy
360374,Edge-Ring,lot21581,5a3fd15013dfe5f188d5c6d9a17bf4e04310ca424d15f26436d8dc1eb794a707,train,maps/0360374.npy
360407,Loc,lot21583,9ee5e9fbae7d0b887c17591ad16f6053fb48264e117ff94b9c3b9098cfd82a11,train,maps/0360407.npy
360408,Loc,lot21583,07d6ea6b7fed604a4f73234e7c5652c897bcaddbb09d7b9fe105e51ad50f19ab,train,maps/0360408.npy
360888,Random,lot21611,e322af1227747c73263453d096e50f68a82c8a6537c28303e1e0ca5d02fc7fa7,test,maps/0360888.npy
360895,Random,lot21611,5ae7ff8af00f11e11562918b249e4a8d6856a7995093b904dfb9cc75b33dd82c,test,maps/0360895.npy
360910,Random,lot21611,c87ea3a763976cac8a9f286eabba22bd6ea0706d5d396a2f086c8510548bb315,test,maps/0360910.npy
361146,Edge-Ring,lot21623,80981dcd8a34cff2b9b2e9b8de4dabcf1d049d0eb032550ed3a6c44349f30cf6,validation,maps/0361146.npy
361562,Donut,lot21646,7c7854f58b321b14501580c7e7aaa4814b11c2a9bc74318f1ad77a84c4afd76c,train,maps/0361562.npy
361618,Donut,lot21649,99810f3403215b218838d384a6a627b4d3eb2ce7c76081cd26b0dff030f4b0ff,train,maps/0361618.npy
361624,Donut,lot21649,b515746067d1713cd28694d5adeb41334488d20e546cf1e5531e764b3d01b0ad,train,maps/0361624.npy
361637,Donut,lot21649,173700b2ef361d6662008326c8457e42459665bcdc139f74b3bb4bfea178a5e7,train,maps/0361637.npy
361658,Donut,lot21650,4f89d60b1b42bb913371dd37996ca8edf249c74d76c33c86e5751773c9f3a0c2,train,maps/0361658.npy
362139,Loc,lot21678,6a7b3cff7010f6d7ae54ed0d1a0723a0da63ea9f388262bb7a999c2417d2f65e,validation,maps/0362139.npy
362156,Loc,lot21678,13bd4cb76bc76202ddeabae18471f8cb91f47440234e0e25a9df6ccf554caf96,validation,maps/0362156.npy
362185,Donut,lot21679,f7fab18d010a33dd2f4f7b11fb85c9300e8104309b17e164ffa319cc198c5e63,train,maps/0362185.npy
362532,Center,lot21697,9939838da247edc15306e6bab1c532733e2cbae914e38b634c9cf63b6f87d481,train,maps/0362532.npy
362596,Center,lot21701,e689705eea7d396d6f0d0ffeb135d2a2ff841a2f10bea4fc599f7fe1d37b9106,train,maps/0362596.npy
362756,Loc,lot21713,1f756b66e832b4b6bcdca015031e1fc77f33456a4383b1011dc2ad0c7a65c059,validation,maps/0362756.npy
362973,Loc,lot21723,9a2c82b8dda00e32cc2e67eefd4fa7650835b47aa4aecd12c968b07c81d80d30,train,maps/0362973.npy
363233,Loc,lot21741,80e80605b34fb4a3db0f6c8c83e5d5b78a3f0ea42f8cbedc52a80042cbfc33dc,test,maps/0363233.npy
363322,Random,lot21748,10f9c17fb7a49493a8e4922223fe98973a8a12190569c3ddaf49a533d5c9ffbc,train,maps/0363322.npy
363323,Random,lot21748,1d7810c975e9ecbb01355b462f44c09dea245b65148a66e6719c8b646a1f1210,train,maps/0363323.npy
363326,Random,lot21748,baf334128d15133c0a0160fd729601833f89e89e07214a896c688a19e27a2132,train,maps/0363326.npy
363327,Random,lot21748,9647878157cebc7a11d3f00a0f5428ef461a047efc5c33e328ca836f1f3bf014,train,maps/0363327.npy
363533,Random,lot21758,9cf97388e230b02e019c86297b7c72b0490a6f15a66230afc233a7870fd2e69d,train,maps/0363533.npy
363537,Random,lot21758,e80ba65c068d9e7648d09f32b5ac5c5e986fa82df754d44063ae1f270c269ffc,train,maps/0363537.npy
363541,Random,lot21758,9b49b998cf85331fc38494d7454cd0a237b0da0fe317086397958590d61576ec,train,maps/0363541.npy
363549,Random,lot21758,056265948650503a1c5f758368c15d17c41114f37f7bb9d74536e7c9f88296e6,train,maps/0363549.npy
363780,Random,lot21777,db282ac5829a2c8aceab5b5be657345f37adf723e95c2c7e57e6ee0bcc19bb65,train,maps/0363780.npy
364028,Loc,lot21797,66a65bea9ce2c6335e57846ee42b6dad72077d8f0e3b38d38868660247194b6b,train,maps/0364028.npy
364033,Loc,lot21797,9d4d89faed2af9e2a0c45fa8a14afc27f7a13561ae6c71185f75af60282a3c77,train,maps/0364033.npy
364038,Loc,lot21797,248b318d2a677b9f32bea069c98fdcb23e5e69cbf7dd229ad5d3746b0ee8faff,train,maps/0364038.npy
365187,Edge-Loc,lot21859,7816f05ba626b6955ebe583cdd41e702298f5a7202c767cf82b32bcc8f2fdd72,train,maps/0365187.npy
365663,Center,lot21879,f5839c2fa6f0503738dbdf26cba73f5465196420c6a1322377f7377f0eea200e,validation,maps/0365663.npy
366325,Loc,lot21908,6fb6452fea170ec1900502b75be940f1b9dc18da02fa716b2378b83358b20399,test,maps/0366325.npy
366642,Loc,lot21922,e6a9e0744421e5f31d1f7b38bc763056c385bc5ff9cdfff3e16b68f0dd9abf10,train,maps/0366642.npy
367348,Edge-Loc,lot21966,a4c286e25aea2e2f69efd63d0521f3e8840ae49785581e58c8e630e4d3311843,validation,maps/0367348.npy
367690,Scratch,lot21979,4199f8ab4484a3b5140bc4206936125ba242ebb3cb8cbf58c0e065cd3206d4f7,train,maps/0367690.npy
368991,Edge-Loc,lot22046,f77c82b31d9a68d885c0dfc2095bd7ce528a3023fcbb1ed2dea0cd30e91ef2f4,train,maps/0368991.npy
371336,Loc,lot22183,038c9cb7ff0665a703bae410db6d6f9938b30b209468ea0a2bfa1375ac6e1783,train,maps/0371336.npy
371338,Loc,lot22183,e0bdaaa9be5a85e47d03d45e1f5ee4634d80050f2c42f54a13dbee3d7c3ba450,train,maps/0371338.npy
372802,Center,lot22260,fb260f2794eca58120ad6edb978e3f95ffe8840a9455fdd710b230d497e9a92e,validation,maps/0372802.npy
372811,Center,lot22260,b20bc4dd34dc2888a06833fbb8cde2dce2bff0b1f4e8ca9086c9517b48cf6659,validation,maps/0372811.npy
375751,Edge-Loc,lot22419,f89a3b23021990e73d69e40e683f450740a42ecaa892ccb55af7401af1dbe6fe,validation,maps/0375751.npy
375758,Edge-Loc,lot22419,3d2f91fe0373d15a9832e6a94645909b4d505fdcff462e5a9dc9bfa44ab643ec,validation,maps/0375758.npy
375846,Loc,lot22423,3020c545edb7f863f0df86783ce348d4c9ce12c511dc041922c08cc42f927ce0,test,maps/0375846.npy
377004,Edge-Ring,lot22469,35a77539cb08a71d2958ee618b5c772e172b4f36c10780fbc3bed11f9a5ca645,train,maps/0377004.npy
377048,Edge-Ring,lot22471,8e60f7228a953a7229543ec079d7c7cdfaeb6fc5fafa33fa7476816b32daf0f1,validation,maps/0377048.npy
377083,Edge-Ring,lot22473,9d7d48f8f18f63bada93c3de40231c29474917c811adf5b22992e44834874ac3,train,maps/0377083.npy
377128,Edge-Ring,lot22474,ac6b1278a38571df0e8652d091a00a850933bc66532c97016327490c8a97d9b4,train,maps/0377128.npy
377155,Edge-Ring,lot22475,00e524ececca06ed56cdc55d59e6d9239fbefc654f62a3fa1bd34984150595b2,train,maps/0377155.npy
377221,Edge-Ring,lot22478,e15c8f4a18f2608c33abe9b0536e5931050e930bbd56e5e8e1d9d6bb66b6f5ad,validation,maps/0377221.npy
377222,Edge-Ring,lot22478,007a4820c3722f45e6d12d3145176c1ba3e595cf55c5bdd82fe85d5154de55a5,validation,maps/0377222.npy
377225,Edge-Ring,lot22478,6920eff39f98c7a1ed2df1bc70b0fc9cb083c5e56dd16a134ce5744bda66dd60,validation,maps/0377225.npy
377237,Edge-Ring,lot22479,412d92d991d667456a40e574133f038ca28b499497b3c8b8918be9b393f731ba,train,maps/0377237.npy
377263,Edge-Ring,lot22480,265959becc107cdfe9a0444450c7dfc0d22a9fba476919c5436624f147da5c89,train,maps/0377263.npy
377333,Edge-Ring,lot22483,af1287aa431992aa9e2e61b64333803b14e126cf8ed45d642ae7a9ae93eabda4,validation,maps/0377333.npy
377340,Edge-Ring,lot22483,6364b7b416b72bfaa39f70685c77d4db833de0a19d799b7152d1d86b129da3df,validation,maps/0377340.npy
377351,Edge-Ring,lot22483,62ac8eff2b54d61f4b6ed789e021f4470fcc6ab2e0ea1719eb3c3a39f24fad4a,validation,maps/0377351.npy
377352,Edge-Ring,lot22483,03ccb71d13e1365fb5a9582737faeff9764da107bf8415ed17bc962c05a50684,validation,maps/0377352.npy
377430,Edge-Ring,lot22486,d1de62d075fb55c609938a2c83b8a66a55216401f4240ccbd2358e5b27eb8c58,validation,maps/0377430.npy
377461,Edge-Ring,lot22488,ab30e66ab644aff4a117910c847e3f10573b7a1223df43f4f1853b79a6aa02e2,test,maps/0377461.npy
377468,Edge-Ring,lot22488,54cbdec40cc98ff43f72d4146f30993325863214f4a173455117b0443e336cfb,test,maps/0377468.npy
377469,Edge-Ring,lot22488,3d74d97b40c2b59cf4b3a3b8e030e5cf5d41f06c93dc9cbd30f099bc812a32a1,test,maps/0377469.npy
377475,Edge-Ring,lot22488,852270edcfb728480cf2d5bd278ce33ab4531b0a4e95c053dfbdf68cb9b24c00,test,maps/0377475.npy
377507,Edge-Ring,lot22490,46f2c29c0a15d7408f926ad2c8f25ebfdfebc3ef877831fa663ede168dd106cb,train,maps/0377507.npy
377516,Edge-Ring,lot22490,886e6ccac8cff594b7b9172a7df55d566d3adfefdd437a8f2a14c50ac5825574,train,maps/0377516.npy
377524,Edge-Ring,lot22490,addcf4accc6ad52bbd9dc6747020e3467974bf31a525c1bc83ca1ae77583bac7,train,maps/0377524.npy
377779,Donut,lot22502,d69616c708f7509eb91471a43d2e2f9deb4cb18666efdea36dfdee94f424bd58,validation,maps/0377779.npy
377785,Donut,lot22502,6a87b690ebe4b0a49816d828bb0f1bc3ece3b0d63df6710bf5744723ea467408,validation,maps/0377785.npy
377789,Donut,lot22502,69f49f69a301b9dbd1d6dd5c833124c7522885a8347b1ae22c19f13491020335,validation,maps/0377789.npy
377792,Donut,lot22502,ed84f8b9071101a7344ab393d28e688ca8c74e27ea38a5ec61ce149cc8b05149,validation,maps/0377792.npy
377793,Donut,lot22502,126c365844d878894253dc479caf0c45e77c7a709ee446cbbaeeeadcd8e80392,validation,maps/0377793.npy
377796,Donut,lot22502,1aa7be339b4ddab1a7a96d4addc9bfd3616c51a2dea0c022add86a250bfb0225,validation,maps/0377796.npy
377797,Donut,lot22502,8775767975042930be07fb0a929cd7ca5c000020f6576f366654bd3213fec65f,validation,maps/0377797.npy
377798,Donut,lot22502,1fe315166851e8b00e40d98a4070855f0c3cd2acecc3ec96f18cad25d2208bfb,validation,maps/0377798.npy
377801,Donut,lot22502,89e11c5fa7b714709b4897ad6f9b75166106295572afcc76a77dc4ecd775d8ea,validation,maps/0377801.npy
379304,Scratch,lot22596,8c5fc9029351c9857f73e26745cbac1abb7f3aa889a49a028b807a43342b1d5b,validation,maps/0379304.npy
380181,Scratch,lot22671,18c17f2c158814176996b106b7c74a731e001bb647b7c7505b4d490f5ca66899,validation,maps/0380181.npy
380560,Loc,lot22701,f843a8a41228e51bfab10b2083130f7db1e973ef55871e21909598e4df29dd89,test,maps/0380560.npy
381071,Loc,lot22742,45cb0d95bef8595b874c0ae1df42a042febb3fff7cdffc661384ba7f5cc338f2,validation,maps/0381071.npy
381178,Scratch,lot22750,356ed447c55a1d3787ab78c2940f5aa440bc6a8ea577af087e9caa0da1ad9f75,train,maps/0381178.npy
381297,Loc,lot22758,b2d5f989ae5498058e0b793479d3c9edc47fc959c9a46d156d897f43dc666653,train,maps/0381297.npy
381972,Scratch,lot22827,b78deca4d35c66ca8c94b914b50742d14e732930751cd5cb829290d4bcd00d20,test,maps/0381972.npy
382087,Scratch,lot22836,342f716156c6ed84fde84fba5603286fb3ec620da9ac88dc0d681be83ac41849,train,maps/0382087.npy
382434,Scratch,lot22866,665ab439247fcd448006c7e71ce2637a6960599373c608441491526bd7a0f373,test,maps/0382434.npy
382648,Scratch,lot22884,0e21026b3d866c1964a52d940f5f664d265a1dcd0fb4c179769cfce5359383dc,train,maps/0382648.npy
383030,Loc,lot22917,4ed22e74d18cba9e011ec8336fff05ac7bb3f1e647d8fd02a8177b55416facf5,train,maps/0383030.npy
383353,Scratch,lot22941,01ba080ad7cdb49854e686abce4e58b2265cc296866a35564be44349005141a2,train,maps/0383353.npy
383369,Scratch,lot22944,1584c19becdd7bd3b43b23abdded0c53c10998ba5966e9fe6790d0521ed06b3c,train,maps/0383369.npy
383920,Scratch,lot23002,3770d8cc92e0a65a4f47141eda3bfcab499add3e8e8a0cd9f2fefa3d339788ca,train,maps/0383920.npy
385111,Edge-Ring,lot23097,2070e05e3ae78b48b3834a835d5efbfb3e36fade8869cd2c0dfe2807676d1221,validation,maps/0385111.npy
385130,Edge-Ring,lot23098,f996e1cd429f42b48ad6186d861f1a1aa34171d48c54037ea7903fdb504035f7,train,maps/0385130.npy
385135,Edge-Ring,lot23098,d48ac297f2656e06ba3270df98e316e7392dbc9077fa1bca5bf557de846ee9e2,train,maps/0385135.npy
385145,Edge-Ring,lot23098,772a45ae457b1603a5044e7f76e75ea92d795f717c44923e27339c06e4a4dd3f,train,maps/0385145.npy
385156,Edge-Ring,lot23099,705c119c3274290a65876d764e0face6cd7da8c1f418ca14312c6f8434fd05c5,test,maps/0385156.npy
385166,Edge-Ring,lot23099,f11b2f4af5992cf2e4af9231fcdecc8209b3befb58755c8b50684a307c2f4cd5,test,maps/0385166.npy
385171,Edge-Ring,lot23099,e21da9bfc43830bc29ec29cd087a99b717740b2d17b5606a04760ba6f4face5f,test,maps/0385171.npy
385182,Edge-Ring,lot23100,e0a0f6f84f92806d222413d9314cf0d2c04cdc6ff03d3de1f7a730b23937bd18,train,maps/0385182.npy
385187,Edge-Ring,lot23100,dbfd5d1d0d4ca79c01e35831ea4b223f766abbdcd1cd3409e037222d39cdb670,train,maps/0385187.npy
385199,Edge-Ring,lot23100,fc1f8dc02c9e65cf255852e99b431e27cafcb90a65b7ccf0b5beadec0591924b,train,maps/0385199.npy
385213,Edge-Ring,lot23101,4c9dd3153888584afe61c0be4ca0d6fc266f12b669a14bdf2782e2d1f9968051,train,maps/0385213.npy
385228,Edge-Ring,lot23102,941b719626a07326da118be1dd4b9e54f341939bb855c9f8aebd77e67b512273,train,maps/0385228.npy
385235,Edge-Ring,lot23102,0d19dfe8aff5b62bd7b98641d9a56081a719b5f107729b8c78253e0bb658b890,train,maps/0385235.npy
385239,Edge-Ring,lot23102,25f656f5cd7a8f019a95f7d392c8d02eb53b70bce4b5de9d31b16f4653e0dcfc,train,maps/0385239.npy
385270,Edge-Ring,lot23103,3ef92859e60160f59942207656426ccbb58395138e307940fa045585a46266ae,train,maps/0385270.npy
385272,Edge-Ring,lot23103,af3c96261069c5d747707d29ee7eea125ed9bbafead00068f59283904d74932b,train,maps/0385272.npy
385317,Edge-Ring,lot23105,ba5939a55d3d9f371dc11e388ed463ff9956c9492e81c7d8f4080ec5070182e0,train,maps/0385317.npy
385356,Edge-Ring,lot23107,88873286729dba73a0a5ce4de34c2dd1dbb52237e1267b03a8cf213107963220,train,maps/0385356.npy
385360,Edge-Ring,lot23107,ae0dd28e9477c51913d301935d85663efb446bda3902000fa492368502d0cb65,train,maps/0385360.npy
385379,Edge-Ring,lot23108,13029946ce9d4e3f028084c3cca25fb741eb76961c9cddca09f6e5366a85f91b,train,maps/0385379.npy
385416,Edge-Ring,lot23109,4b47e099184b9e952f95fd9c6b3519a4edf9d1c7aca9ffe65ef5f996f5551fc6,train,maps/0385416.npy
385418,Edge-Ring,lot23109,b8eaa296a5ae2ccb8f02bb2d6dd60f0c27ed7d1adb6afe270c1649287c9edffc,train,maps/0385418.npy
385429,Edge-Ring,lot23110,0de294cbbef4b21a34e9ab26eb6876d7876d2db08e69bb845bb9ac465c3bf0dd,train,maps/0385429.npy
385440,Edge-Ring,lot23110,7e5020c62eb9e8471d38d07a87a87ec1044da6879dc14d53a9fda9784d3ed293,train,maps/0385440.npy
385441,Edge-Ring,lot23110,3cd9a4951f48fe48b3c89ebc9405f6b1eba2298c20231da18d67a0b65a02353f,train,maps/0385441.npy
386229,Random,lot23143,3cd72ad6199c3958740258502274814010af75eb026227ee2487b582f36da096,train,maps/0386229.npy
386231,Random,lot23143,327dd699037c5f3926225078b84f5e47901e7af2772f154a33dad1ca01697f09,train,maps/0386231.npy
386908,Donut,lot23173,ec4163ba3518bb1516b7f63d7fe47a65396d103d60e1eeea3723720af4f02116,train,maps/0386908.npy
386923,Donut,lot23173,21d528fe2955d6fb4eb7242795b44c2bcbcb7d557e45e14440320886d46797f0,train,maps/0386923.npy
386933,Loc,lot23174,27cedba6959ffcfc0aa9054f9f7230c4a8185776b45923c9e5fb238bb48b554a,train,maps/0386933.npy
387058,Donut,lot23181,aa01e810085f1da5bf291d6bce0d103f36392b448ceede082613a822f13277fb,train,maps/0387058.npy
387064,Donut,lot23181,2e70a0d176a8d4ca656b6386158fb29b1d15c2e7635ab88a54e1f9252065a06d,train,maps/0387064.npy
387072,Donut,lot23181,942f8efd30f16949f7f3c0d82b1dd5c729acb8c42835aa2a66bc4941b12a855c,train,maps/0387072.npy
387100,Loc,lot23182,7d1a3745ec846244127c0e2c7ae2e8601c2d112697f83021121634dc5b568a19,train,maps/0387100.npy
387217,Edge-Loc,lot23187,58561af0fd040921135676338a51ab2b8b86e1fda9d52ccd85099599ca566b50,train,maps/0387217.npy
388154,Scratch,lot23254,009779f04626fcc2a33ce66d80b3b6fb7e332f48885d9a3c577dbf7e74b7fddb,train,maps/0388154.npy
390259,Scratch,lot23429,e3177ac0faea3d48a4735868189be60de9a8c3fec6e0de42f5f81f0318310942,test,maps/0390259.npy
390837,Edge-Loc,lot23474,cded78eb93062e22566c07444359cc22a5dad25421b1267856a8da6a2b27b41d,train,maps/0390837.npy
391123,Donut,lot23494,98faeaf838174925235e06319804fe9fda8e6ff1526d478933a2cf07202e9911,validation,maps/0391123.npy
391138,Donut,lot23495,dfc65ae495bb68850d4f6ae84c73fbf6492196b6fe0d50bcd2d46da58f7030d4,train,maps/0391138.npy
391183,Donut,lot23498,66b90e6785fac882e8605a7540b73c830555dc80895fa0beaca8053dcb4b8fb7,train,maps/0391183.npy
391520,Donut,lot23512,9e9b8a5acd2ef76790a3f6c794cbb42fae363c2f5d427167be97fc86b86cd130,train,maps/0391520.npy
391602,Donut,lot23518,9085e40783f02c4abeac7c3b7851418fc696e3799839e80ce1adde42e5ae302b,train,maps/0391602.npy
391651,Center,lot23521,4ce94f79dad8f67be22758f13a495accc0561be40b21fc1e5b5f6466ea02b62d,validation,maps/0391651.npy
391778,Scratch,lot23528,017254855a132125ccf02aad1ae2848a48bc918d9499069f4466cc4d54a32a4f,train,maps/0391778.npy
392443,Edge-Loc,lot23555,6ae444cb15f02de1854342aaa6ae735b94cab99be20f3ed6bafb2a52a715c0fe,test,maps/0392443.npy
392527,Loc,lot23559,0c85eca4791ae9c21fdf622760b0952d8f4fc048dd9213601a2ea2faef682e46,train,maps/0392527.npy
393807,Donut,lot23612,96914351213d83a7240a4d1e96d262471d818ba90254b3b136594075e786aa5f,validation,maps/0393807.npy
394073,Scratch,lot23622,708bc2b8ed47e7061ac23b641e2d44b6d7d7c9f18796a5d03674ac169038609d,validation,maps/0394073.npy
394356,Center,lot23634,995136ec5d57b2951615931cb92e3b75270761454bcaf9629c7bd1bd806fd9ff,test,maps/0394356.npy
394360,Center,lot23634,3a5d7dcdfaaeea37cab3f7ba4831942eabc296683b38f36b0680c50b6b961e4f,test,maps/0394360.npy
394482,Center,lot23639,79ae385e2163d8d1f96d4981a42876c7896a527ab01b716e35bf3f94201c99c7,train,maps/0394482.npy
394498,Center,lot23639,e4b5782ba6890da21a9a93ebc2fb7bf34edb7106d38c5c095dea72df5f717d7c,train,maps/0394498.npy
394519,Center,lot23640,6eddfacacb7193d5ea26064eea88f25a66e09fb7ac26584337007d8bd94954d4,train,maps/0394519.npy
394524,Center,lot23640,a12cb9d2de16ff0091615ece3a901dafd6c4da4bfb89b2fdff3ae130727b5cb8,train,maps/0394524.npy
394572,Edge-Loc,lot23642,1bf94cd4f3fbb79f7844dc4076d5e3d0d0c08608e7a89eb5337f71737d7e2bb9,train,maps/0394572.npy
394575,Donut,lot23642,e5a124b494a44a0e6b90bfb31b6f59de13e5d070ba794d5d2f900173b6519084,train,maps/0394575.npy
394707,Center,lot23648,acd6752391552b449b4192f408317f5376beda3b9a95250faaf23bd67406e82b,train,maps/0394707.npy
394957,Center,lot23658,9d69594fc4da29e3b9e25bd37f963ad3dd971625bfc9b48a6689365f3e1a5e6f,test,maps/0394957.npy
394972,Center,lot23658,6bf3bc5711d478aaec604be8291126b26de270655a0fd51253b84126ff0fea0d,test,maps/0394972.npy
394975,Center,lot23658,bfb6d231d8edd74bb0a18c47520c690cc00b9f01d54df7ffeb4dcd6e5233ae2c,test,maps/0394975.npy
395072,Center,lot23662,ec4f6809a0d0f67049527ae8886d39de52ff3a9d3b0dac0e8bf0e4a9c9dc2d71,train,maps/0395072.npy
395165,Edge-Loc,lot23666,bee7385c8c154163876c92f7589afa84bde1bc0956559c3501f4635e6bd481a0,train,maps/0395165.npy
396717,Donut,lot23731,bde126e469f467b00a0b3d6084b6527c83bab2ec95abe7aed155a87d52489173,train,maps/0396717.npy
397850,Donut,lot23798,de67775e4e430154e2486a2426666ee66b1136fa2b0b1ced41e8821dafedd118,train,maps/0397850.npy
398412,Edge-Ring,lot23844,c29dcd92c339ca7a211e50a22e54892aa2e64fb4d38979d9f88d42731af55809,test,maps/0398412.npy
398616,Edge-Ring,lot23852,2e7017d8e36194346a291efec5af71434c6cfd0b026356e8725eaf7c8c417562,train,maps/0398616.npy
398665,Loc,lot23854,e1bf5b2da5c4bbcc57f4ac9cd25606bff3e35cf3dc07444c578719a3fa7fe27c,train,maps/0398665.npy
398668,Loc,lot23854,e8a8da3a57447a72f344bb7593dbd6c9357753f42cd8baa0f757c070c9f25fd0,train,maps/0398668.npy
400788,Edge-Loc,lot24007,57fff9a3ba3557c12e57b2b736dbc6f830794265a41b3e98d086a282e42748bb,train,maps/0400788.npy
401275,Loc,lot24067,bd3e13dffe61ddd7b36d4352480c4fd4ff8eec247ad2e249458589766f1b56d8,train,maps/0401275.npy
403219,Random,lot24149,bc62005b9c8bb4f68bf7a4341c1f232e14e2cffe980a4b6002090a5e991d848e,test,maps/0403219.npy
403981,Random,lot24183,549a98afd512f5d55d0c26e03beecb758c13453b12079afc78003d9132631902,train,maps/0403981.npy
404496,Donut,lot24207,9a7315afe4037c01b6cce98d40511e9dbac992ced98248c2cbbb9ed44d0ca2eb,train,maps/0404496.npy
404497,Donut,lot24207,9cc1d089b45acf1bf07a0ce388bee1c4c2fea9fb9493bc0c8ef00822cf9ac43d,train,maps/0404497.npy
404527,Loc,lot24209,086f920d3e0945b5ac7ce7617163dcb44816897584de706cd911e75cb666555c,train,maps/0404527.npy
404550,Donut,lot24209,14a21bf5e64da4211e91c205029580088ed341af1d5c217f2d959f94aa1726d7,train,maps/0404550.npy
404589,Loc,lot24212,d4ac2b472c6cee70456026fd9055d7b335799fdec8f88926c7a1f47184ac3d0e,train,maps/0404589.npy
404988,Center,lot24229,648db934b3fba9e220be71b7ffc3e6d84ab395190d588ce9c1a9c91aa1f720ab,train,maps/0404988.npy
405130,Center,lot24235,046aa4cedf9a4dd1edd044f3aef12fe8fa26d1c7dc21280b853028c5a00a8b3b,train,maps/0405130.npy
405713,Loc,lot24260,b1d19d105c673614183465f7a314da50ad715309e7dff826bc8d7289e5447198,train,maps/0405713.npy
405719,Center,lot24261,a838f3b725601af197a98ff4f593becbb267c1537135e11027f60fa015b7f373,train,maps/0405719.npy
406850,Loc,lot24324,d0714541d5bd06c6df2b49f6bc127a41ea1cacaeccc0feac006d7a35e7f38f14,train,maps/0406850.npy
406880,Loc,lot24325,bcf361f39030304dc2f1724e1f229e6f6dfec46229ff2f4fffe2480b46cd5249,validation,maps/0406880.npy
407178,Loc,lot24339,753734e48a41c4cb3a87a5e96821d37efdc565b094932079bded544dc4c4263c,test,maps/0407178.npy
407200,Edge-Loc,lot24340,eb41b6b447314fbf91b3e770123c9571dbb361d69275ccec1d5cd7311797f0dd,train,maps/0407200.npy
411705,Edge-Ring,lot24522,fa17697902d4ace74bc5c971ff1598052a5c456375d88dacaeea23b582cbacea,train,maps/0411705.npy
412421,Scratch,lot24552,27abb7d41ce83a910d7f45c081313af831463ca3d85f010fd5649116971137fe,test,maps/0412421.npy
412605,Loc,lot24560,5cdf5e9fa85e81ab0c4661d9f73e5fe741c7368f046e562c46ee1086e4467096,train,maps/0412605.npy
412720,Donut,lot24564,9e78a6bbdbeca50ee683128f13eab3ce0b2991eeee73b07a00f02c6841f09b74,train,maps/0412720.npy
414289,Edge-Loc,lot24635,7fe5de2b5692880c9a658a0f0cb84aa0cda271d9a2463d7dbd7e539e66f44130,train,maps/0414289.npy
414294,Edge-Loc,lot24635,83c8c2a80858855a56d1f7a68d052db8e869673782f1de6606d4f53a0b21d861,train,maps/0414294.npy
414449,Donut,lot24641,54bd0ff68131408cc1eb7ba20224ea71b109cdc8dd176df071689e2fd031b0ff,test,maps/0414449.npy
415666,Edge-Loc,lot24701,622e300264ad76f670d8849f81cbc9929566b2fa47df3b142d6ee54d3ee4cfd5,train,maps/0415666.npy
415774,Edge-Loc,lot24715,2fabd2e28b8c111934176ada42038c99e49856c50ac1907d45cc7e1bb88274ec,test,maps/0415774.npy
415985,Edge-Loc,lot24746,471942ec5d5441647a789226546a9cb3d47693cc3d3a29bb35482a444ef7af19,train,maps/0415985.npy
416193,Scratch,lot24780,e4b35635ba6274cf8d04aa9dc7ba7d45619003995d78a1b4e4d4d93d341b20db,train,maps/0416193.npy
416198,Edge-Loc,lot24781,db9fe98b0cf7f2b46f26421d986c7ebb568d2a34f0b59657b15856551e06340f,train,maps/0416198.npy
417005,Edge-Loc,lot24896,f16575b021017ed29e40c9969660ac5d2632ec241ed93b2148d55edea356e25c,train,maps/0417005.npy
418849,Donut,lot25118,9001420671f1ab15f0fc526d2cd90da0a2e79c56d9fccf67fd016474df73860d,test,maps/0418849.npy
418850,Donut,lot25118,6ce740bdb3945ffb7d3bc4efce0bd57db479ff6f09e14d64e2345f5a690e7276,test,maps/0418850.npy
419723,Edge-Loc,lot25172,4f6d44fb4eac2cbec97efbd62805afe9a2e04564c19eda78be0b7c142a39e10d,train,maps/0419723.npy
420413,Loc,lot25247,edfd9454282bcd12862ed1b61af37e5f92c30b4ad1344a80ef2d459a243e1a76,train,maps/0420413.npy
421045,Scratch,lot25278,62f4295ba617f9e087136013ed3013b597ce170853832a17e4f6e3497a3f5699,test,maps/0421045.npy
422751,Scratch,lot25387,c8b1d191f9e4d3dae4f6cf009a4cd782a465fdbb6f3c6ede1dda836757075b91,train,maps/0422751.npy
422831,Edge-Ring,lot25391,77e6f7eda0357bca1c165ac2c0cef51d178866f93eb4a4937e056efadf771c69,validation,maps/0422831.npy
422836,Edge-Ring,lot25391,19bae018a2db38feeb5b3f586bac5fd320b425e582399fc088c9c2b513843beb,validation,maps/0422836.npy
422903,Edge-Ring,lot25393,376d9df52e07605f89e850645a6b626bcf334d6dcbaff20a269ab4243e61cf81,train,maps/0422903.npy
426209,Loc,lot25616,22e9ba02c34cd7a066ccf01e594d216160ec284b2cbbe9889cd7bd1fc9acac7e,train,maps/0426209.npy
428115,Loc,lot25847,d3daa2aecba34d5a293fedaa20310d800b145a5e43df44c2d54101158647d427,train,maps/0428115.npy
428576,Scratch,lot25903,f0e20747a0e03e1a8960b493b23c5e17bd013e160ad4ade595cdeff1107c496b,train,maps/0428576.npy
430389,Loc,lot26084,8026c0a380fa63823e7847e003c2e811a71005aceb908502e5e250a7e108b591,validation,maps/0430389.npy
430394,Loc,lot26084,70794a74f7c18757ed18d943a7b49eda7c4d5aba572e27fa9459cbcce471c31a,validation,maps/0430394.npy
434444,Loc,lot26288,45216d5ae1a12b03bfada26851fca74841077890b49034565921f502a8c1dc77,train,maps/0434444.npy
434651,Donut,lot26300,f4153dc54eb8df429d5fbf78fe87152cde9b864ccd54a2e39bcaa0d87fce2b58,validation,maps/0434651.npy
435268,Random,lot26324,6c09b83c6ee4a3d8b9a8b5d34cd9c383aa4ed4d1848ddff12acaa7171395203b,train,maps/0435268.npy
435571,Edge-Loc,lot26337,d1ae00caf60d2c76a1479b75ab212cafdbc44138b57344a5b5f007389a9fa9ca,test,maps/0435571.npy
436602,Scratch,lot26411,05c918e0d65ec832d4922ae67ab634c5b53352f33e0e42090f736a2977484ca8,train,maps/0436602.npy
437295,Edge-Loc,lot26441,56b5567cdce14c93e162cd575e6af385968705d322f8620a3a12900d5b9c56e5,train,maps/0437295.npy
438019,Donut,lot26473,db0d1072120fe7ec5d63612bad9c362dbf345cb33e290a43fed2405b0969b888,train,maps/0438019.npy
438836,Loc,lot26510,d5390d7cdadff44153206315bf40a59718d654a193fcbf22af65c161dc13a3ce,train,maps/0438836.npy
438872,Edge-Loc,lot26511,f667734aa026d31c40565234f4f926be3d55b175519236c0a8ff87f6e0816bce,test,maps/0438872.npy
439092,Donut,lot26523,94296acdf7d4522431818286205093bb74bcaa3a2d5e7e7fb99e2ff096a88a16,train,maps/0439092.npy
439479,Edge-Loc,lot26624,3e1ed07134291402530f473a36d6bd67f243834de5d367bba81662612c759689,train,maps/0439479.npy
439482,Edge-Ring,lot26624,7051246c3c33e8927ef3b64ef3b7b1abc079b2587624266aeb2c0f37f9a1c64e,train,maps/0439482.npy
439487,Edge-Ring,lot26624,0265cc4d2cbcb9635a11a78a3ff1f60b7026b89f7e93320f0aadcf9ad26586a9,train,maps/0439487.npy
439565,Near-full,lot26627,67c2963a27492e7727590436566f07afd9a57c238064d68f069637c8614efff9,train,maps/0439565.npy
445316,Edge-Ring,lot27312,4ee363d4bf884c345561e9dec8fc9830ddbbf4bafa6ff8dc182c280da5d30a70,train,maps/0445316.npy
451308,Donut,lot27673,8c865e8072c2d5a48c153c330a92ba152bc1130c973ff3344c43c52b410422df,train,maps/0451308.npy
455805,Edge-Ring,lot28083,3e4b62dd71a92031ecb4bf081fa5b27486b5aeccba80d75eb13d3f9c184c6463,validation,maps/0455805.npy
456298,Edge-Ring,lot28106,9cfe1b875fc6c731576123132379907b9f044b693ab5eb041f2ca9342aa05c57,validation,maps/0456298.npy
474100,Scratch,lot29225,3254a0d5cf8e17afbe9e211004fb7ef1b5ef950ebc746a4fd34a2535deb7f2bb,test,maps/0474100.npy
476506,Scratch,lot29424,e5aa592bc3039f941edc89d9e62787028d1a0034493a12482ca80946096df241,train,maps/0476506.npy
479626,Donut,lot29697,0211f9dbb02941c4e5189710c21481189ec40e8d2352c782142c873ac87d8244,test,maps/0479626.npy
479635,Donut,lot29699,3b3418ac8d6c04f069739fc1c010c044905b7835a12a95f4b5c705d7acc09b6b,test,maps/0479635.npy
480947,Edge-Ring,lot29798,fc90fa503f6d145ccfa19cb8d5dd35e142335b2b5680ee7040eb16072d16df84,train,maps/0480947.npy
493499,Donut,lot30521,dc50020546030df3886ca756e57dbf77820773df9441526724f4c2ec892de73e,train,maps/0493499.npy
508712,Scratch,lot31720,8b7411e0ea5a0f8b8611d38449e7026b342fa4a2d26651170d20d6bcabe368f8,train,maps/0508712.npy
512192,Donut,lot31960,5f61decf7758eac60eefe04ff88336820daa6893f3a52aecc6eb4eb42503c46d,train,maps/0512192.npy
512202,Donut,lot31961,696c859d0c9e18469debdbe421ee4cb2ef1c036fd062d14a2700ebf664eaa0e3,train,maps/0512202.npy
514821,Scratch,lot32161,f48cb78e0c77a4d7766bb83411fdf81c75d9707b811abdbf947b4efacf536917,test,maps/0514821.npy
514845,Scratch,lot32162,f92f99131e62d3903175098d5c3f6c96a776bbdee1f3b9ac6174061f269a11d7,validation,maps/0514845.npy
524073,Center,lot32772,6e580ad2e83e7d794de3418f30ccfd3590f88e9a463bb4f4d141563670c6ff69,train,maps/0524073.npy
524172,Center,lot32780,5b977b6681f50f32d36282892c9b057e7600ce5478960dcddce20dd80201fece,train,maps/0524172.npy
524350,Center,lot32791,9e6a4e8ebc32d73203cd56b46ad18cceae2581bdbbd7299202c856b5607734de,train,maps/0524350.npy
525741,Center,lot32885,c0415b0ef00859be455a7cde52e0e3b5f342b6439ade9c9c08f2518618f21f0a,test,maps/0525741.npy
525787,Center,lot32887,7daf0af5938fdab1d1324b7a2ee54ddb90ce6e2f26878608db36c496896d4b56,train,maps/0525787.npy
525868,Center,lot32892,af56d6cdfbc329971e364added5b693eaad290bc62287bcad6418a7aa9818681,validation,maps/0525868.npy
525884,Center,lot32892,e6657e19ca8f3640ba51e4c72dd6cfd9eeb6a08511ecd65077f8cf33668518c0,validation,maps/0525884.npy
525901,Center,lot32893,c0b2b43c5b8fdc7cb4a570de00ecd9ed6be763a4fa01c1a87f12393e9ab59a5d,train,maps/0525901.npy
526032,Center,lot32899,79db83d2d6f8ed732205cebb7da2ba7c8fc3ec5256b2e381519d1a58f6c21b1e,train,maps/0526032.npy
526656,Center,lot32948,be6a23f9f9fe7219ebd25ac85aa7e430cd4f7c2368d3952a6152a933157a89d2,train,maps/0526656.npy
527103,Center,lot32972,c56ab2e6b643183e84380cd4bc83a06aa2aafc4bff297cb1c9ede8fbb4d03580,validation,maps/0527103.npy
527313,Center,lot32985,b2a25abc2c395720cda8739c02a91dbf658f7b88ee597f7eaf9196b206604ef8,test,maps/0527313.npy
527398,Center,lot32989,1d37d2d7fc973761796faa98f1e92d510050c7dc42731dc1dde4d35cddd06849,test,maps/0527398.npy
527704,Scratch,lot33011,2f749edc58feb6b11c9fe303cbb6015e90056d262763a2d9bb6245694ea3c009,train,maps/0527704.npy
528065,Center,lot33063,9de0d134308791c7e767361f0e51081a09b7d13a8fdedff05d8ebd0676b27be6,train,maps/0528065.npy
528303,Center,lot33081,964f98b4920c967166f3298c06eb99ad05c34a8f86f1710fcfc4a09423b3e603,train,maps/0528303.npy
528483,Center,lot33089,235d2d3924420f6b8c71d66c77a088be8edecb48247e2281638d4f9b652f8edc,validation,maps/0528483.npy
529401,Center,lot33137,87228598ae6a2ad496c1dd0a9569259884722415860206534216ffeedf6d2130,validation,maps/0529401.npy
529789,Center,lot33166,7e390da006a2b97cbcf03eba6082250c493ace2c68a261f2260a13747777c29c,train,maps/0529789.npy
529792,Center,lot33167,0741307563fa74ce064323d936a33325566e8212f7e42a9b0a2c84ffc9e2792a,train,maps/0529792.npy
529852,Center,lot33169,3d16b1e8ce428cba8aefba21ea44951c07081f6aba14d94f40a65ea5bd7d7d52,validation,maps/0529852.npy
529880,Center,lot33173,cc8dcf178c2c061e31bffc0338a0ed80065e18132edc74b98a2f1c643e93a601,train,maps/0529880.npy
531332,Edge-Loc,lot33258,8874d6fc559d0797a9ce41b1f786cca7a15913c733149f519ce69ebdedf70913,test,maps/0531332.npy
532323,Edge-Loc,lot33298,6da0e4cc059dd814e5e59d14691fa9cf05d01bc772132327ae82b75d0bee8db0,train,maps/0532323.npy
532928,Edge-Loc,lot33329,c751808b4bc127be4b3d2a79858353e375f1b900569d554213632b87efd470ec,train,maps/0532928.npy
533690,Edge-Loc,lot33364,c0c2d350cd9b86d0d0468ab8e963b20d527483bc8458529cae80ef2c56f77498,validation,maps/0533690.npy
539315,Edge-Ring,lot33657,f44b34adab7d22102b18722aa90f41ba379d638c4503728ba7df48bb1d8a7625,train,maps/0539315.npy
542775,Donut,lot33911,53fe5cc09f3341b5a084b3a83e98d256a57848b1c6fd4d439c9fc50eeb7ce76d,train,maps/0542775.npy
545307,Scratch,lot34071,6e648bd1884ce562d98a6957c70a457f4fb3ada1652fdf282b47261463354183,train,maps/0545307.npy
548134,Donut,lot34325,e1d61821582b955964d41543d3ca47309c5d512fd2f6228ed00bea0fe23bfb10,test,maps/0548134.npy
549601,Scratch,lot34460,7477d1b4cc40bbe6b7af6dbb13fcaa2ae37335188e2d2b645f0064b85f99f96b,train,maps/0549601.npy
549696,Scratch,lot34470,2a6aeef01bd952acb322cec0d5a0e67fc3e40992331b9f798e95895551562904,test,maps/0549696.npy
550536,Donut,lot34550,7e3135137b54be7802c8c40a8ac185cc0c85622d364b2db4ea6dd533242c1ccb,train,maps/0550536.npy
552135,Scratch,lot34680,0ebc1fd8e9f7711bac6f9c347ca1285da0476dff4721f7c401b1b7787e7bd377,test,maps/0552135.npy
552166,Scratch,lot34682,e2bdffae7719ff557c5c084527d0ef1205498d7ae3fe199fe849ff853803a64e,train,maps/0552166.npy
556912,Center,lot34958,8dbbae8d85542fa6c244f49a1d21fd52508478092bc53fafcbc1db4b7a9adeef,validation,maps/0556912.npy
557466,Center,lot35019,30c7af624ef5ad28c63c03da692a56b1b060f158867df7dfc782fb17f614602e,train,maps/0557466.npy
557510,Center,lot35024,1692f5a084a218a61a8f7d1fc64ee5a7eeafa4dffe651b103c6cd28e82412354,train,maps/0557510.npy
557523,Center,lot35025,5aa8710b5c645190d2723df698e99da184f77a84ab14a819f477870e6981a10b,train,maps/0557523.npy
558548,Center,lot35133,22d07d174995fbe8f2b112d6e6b6670ea706160b4dea2179e635569ec0005f56,validation,maps/0558548.npy
558649,Random,lot35140,055fe7389544f54baae637edd929c232ddca230ca4d8ed99d8a99a3c30cc7622,train,maps/0558649.npy
558756,Center,lot35145,e0d0e41ee1de5cfa70d6d9a30621b7cfe350e67e23c1db1b652b6fea4ba15cbc,train,maps/0558756.npy
560488,Scratch,lot35243,60dc1f1f838f8fa755392f31bbf9e242e20fd1733484d29acefa2d0ed52b7978,train,maps/0560488.npy
561029,Loc,lot35280,2666b12eca18e7c73d8ac2f677859d80cd18f13d76a3db77828d284c5ec5a814,test,maps/0561029.npy
561381,Loc,lot35296,5add8ab49213f29af521ffefa4eab1427f254d496ee986894b0b7acda330c03c,test,maps/0561381.npy
561721,Scratch,lot35311,8e36f74da4a9eec84137b47bc5579ad6051704ba2e9e7b1aa376870f5c454862,train,maps/0561721.npy
562520,Center,lot35351,1188377d91f1a964e59c010e1533d478a9ec948779810085bd415d4296a4c496,train,maps/0562520.npy
563900,Scratch,lot35418,7148c1bce557369c1eeda4cf7195dba5f6878febace05abdb92de88c609fb836,validation,maps/0563900.npy
565586,Edge-Loc,lot35501,741b23968ce5d6e6d9a92d172f781943e4e21fd7d76d461087352a960941b081,test,maps/0565586.npy
566289,Random,lot35533,a440f1949e91a6dced7fb57dc2673f5681295796bb1258c015f47850c055428b,validation,maps/0566289.npy
567151,Random,lot35569,304d69668dc382fe8750194f1136b7c0bb7b1cc56939e54a657ee34f51133f9d,train,maps/0567151.npy
568152,Edge-Ring,lot35617,59cdb9d03dfd985fedd27ef37bfcf37163cf7b084d8f73906c36b074448faa03,train,maps/0568152.npy
569913,Scratch,lot35698,c4e3530c89c463363321f9ca930481c2d1bf7cd39f290b1b00e2cbe6533d0f5b,train,maps/0569913.npy
573695,Center,lot35899,543c584585085646f94333ff8502363fbd2b0c2a3a9448e7f920e1b76c8e0610,train,maps/0573695.npy
573763,Center,lot35906,ee2d928da43a311ddc6539bd26f18ef5afe31235fd89658fdf508c7db0ffff43,test,maps/0573763.npy
573773,Center,lot35906,e779c495c7bc12edb4a8968aec9e4fb1cff99f035becbfe4047230d4b50610a4,test,maps/0573773.npy
573841,Center,lot35913,a723d51fd98e8d632d1bde7c95fa0d6ab2ac4a7e5cf5cd1ed35955f91c980046,validation,maps/0573841.npy
573847,Center,lot35913,5dae3c2797caa73488fd4ab2c5bbc3ec32dca98f58d0f27dadded2c998867564,validation,maps/0573847.npy
573854,Center,lot35914,242648343150e54d649bbb5c1d255aa9abc549a6d883a480d6043917a8156bb0,validation,maps/0573854.npy
573883,Center,lot35915,fe574b36aa3345c237a24cc87ee4b61a2e4a8c55e738a510413a5f69658a08fc,train,maps/0573883.npy
574037,Center,lot35922,0462c6ebe453f50b3c6a23765c1d3045b28f0f21c32a87bb2811dfb3b9e1c454,train,maps/0574037.npy
574041,Center,lot35922,498c04811864a2b72412331cf287564f5a00d846a8cbc357a5ec054352f041eb,train,maps/0574041.npy
574082,Center,lot35924,44906c103666000aedbba03e6af3215d44819f31ee4db8d56a7689776f0f11d9,test,maps/0574082.npy
574275,Center,lot35937,0a2c3cf2d3cfc4ae93535dbcaf52d6021701e571acb052aeac25b36e98485a74,train,maps/0574275.npy
574299,Center,lot35938,9ceedfd1ed688a6f6b9b7e4d0983f6edba40bc3576ae5d63929a0f3b76e8fd13,train,maps/0574299.npy
574386,Center,lot35945,ee1ba5a4219c7dcd3ee4eae76603a2b82a3ace894aa66922987a7dd0fe887f96,test,maps/0574386.npy
574399,Center,lot35945,0c5fc0cbc7b7c09c065315607d3bb9028d685e04b21503702189b3ffb05cf809,test,maps/0574399.npy
574484,Center,lot35953,2f1ace37ec1ae26858c60e2ad42e6ff386bc8eaba21b69ff22761e07c27ec3da,train,maps/0574484.npy
574495,Center,lot35954,506ceb1345290b9238e497d32014bfb945c1eb5f6a88da17086d6eb37d404b2b,train,maps/0574495.npy
574513,Center,lot35956,f23f3658ff6783dca586ae36ef50338befc8134d6f6d41d0059ee9f5ac99a1bb,train,maps/0574513.npy
574561,Center,lot35960,9f3a3104ff407ef6c9b595fbcdb3eb2ef55277671bd92db42dfc7967169cf918,train,maps/0574561.npy
574642,Center,lot35964,85cf5d655399739d087c4af32890ebb9baf3264e5df1b219f82a9e9baaed9748,train,maps/0574642.npy
574705,Center,lot35966,8463347b27b40ea52a8d854881544ecf32705b743447158b1169118779dc872d,test,maps/0574705.npy
574724,Center,lot35967,9893cf542ea4372eb0c895cb005b2a5451c117b10441acd8a6d34052459b2f43,train,maps/0574724.npy
574728,Center,lot35967,a809968dc6ece8b4e4594bfb48e7fce77db05d7e15dc1ed30140415a641ef111,train,maps/0574728.npy
575524,Edge-Loc,lot36001,30ef8932c7906367ef40fc5777390aef942c3fea842b11b7c26b710226aaee33,train,maps/0575524.npy
575729,Edge-Loc,lot36011,678675f1552a5b3cee4f4caef339bb8f6b22721d7bd6671883fdb1843f27530a,validation,maps/0575729.npy
576239,Edge-Loc,lot36036,dfc1da3c284282ad76523d5c74c585e1ce0fac66b10849fe5e4f8fa0488d7580,validation,maps/0576239.npy
576778,Loc,lot36062,5bbfb7a9c303d63e1aa5561a6637d947bc410006c995678b83ee062a7c65afb0,train,maps/0576778.npy
577910,Random,lot36115,3b411a66059607d1feb39cf2a92e65b018444a4ace2166439a272d9c40733044,train,maps/0577910.npy
578125,Edge-Loc,lot36126,5c18d0e0d2a027270a9296dcee66a62f1668905d6e5dfdec547d365c27b1f2b9,train,maps/0578125.npy
581671,Edge-Loc,lot36321,518758d44efb19e9eaa33bcdacf7e7dbae02fb7f3329bf1b9a055a7f5af191bf,train,maps/0581671.npy
582121,Edge-Loc,lot36344,1316596a921de8bc75cd6e18d1c88735c91b9c9646c40f037cfaef7800765240,train,maps/0582121.npy
583081,Edge-Loc,lot36393,e32d3fa521e16e9fcc2eed2c1d380f8f3d5c1b69a7ba6f2ba50c39ec7770ba4c,test,maps/0583081.npy
583863,Scratch,lot36432,8dc744cd973ba517ff155550c31f516baca5bceb5698a65d518807037a056760,test,maps/0583863.npy
584207,Loc,lot36447,07d21949e40139d4cba6ee36f3c0e87b218cf7104cbf4991d499b9ce225163e2,train,maps/0584207.npy
584663,Edge-Loc,lot36472,327094a4420474e71f7dbb34e71d83015294aa58c1d8838461de3a52f7d10c17,train,maps/0584663.npy
585180,Loc,lot36497,e8e2bab5aa97273242bdd4314911623ddb1cfaf6dee2552f53e1e28978c35a4d,test,maps/0585180.npy
585951,Edge-Loc,lot36539,b6d034b195888bd5cd49b1b87cfe42e30ade2c223dd2e5f20568866452bd5e06,train,maps/0585951.npy
586146,Center,lot36547,dc58527c337fbd033124bb7318ac81ecb0908612a4ac8872591148cdf6a7f01f,train,maps/0586146.npy
586164,Center,lot36548,aa8ecb049971d496271f6f6e4d7892f686e8cc91b84d013a548faab960bf3b77,validation,maps/0586164.npy
586204,Center,lot36549,04976cc872484545d462cfc92e6ab9e1d52870425661016fc4a15422871c8b1a,validation,maps/0586204.npy
586249,Center,lot36551,e6664ae25210fb2acd4a6c65262d4182df8ddd067f052ba845793b7e328979ff,validation,maps/0586249.npy
586250,Center,lot36551,8d9c9e9881b2d6be35fc861ee19e73c02901c50ca178a23eb0c2c2f927d0cd93,validation,maps/0586250.npy
586273,Center,lot36552,eabdebe4062740091d842dfa6f54f0b5b0c8666d1d4716cfd4965a56b6d7c551,train,maps/0586273.npy
586348,Center,lot36558,78b235bad8535b49807c983bd97cd4518afb6ea75a31b318f311a3a9b1539f79,validation,maps/0586348.npy
586365,Center,lot36559,c1ff26d56ef0086c3fb3ca8a900a4f4006beeb51d72c9301ce732ed6097ad1bc,train,maps/0586365.npy
586406,Center,lot36563,9ab6d903d8725a041b3cb8a938f9eeee1c672ebdd7d369e96e45628ec40c47e5,train,maps/0586406.npy
586456,Center,lot36566,f4c96c578600b304dc9dbd341a448b568b7a0318dc4037e8fb3c55a9952ebe85,train,maps/0586456.npy
586533,Center,lot36573,df212391fcd1b3e20bda7884cb5a587d467376a88fa29e714f6d2d5b2bcd0209,train,maps/0586533.npy
586588,Center,lot36577,ec3e1c836defcb77970d6c9d36956c457ad9fe23799157dbeeedcae5566422a5,train,maps/0586588.npy
586608,Center,lot36583,ec5ce3a9a92778b88cfb0438a8ab9ebb82f3ffb643b7fd72c54e486664d758e2,train,maps/0586608.npy
586620,Center,lot36584,dc4520a51a5c747107e48588f45adf598f7a6649ce0f689efb20c6889f6b5fb5,train,maps/0586620.npy
586656,Center,lot36591,f2a96a7a08acfd114d09eef96a3643583fd2b451f36aa3a1177c91fa57f54b24,test,maps/0586656.npy
586657,Center,lot36591,307bd57d5e5fa178630195f7be21a8c41d33ed2bc501bc9d5b2bb132d8167417,test,maps/0586657.npy
586676,Center,lot36592,8d0e7b76ca422fde3c41935c6723caa8b31401412071b097015c2518068b7ab4,train,maps/0586676.npy
586731,Center,lot36597,2056bfa3bae7c2bca0a3b1035a96ec1fd112e76f843884e78b994e5634e6d52a,train,maps/0586731.npy
586753,Center,lot36599,bdc30eecd8079cdd4d04e0386409388a57e9d4a3780b8db17f0a37ea5ecc154e,test,maps/0586753.npy
586763,Center,lot36599,d0809f670e3e7e35c0c063e9c648b323aab230fb6ffd1a7283060fcd9da72b05,test,maps/0586763.npy
586769,Center,lot36599,58dd6d1005e3c9e4fc3e98b54b649157abe5d65562caa10ee97e0c78837c66de,test,maps/0586769.npy
586787,Center,lot36600,ef3417dbc4b24db0a711dfb06abf8ac55306d74980ec373b345b5715b7f4207a,train,maps/0586787.npy
586866,Center,lot36608,6d698f039deb056afa458807bb5b39decafd48df3848ee5d8d957ea5657131e2,validation,maps/0586866.npy
586889,Center,lot36610,4dc7ee4e509b5efcfe13ba25cb4aec1305bf6d5d7629f1617a16ac7a42ae6b4a,train,maps/0586889.npy
587030,Center,lot36623,87a2eebb44422b8226a28b118ac1987a54de36a6a9776ae1fe5a77ea914012f5,train,maps/0587030.npy
587145,Center,lot36631,26492859a65075e69d8c43f8bfb0d48d147e65f5d0af5b4fe464f87003d887b8,train,maps/0587145.npy
587188,Center,lot36633,9c3db53f99669fbfddcee38bbdc1d2cd3d087f8876da25b828b16ac20ad0ed70,train,maps/0587188.npy
587235,Center,lot36634,4f7fb6c4fad80ba5d7f4d6ef9be4715452f746150a262fd34a65bbbc021a2a00,train,maps/0587235.npy
587318,Center,lot36638,3025f29292e4edd2b9cac84e5672c52a1d33226a8e2324383daab585ab8a6118,validation,maps/0587318.npy
587333,Center,lot36638,ee5b4b1d035482ae9df635a7cc72f20ddbe7ec2afa0a0fda58956b11a2135134,validation,maps/0587333.npy
587335,Center,lot36638,c386f63b6b05f080839a3fe805385fabc78a301e837298c837655e6fecb28bc0,validation,maps/0587335.npy
587359,Center,lot36639,5781ff5279237b387659dac16f5a710fb8812f308c9cc199dc7bf476c8ef06a8,train,maps/0587359.npy
587513,Center,lot36656,3d4a4165d9783d0f65546664fc526db50230308fb742291bf79d9090a69dc16c,train,maps/0587513.npy
587584,Center,lot36665,308b32cc3fd482daa4886db8ca880d70497fb4436ebb47d2110244fc18769e29,train,maps/0587584.npy
587634,Center,lot36667,3f547fc57f016b833603bd988ec14c327e5ad6a9b3040bd04d2447fb9244b232,train,maps/0587634.npy
587679,Center,lot36669,4c434fa1693580252fe034289040e20fcf399b571c6050666c396336513a384e,train,maps/0587679.npy
587680,Center,lot36669,459fd00c45ec9c6d77aaaee5ead43f2d7e08a491b5b7b4970684be7378ad9061,train,maps/0587680.npy
587730,Center,lot36671,adca40480950782db07fa3bc9542e21ef398dc67d88b36c67f3e7818b0ad3e4c,test,maps/0587730.npy
587778,Center,lot36673,9e869512797f6ad616c9af2c54d4d4728ebae4d5bc8b785458cd47ac8636b993,train,maps/0587778.npy
587797,Center,lot36673,3d10bc07deb73920a74bf73d868ea6b103f2d1c545c4a4fb4a7cdf270c025f07,train,maps/0587797.npy
587833,Center,lot36675,fb16e6572da8473b5b23e909675fcb619cd9103cb09d2fc9ae48ac2959845841,validation,maps/0587833.npy
587904,Center,lot36682,579c63b3b1e14fd17107031ea886b37860fea4572aba4b8a9a6b8766bd473c50,validation,maps/0587904.npy
587908,Center,lot36682,200472b9a6ad5a075446ca7bde507acbb2fb52fa6b0ea81399219a766c32ce24,validation,maps/0587908.npy
587911,Center,lot36682,65bf231fe633c41c8e399eb9f3a36b6574f12479ae45e45ee2aa698695675dfd,validation,maps/0587911.npy
587972,Center,lot36686,8b715628fd6d423bcc24a45d2da4c2c38ebccf050f364c45564036aa13eee5c6,test,maps/0587972.npy
587977,Center,lot36686,248be928aceacaf4f16430cb94a946dd7e9368f1c366670b67413c38c967a447,test,maps/0587977.npy
587978,Center,lot36686,a1972e592f2ab77b0b1162f9b96d319c33b4fce872c5f69be1f774f00d65b04a,test,maps/0587978.npy
587981,Center,lot36686,61914f9426b98f84c0483653e2e7fe4df944e5527bee13e99359986221d8978e,test,maps/0587981.npy
587989,Center,lot36687,1a93e1ae02a4c557d3779bb8d0efabfd0d70858ffc6ee39055f8e3c31628e6af,validation,maps/0587989.npy
588055,Center,lot36692,b0bf300f224110c4750daa485a0292796d16a2d2bda5f2ce248297b9c3152d09,validation,maps/0588055.npy
588073,Center,lot36694,a9fc0ee75d92d57967800059c1d2d4aa65dc4a017815187cbfb127291fa5046b,train,maps/0588073.npy
588101,Center,lot36695,68f4fb3930f8b2d6cd1b84bbf660782f7e8609eb2312358c937f5457cffb3e83,train,maps/0588101.npy
588111,Center,lot36696,3789a9e6a951f6bc8ab8f8f89bc2a2ec5475d7c31f7ea1af7a8860e381adf0ed,train,maps/0588111.npy
588116,Center,lot36696,bc02d1f739bbe5c0fec183b09692cf285fe1074cfdf2ab95fd7e5f15b36ea7b8,train,maps/0588116.npy
588119,Center,lot36696,3af05dc2f2dd07fc4676c2a757b1806486894b857e5375495dd0f853db91fa1e,train,maps/0588119.npy
588181,Center,lot36706,c234eee4747eb3e291c8e68108c12a0a7d67af5cf8ed354c07cee27f7a1f4ff8,validation,maps/0588181.npy
588263,Edge-Loc,lot36709,97754a3e210561d126af498386e541b94d4809497e2b298d0cd50cd60cf47fc5,train,maps/0588263.npy
588280,Center,lot36710,ce2a28a12a5750ed9b9f6d31421b6118e07cd184c98b2f60dfa5044f5708e919,train,maps/0588280.npy
588314,Center,lot36711,61df139965f60216fc0358f1dd807c53ce1ea815b5f7bb6c5896c7de43930a4a,train,maps/0588314.npy
588355,Center,lot36713,6f362a93d5df3d091c10e464521efc31a071eb8ddb94ec66ada6f7b8baf636e5,train,maps/0588355.npy
588375,Center,lot36714,3efd0f3e4d68e1f1a6862c7cf1e73603d4d4161e4249a5967c5c5cd1f88c0cc4,train,maps/0588375.npy
588429,Center,lot36717,656b3d6c82d46cfb6a517773c9fb277b17f6314ff88093c768807c3de1904af0,validation,maps/0588429.npy
588430,Center,lot36717,7d7b340da1aabf9975c9932e61155b7024b1501a134be9d9266d15d4d3160aaa,validation,maps/0588430.npy
588457,Center,lot36718,b6698208f243fbc66f9bd82d5f76eb5d7627aeac7400752a40bbe68872c073f6,test,maps/0588457.npy
588471,Center,lot36718,56105f294a6364117b4ac03cba5b76f93d414748b67d5091ce203e13e6dbebe7,test,maps/0588471.npy
588472,Center,lot36718,4fae943fb430ecaf30b3ee82f1db01af8f0e338ec2d77250a07dc6b73c508d3b,test,maps/0588472.npy
588522,Center,lot36721,b1679adcab60b5ddfd60e3db57fba16d161c71e9d50c60e9b2be69b249ab134c,train,maps/0588522.npy
588543,Center,lot36721,a1e2af8225c536df64a0e42f6cae00ff78714510e49dff8b126c9347888bbbda,train,maps/0588543.npy
588548,Center,lot36722,68900f80d52a33fd7a90bc3e495fbe74a5694a8929a720b080d2fdeeaf577878,train,maps/0588548.npy
588551,Center,lot36722,28b4a945faf632bb3b32aa33be20b36a21df32d14a7cc1ccbbfd9e92de8af5ca,train,maps/0588551.npy
588553,Center,lot36722,34da3d4cc46a4982eacaaa94f0b9a3f1a424f7b7911cb620610a6f338886b61a,train,maps/0588553.npy
588556,Center,lot36722,f7ffedf61f1f148481745f1e368fda30742443cac88b2e09ffd486c2fc86bbc8,train,maps/0588556.npy
588565,Center,lot36722,dd2103bbc3d61b06c1bb83dcbc7b730af04009b6ef5fa3ea9995f1f624bcab53,train,maps/0588565.npy
588576,Center,lot36723,0c12561ca7581d5488be0f308f925c4333683c7d28ebf8b0c926b1d5ea17600e,train,maps/0588576.npy
588633,Center,lot36725,62f1579413efbe3976492565ce338fb6c00543df4c5e65ade8ae0ad808a59f6f,test,maps/0588633.npy
588649,Center,lot36726,bf83c9421471df64feedc0c1a7f77e95edcab7991f0819480bfd7ce5dd959bb4,train,maps/0588649.npy
588720,Center,lot36729,d8f7c000af4e9916312a0f9bc0d8b4b7d7935867952cf7c1c573d3d03ef198d8,train,maps/0588720.npy
588799,Center,lot36737,4c1d0a6ffc153c4d637280d7479328a2c8abe70df96e396b654c64f3ea5506c6,train,maps/0588799.npy
588823,Center,lot36738,46a75beb78c20586205453dd4b9e6c3434a05a1b0eafa8a45841c41c5bf16561,test,maps/0588823.npy
588838,Center,lot36738,2d29e4b48daeb32a95bb0c41ccd6ce5d4b79e63bce5bfe55b9b4f57aa207a033,test,maps/0588838.npy
588901,Center,lot36741,50fe9b285c2220e03f04452b214c3bae04bfd9a15d780d083b9c74e51a826e81,train,maps/0588901.npy
588995,Center,lot36752,61a6d8c75db8e02d3c193e910fc7b73b2994b792a8935eab9e7da49716ee0bc3,train,maps/0588995.npy
589161,Center,lot36758,36ca6e3eb85680486be1ff630c7d013411df467ca5486fbce6f7a743bce025cf,train,maps/0589161.npy
589191,Center,lot36760,2a99505363878f93f3f0352ba3e593b127e51fd14cfb800a262f0d3066d1a50a,train,maps/0589191.npy
589232,Center,lot36761,1bced685d4f06ce8593138707e818c2654b8d530c980e32baca019b86876dcf9,validation,maps/0589232.npy
589291,Center,lot36764,0db89c5383808ce86e3762e8a2e986ae3c733ff90bc4a269d9724c1bda943dc9,train,maps/0589291.npy
589297,Center,lot36764,61e612b63498532203faba69eeedc67cb8d259ee8271e906fb32fb8cf01e9249,train,maps/0589297.npy
589318,Center,lot36765,38ed8868a4349b49a65d45214e739b571653d69ddbe58b7093d60e8546286ec5,test,maps/0589318.npy
589337,Center,lot36766,5ad499f5502d1357ae2f662428e68ea228310df96a639a9df695f48428a66523,train,maps/0589337.npy
589344,Center,lot36766,004c7626703a2572e798b1b28bc5467012b53380dfff86256b412d057d450656,train,maps/0589344.npy
589405,Edge-Loc,lot36773,ee6587fe83b3a1bfb9ed84190b19083b47dd07c1dc62326bdffd7cf2661fc3f6,train,maps/0589405.npy
589454,Center,lot36777,c750a4502d624c03bce7506cb55f3794a1d1359a145c95d90a2d2c04332b042a,train,maps/0589454.npy
589471,Center,lot36778,3e3fe70426c8f454628820e4b0c5469f4d6e4a2694ff4bf3ec9d2d5102838ed2,test,maps/0589471.npy
589508,Center,lot36781,196f81e43abda794763f728dd96dab6b190dfe21e75396305e429aa8aa66161d,test,maps/0589508.npy
589517,Center,lot36781,0eac3109b2db8fbbfc5497f22337a0c4dda8865a9ea41292a07a08b3f1a975e4,test,maps/0589517.npy
589522,Center,lot36782,0bda75f25de46c505ef89b8d22ee1677b02e70ae26de065e97bb2fa0f2ff2b4b,train,maps/0589522.npy
589562,Center,lot36783,3e2cf1d0835e0685b50e10ca556b7783bc18419b5d6dc342fdc9f8abb99396f7,test,maps/0589562.npy
589602,Center,lot36786,b866cde1c501bb254ca741c9a62b9d291b0d5409bcedfb8c3db17a593ebecb1a,validation,maps/0589602.npy
589776,Center,lot36808,276d05ec197038c88af08d16065aac7ba2a217eebe11103f9f7ca5ea87c607ab,train,maps/0589776.npy
589825,Center,lot36812,cd42d74fdce383d8523b4761b7fb83fc39a34ecf8eb6c9a5df7a27e180f63caf,train,maps/0589825.npy
589939,Center,lot36822,d505f3ee1003ecc867aba17367827cdf2c13c51234c06257013c0d6c38c549de,train,maps/0589939.npy
590027,Center,lot36827,05ff9c0c519d79ed8b39a46256ec02fc9205bf5bd58f662048bf31babf6bfb48,test,maps/0590027.npy
590036,Center,lot36827,55f27574c908df33c4c36428d10bfea06b4192aa60ecadca049a1fb37b27ebdd,test,maps/0590036.npy
590071,Center,lot36829,ccd4e0f37222a4204cb010b8ea4f1caf7784f2d01d51c0d9d2b6f2e2070deb8a,test,maps/0590071.npy
590096,Center,lot36830,954eb5a4714962fb0436448461b8a433ee781b49e2c5e5d8d266266b2e598768,train,maps/0590096.npy
590128,Center,lot36831,00e4ad80defcb4a52d885c449f36231c3366333d6aa96bed54f7d0dd6b5330b1,train,maps/0590128.npy
590133,Center,lot36831,700c5bb1720eec51b60f60d88e9cc9d88e60c84d09d7d607aef54adb84ca2691,train,maps/0590133.npy
590268,Center,lot36837,28bd8893ea211f90d19a999e6bc990f2500b7541b33103e319105d3df2e66308,train,maps/0590268.npy
590270,Center,lot36837,c2c18debb7b7eed506805b183104b6a638a15f56db75c5cfdcf90401d5dfd11a,train,maps/0590270.npy
590313,Center,lot36839,4f2ed539c97f02726369cc68239379f61917f23ae353146a4d427065fee21aad,train,maps/0590313.npy
590318,Center,lot36839,1a2972106cd11f552fbedeb3a799e1615b3eff85939e173d62d0da5bb8de4c00,train,maps/0590318.npy
590397,Center,lot36845,c6279d5d45afc55ba96896ce80f2592dee456a5363ad286671c302a38f7ac5e6,train,maps/0590397.npy
590407,Center,lot36845,303622d5b36b5f0542f5a2941d1c52e3c0cdcd052319c74443a20af65a492b55,train,maps/0590407.npy
590428,Center,lot36847,8d3deb38342571873063c73c2a73d71c3f7a661341c1566d511b088acc0f8f53,train,maps/0590428.npy
590461,Center,lot36857,c2fda88ef06446578add6c02232755b1c3ba385a1b6db943d222a56edb495d64,train,maps/0590461.npy
590463,Center,lot36857,c1dfdc947b80bb3930a4e67cc8d0467586212ea01ee7b0deb18911122a0944b6,train,maps/0590463.npy
590472,Center,lot36857,ffc679236a433b2129a88f3a303241516b7599d7618793c65386f4bebfbb1178,train,maps/0590472.npy
590477,Center,lot36858,d0491d40542ec5ae62f8d30e59915475a1e2a3995c52a305c1e37c89f289a5c1,train,maps/0590477.npy
590494,Center,lot36859,a81c9eb4b21a32a0e4c914df5db43495852de5a99d78acea92e908c24769853e,train,maps/0590494.npy
590522,Center,lot36865,d32f5ce4399c14afe3c0d86f278566404f6bd0cc67530257e0af7ac5067f6984,train,maps/0590522.npy
590536,Center,lot36868,17ce094fe79ef5e2b6101a8f2660ee9e3002e4eb80d5c71295fc7e02de600b4c,train,maps/0590536.npy
590538,Center,lot36868,12dfde1688dd7fad5ca4657e275624fff96ceb391b9e076715cc4eeef98f4ea5,train,maps/0590538.npy
590565,Center,lot36870,093ee05ef346ca41eeafd7464db200b3be33fc2540928a9214fc6e7e8d5c3390,validation,maps/0590565.npy
590621,Center,lot36878,8844fc484c75715202f69c8f17d1ef5964e2f064d078ade90ca2bb721804b94f,train,maps/0590621.npy
590669,Center,lot36882,5b7901459471dfa321c6bc2b20e7294f6df86895b96fcaa32feb1f03b47c9b36,train,maps/0590669.npy
590746,Center,lot36893,8687fca8f5c6279815d875041a82b385284591af050e30d821c3fd2b6bb273cc,test,maps/0590746.npy
590749,Center,lot36893,7a3f9ed766e4ceccd9a828c505abe3b5270fd2ce5de066af15923fb0e568ec87,test,maps/0590749.npy
590843,Center,lot36897,1b73bf2228274581e4248ac02588eb7e8e7f5e2881474124ca027418ab781ae8,test,maps/0590843.npy
590860,Center,lot36898,38446ed2ebfac91f58afa890fefd1ba40096f23980b1a02fe885b12c35408fc5,train,maps/0590860.npy
590870,Center,lot36899,48ecdaf8646bf9eb103694ab857ad3592189f2d30fea7bddacf9f39073cebd2e,train,maps/0590870.npy
590961,Center,lot36909,cc488ed794b2544fd1723dbd78449eaaa9309a3cdcbd0f46adfca968dc82b4ee,test,maps/0590961.npy
590965,Center,lot36909,e814cf87147eac9e482b52098fecb7f7cbc2c1b7ebc1794fc60a9d3b8339f545,test,maps/0590965.npy
591052,Center,lot36912,496b297fdd9822784966e5b222595b1dfcc2b10eae78a4f775f25524a9a54bdf,train,maps/0591052.npy
591057,Center,lot36913,a4147ce722fa6a5c4b8f83f48efa6ea9bf5cecdf9543ca818d7ada5b71b96410,train,maps/0591057.npy
591273,Center,lot36923,c08a94d831653f5f86ed301508dba1cc32302118075dab7cbe46381a1826cd08,train,maps/0591273.npy
591277,Center,lot36923,a7b630c7bef7bd55c4e9c23bf8ef18c453823f4371468570b0d5f3643240b32b,train,maps/0591277.npy
591415,Center,lot36929,72e95ab67faf79e9ec4c4ee82997304c412dbf7f15a660c09e5920194b8bc663,train,maps/0591415.npy
591453,Center,lot36931,aff544f521cd2e52bca62768ef37b4df30a4fc5ec51124fb473a31c4f554dfe1,train,maps/0591453.npy
591456,Center,lot36931,0b2c8df584eadba4588a3aee3cacb419df8ceb11a1a5bb96c494558443268079,train,maps/0591456.npy
591569,Center,lot36939,608a8c894310dc17871b13fd2abee69ecb2b6767ac24489cb6bc2f650b6abe25,train,maps/0591569.npy
591670,Center,lot36943,dc2705ee224b377e00f41ae3de2516316733508376c4bc6171516d43f840bc85,validation,maps/0591670.npy
591673,Center,lot36943,d985fd8024fd2ae0a572d946a0ade98426135bf7608fe6e0fb5313fb6020a797,validation,maps/0591673.npy
591674,Center,lot36943,00778582ecaf13d0b58299795da8e7cc70115f26ed28f7f33d543209cde6f188,validation,maps/0591674.npy
591676,Center,lot36943,c7d7d8107e1e54df1694f7bdfa4c35898f74dfa3d2cbca635ded0126df0a6a24,validation,maps/0591676.npy
591678,Center,lot36943,6cf3892b65bb3e9b48f82e6e7ac396d1aab4871fed51374d06c8405901152119,validation,maps/0591678.npy
591805,Edge-Loc,lot36948,b17ba48b4d809b6dcf9f906159d654dfe007bf91c6a4fc261d780aa21471d0ce,test,maps/0591805.npy
591838,Center,lot36950,ab11fcf9e411a2cf67189eeb43fb14e8da7d1d7861cb5b1c0cff1281db089d02,train,maps/0591838.npy
591935,Center,lot36963,32f17461d0abe92a6075c0e1a91db1ab9516128820983ed5d4a03bda8ac9f1e5,train,maps/0591935.npy
591976,Center,lot36970,1474f9a53248bf1bb1b49c381ad1ff85fe5f163e353102dc16f93f2b57e90c83,train,maps/0591976.npy
592016,Center,lot36973,a4e0a90a9900fafdfdee3153e47b079fd399ec8e88abb22efd87bc584199d70a,train,maps/0592016.npy
592029,Center,lot36974,c170ef58cf49e999b970ad2c2b17102fe297e71897b09bf581839bbf73dd411e,train,maps/0592029.npy
592042,Center,lot36975,daaa0784bfbb0316d8e5415e99e78a9f77b188b04a65f40b6c374ccd9afcf5c4,train,maps/0592042.npy
592151,Center,lot36983,c187eec67b48dc014d4f106f108c68aa10aeba59069554ef34672ac783a6ccf0,test,maps/0592151.npy
592197,Center,lot36989,5d83de24da29f785ae37294003d2544d1e42fb4bb72beea31ae796abee54417d,train,maps/0592197.npy
592228,Center,lot36990,52537035cf5c91bd3efc26b9386d996dae05b4f5d27d81e844e936e15bd02e33,train,maps/0592228.npy
592277,Random,lot36993,8c48462966c1e55eb2cc6233955011832ab2033d285ef62ce4055b1721375c1b,train,maps/0592277.npy
592292,Center,lot36993,6d9510a0893feed9042120d0b8227ab7b8d210a3a4102f6871e2fedb670a73e1,train,maps/0592292.npy
592316,Center,lot36994,b9500e81e43dd8414ab7175234284d95eb71d2f5ec450595708f8f04c6f194fd,train,maps/0592316.npy
592431,Center,lot37012,41a5227ef796e2809a1fc309ea2979b372cb4d669e5b166f347352393dd8f817,validation,maps/0592431.npy
592452,Center,lot37013,f7321eb37c8aaffba84da6f7182bb43de61d944298cc7f4e0571da69f4fa59ce,train,maps/0592452.npy
592466,Center,lot37014,0b906c2f18a978bc87e73de4a8bacf6c00ca114a75ed0cdcde2e726de504bfcc,train,maps/0592466.npy
594333,Edge-Loc,lot37197,4326a1c2c5860d2667734827e3db33c80d49a5fc7ae6f5ec800c9d7cab0577e2,train,maps/0594333.npy
595064,Scratch,lot37265,9ef954c952b1a3afaf61b13ed52ff2946c629310023660bc3c9dc7e2263d87e9,train,maps/0595064.npy
597953,Random,lot37516,a3d33d5d12bfa491cccd464f34fd0737957172b48b6ab5ee60894764d202604e,train,maps/0597953.npy
598664,Edge-Loc,lot37584,26036908d231926ad078d2fdfa9a43b5be5077b62aa6b6b625522bda4873204a,train,maps/0598664.npy
601262,Edge-Loc,lot37813,b666cc321edd97bd43c0be3b14b282c3d04a649ee8244ebd860663bc7dd0edf7,test,maps/0601262.npy
601333,Scratch,lot37817,188b5d9dd1675a898382f2b8d5a2354880a7e44aa59e4eb08445f2a7319bb12b,train,maps/0601333.npy
602487,Scratch,lot37907,af580c9cf58976bb5e2f5596bfdd3d6f7761e438187e51d28af90834b423860c,train,maps/0602487.npy
603682,Edge-Ring,lot38010,52840b2e458a2ebc781d58b0e4d027a7ed5fca2d688fbdfbd67aaec9f7dcf4aa,train,maps/0603682.npy
603757,Edge-Loc,lot38016,b718e1aeb8e3f0ae57f5d79406ad35827c08e3d71571e8231d43f2ad48fd3943,train,maps/0603757.npy
605358,Edge-Loc,lot38133,5bfcfb84ccd9bdcf896143f42ba5971ce168ace432e73c243b30ae32655dd52c,train,maps/0605358.npy
606279,Edge-Loc,lot38183,d290dc5a3ce3d036b966949d341fad633fc311fb3cbdda6282e2f24cf72cf5a3,train,maps/0606279.npy
606776,Random,lot38206,7191b2addca4fd61a1eea67c2354d124f26617615efd183479f94928de9c14ad,train,maps/0606776.npy
607030,Edge-Loc,lot38222,d8b2f99c7a7cd75ddba1e44fb66b353613ec38fbe9a990a493bf1690b20776cc,train,maps/0607030.npy
607160,Edge-Loc,lot38231,d27ee697383ead9e678f75e70fe4b4b56efc60665f54b6bfa36c60479a31693d,train,maps/0607160.npy
608166,Center,lot38277,14ba1e0b53bb108b888c7b1717a3c44d0531b356bf1b51145871d1b8ec52844d,train,maps/0608166.npy
608499,Loc,lot38291,10fb061410328e4dc7af34d759909ffe8728b651fd4017c214f1548be3b0fc82,train,maps/0608499.npy
608906,Edge-Loc,lot38307,3823a9fe90519872d212f1161d1c2f8ed3e26dcece640628f64e276d66f51d42,test,maps/0608906.npy
609054,Edge-Loc,lot38313,92aea69be7c7f6b0e848e9aefa7adfdffcca756a3849d5b46c2fd118b02c3592,train,maps/0609054.npy
609192,Edge-Loc,lot38319,62461bdc0336ac221bf29f77be15e5981ef8942bc25d1450f6ebea9e0c41d85c,train,maps/0609192.npy
609201,Edge-Loc,lot38319,dcbde88802b3c2a4e04ccb0ddb198486e1c61938f1cbfcfc465d4c7202c80050,train,maps/0609201.npy
609558,Loc,lot38337,de6570300ce4120722249db3e50c09390104c4d75a9f1a7808374d16ada61d46,train,maps/0609558.npy
609599,Edge-Loc,lot38339,0cf8497ca6ac35a94fbbaf15361d1de9d2643b06b59e347b1bf98416301c4346,test,maps/0609599.npy
610159,Loc,lot38367,4f7ad5283fcb68da655040b43e815fd63e0c4ca6a0d270833ffa9fce3e06cd24,validation,maps/0610159.npy
610382,Random,lot38377,e38dd2e6bc9ca1a1f114195fc74db6641272e8fdcd5dde7872033b6c89c3c36a,train,maps/0610382.npy
610383,Random,lot38377,5613a719b7b6bea6d5a319164e9c1fddca26d05bf0aa03ffa28bb56afa82d25d,train,maps/0610383.npy
610392,Random,lot38377,47d4d06bfa090fe4c97bba0563b5498f53be61909d947d0575d32d1ea99d18c0,train,maps/0610392.npy
610414,Random,lot38380,3f9a06b598997a1de26bb959877030e48dac4ede6e0fb0defae6b32c6fdc303c,train,maps/0610414.npy
613297,Edge-Loc,lot38532,bd5cee82e96bbd9c303dbda0f8be44b38a1bab41fa81d55dfd47806f50817f39,train,maps/0613297.npy
614649,Edge-Loc,lot38606,fbbc76324d026c46d59f53000f59ff36560c9eba381a6f2cf862192ab01a20f1,test,maps/0614649.npy
614991,Scratch,lot38624,a7ea15f15fa807d00c71d8f13d1f2afa218ef934c053a2197c1325473b93acc3,validation,maps/0614991.npy
615587,Loc,lot38657,34ea593150547134d90d8a82d060d90e29e8ec14c7454cf66c529da4e2c7345f,validation,maps/0615587.npy
616521,Center,lot38711,ab5e3b9e73fed77f1316c94dce0b8fd63349a53ee2085962f091c7d1b7774c39,train,maps/0616521.npy
618547,Random,lot38810,57a168a136a8f90057695b594f456812246d820da742742a8d1f82f093cd6ea8,train,maps/0618547.npy
618548,Random,lot38810,8bbd96b2b24c99b053d6070682a691445840d061e5186dbd44977c9b387a852a,train,maps/0618548.npy
619477,Scratch,lot38890,85adce85986ae2f7aa138ae60d9f95fd05c3817da0649665c4c9f440293f03ed,test,maps/0619477.npy
622581,Random,lot39132,c06d77dfec3ec1666eb06e1ad9d5dec50d241e2e8702bad9a555821bba010779,test,maps/0622581.npy
622782,Loc,lot39144,b11edc5bd4c09067435f5fc399a5904e25abacaf899e7042eec0c15679aeb7c3,train,maps/0622782.npy
623221,Loc,lot39165,415b9589c05297a3bf4b36bbde67469b64622cf9e34bc326ed6bd7b59a11f124,train,maps/0623221.npy
624255,Loc,lot39212,321d691c8b6289310d077a36102908feb6e01a3957dc87ebcb00c1232ed5f24d,train,maps/0624255.npy
627167,Random,lot39389,5f0d1931b8490b88cbf5a6752da319c28bb1b6ea6d0d9886e49e506b3bc33f6c,train,maps/0627167.npy
627836,Center,lot39434,09b6d6b035ab620ab7d6c0f293d46a77cbf4885dd77b7eef522b213e462297d0,validation,maps/0627836.npy
627840,Center,lot39435,e2e334b4b0d338b6ebd7c6c00f129a6b22a25acddbabe62383f0389030a85fc2,train,maps/0627840.npy
627843,Center,lot39435,779df9729bf763b88be5cdf0137deecbda773c0d9f5f734fda8b18487c94dbe5,train,maps/0627843.npy
627875,Center,lot39439,6361ddfb3bdc3d59695d4494d381c508109c15a4f82c9a3d1ec74945dcd28d3e,validation,maps/0627875.npy
627919,Center,lot39443,f16376ad0000627ffbdddfe0f114b67d208cc13295c3f963e50087cbdfdd296e,train,maps/0627919.npy
627934,Center,lot39445,725be9c26cd7004c7e368523d27699ac040086f63debbdd62153e8c32a6277c8,validation,maps/0627934.npy
628055,Center,lot39479,416fa16208e847ee851f856b5515e76124e70ce338ac0063bf32fd6f03c00baa,train,maps/0628055.npy
628057,Center,lot39479,b4c2e52a136645cf36d84503a6ac07ba9c821292e6a521ecea8e08fa6e29b496,train,maps/0628057.npy
628059,Center,lot39479,240ff56683f92c9d624ffc6359f9e4c087c09be9da7481e4ca0aefecac6185d7,train,maps/0628059.npy
628063,Center,lot39479,ce3b29072f295a032c0fe2db57efaa778e176b1bd916983135da84b6ff0cbd53,train,maps/0628063.npy
628073,Center,lot39480,a3b63a32b35a9c771a9c9ec15548c4f439e95250b626b07ec2a8e5cea9ffe061,train,maps/0628073.npy
628103,Center,lot39484,9f68197de3ebf23879d5b0baf8c636eef25cfa80eca7136b1f1b32d7bd0b1ace,train,maps/0628103.npy
628132,Center,lot39497,4094b87a76fddd5c4f8e8a133676ca76598abd5b29e3552839bcb536ea5ed80b,test,maps/0628132.npy
628222,Center,lot39508,092cbfb5929a41b3671d374101bef5282efe0d77d0df8e22506aee55b0961aa4,test,maps/0628222.npy
628235,Center,lot39511,d591d3e6bbe792e67d08c02ec61ffbb2406f64c24f2bc75eaafe35ec72d58819,test,maps/0628235.npy
628248,Center,lot39511,58fb99bc1b35928ef5691bb39435207c7fc547bbcb920a2567c9089c10b8ed23,test,maps/0628248.npy
628257,Center,lot39512,930bce93059ec6cd32326d1a286cbe7ef18d30d9588adf5b3d7fbbc83aa6c0d0,validation,maps/0628257.npy
628275,Center,lot39512,397efaf1fa7284e05896572f74aacf73d430eb8e2dfbaa808d460a1aa65ab4c1,validation,maps/0628275.npy
628279,Center,lot39512,2a1fb9f06212f22382364c11e8831268e7b186e65baf5e0e176cb0c1f10e905e,validation,maps/0628279.npy
628299,Center,lot39514,7123fc6833bb9d75fa9c041660b69dea6d157cef5edc23620b38f6e132c31a42,validation,maps/0628299.npy
628342,Center,lot39521,51e88cb38dceb1183960b305ac3ca5b07bc1eec32f9ae3881b22e36e278df722,train,maps/0628342.npy
628486,Center,lot39532,a42a3c3d9363c91e1b6b9383ef2728471a5f998aeb8a69526e7e6d7c33f28f4a,test,maps/0628486.npy
628600,Center,lot39537,06857fc03f9135045c249267a0245f19059649c04445b59da4418d8d271d7901,train,maps/0628600.npy
628601,Center,lot39538,4370955f0a4cd7810288ee5d7c92406d17d7e0bd7afebc88bc200ae1c3f9a237,train,maps/0628601.npy
628880,Center,lot39556,140d6f6e092e01ebd3c96f762c8dc4fb6816af3a241b0107505c8b839419f132,test,maps/0628880.npy
628885,Center,lot39556,6a47ea50ff9214babe92f6fd4d3c9abd5914b265fff302549d911c9f658e3256,test,maps/0628885.npy
629007,Center,lot39565,14eb8a16bba1f2df0ab52c6650ad6d5eb4742ea295efb2f6aa0e09acd80fe58c,train,maps/0629007.npy
629011,Center,lot39565,a35012446f5cc6153a0ed9aad240ef41c0803411fc54979c45998fc7fc9b835f,train,maps/0629011.npy
629013,Center,lot39565,5bd3f1b2a20ac238df6451291b604283d44d7ae3fbd967570f4b264a48a03e53,train,maps/0629013.npy
629039,Center,lot39566,bc7dfc49b8bca50185a35700a1186f466afcf26f7ad5f9ef06982c4b7f1b6f24,train,maps/0629039.npy
629211,Center,lot39579,c525edbb639d91abaff482cc67fbd59be76faede4d018db47d0fe86e401d14f2,train,maps/0629211.npy
629222,Center,lot39579,b9859a9ed3bfffd9b84b824ab2c846ba7139e2ba29b5211de658ef648d583fc8,train,maps/0629222.npy
629514,Center,lot39604,147cd5aa62d6ae1979dd80738eaa460ee3a702d577b4a1a08002619184592556,train,maps/0629514.npy
629597,Center,lot39609,5dd0e6024fa5df8fa73a128bd666cf8bf3ef00ba02fe0f70f4687f2598e717aa,train,maps/0629597.npy
629642,Center,lot39611,54f14f72644c2b5d55b9fd1e64e0a4aba9ccc25eaf667357e8c38a8800fd4e69,train,maps/0629642.npy
629963,Center,lot39632,e2fbfef1b7a3ea1283d40653336268a95a496c68f38d7b7830453930d69c2edb,validation,maps/0629963.npy
630300,Center,lot39659,dcd3a0f04714b6d3896296d42ae67244ca53d64fbe1ab930fce0ac4aacc7d2de,train,maps/0630300.npy
630559,Center,lot39674,075be5106d1fbd00c9c4388cf32413e7f47a0c5ec233410719dd8ba1a4b3c428,validation,maps/0630559.npy
630840,Random,lot39691,e7bfcc3504bb735220accb68cbb2139788ddf795520623152b8d541918f44f30,test,maps/0630840.npy
630961,Center,lot39696,fdf8dd64bd25d6f6d34585768e386449ad37d509a3aa71af2811e5a3fd2c8c1e,train,maps/0630961.npy
630988,Center,lot39697,c011c22e62a832ea6244333ff20fddadf888ac51685835d31e96093f2bec6efd,train,maps/0630988.npy
631044,Center,lot39700,f528ae25355521d17f50cd734ca6a314d4aa074a1c0b580c97c434ad7d8ef5d0,validation,maps/0631044.npy
631066,Center,lot39701,3ab65eb5ffb0b51f1f582e9cb6ebe4a11945d45af07ad5307ad9f15d63cafef8,train,maps/0631066.npy
631768,Random,lot39760,1a93ad55c8d3c61d475fe1ba56797bca9453d8e60572cb3a459fd66b967b1c7c,train,maps/0631768.npy
634405,Loc,lot39941,19029c0cbaaed0d1ce0bab4fee08bfb4450b4ee0471c384737cfef74cded1d9c,test,maps/0634405.npy
634706,Scratch,lot39960,409ff5528967ac63ba12406ef4a255c146d5bafe11f84860b13f69ca628ceaea,train,maps/0634706.npy
635248,Scratch,lot39997,29a6575e95e6ffff30219e318888158b7d0249837d3064a7853b9517e24aa344,train,maps/0635248.npy
635802,Random,lot40036,ad6f5d611a24c50a2bb4f3cdc6e17c19ca8f26428b3ff0acbb680007bbf5542c,train,maps/0635802.npy
639390,Donut,lot40246,0b81a29ae82b8b4713e244311dfdc76c82fd059e681c10be5b85bf75739640ba,train,maps/0639390.npy
639391,Donut,lot40246,5aa5fa4df60593fb8ed32939390a371af732fa9930da33163e125be1cc5c6a9c,train,maps/0639391.npy
639394,Donut,lot40246,f20b3d08345d171f7bcb168561c7f47b2c88eb518a5814d720f4d9f462bab2bb,train,maps/0639394.npy
639561,Random,lot40289,920989ff99f0690b0be607bc6b878adee4b3854bced6b04daddfb4d42bd65b7f,validation,maps/0639561.npy
639562,Random,lot40289,9a9bd3da3062fc88cdad57c38ab48a496eb7d1503c35eb60cc0bc5391cb0df4f,validation,maps/0639562.npy
639579,Random,lot40292,6f449536932411f726bc6c78908797250ebcc3a237627de4f735a55d9a053f17,train,maps/0639579.npy
639641,Edge-Loc,lot40327,1f97e5a4d8264ec0ba18f17aa399eb1b8517a5c719ba4cd8f9708bac6af8a939,train,maps/0639641.npy
639645,Edge-Loc,lot40327,89032c87d7c649b028cd4d6e016487c4fcbe57d9e47ba5cd9f6ad11d1b3477dd,train,maps/0639645.npy
639723,Loc,lot40330,e1a8fa91b70d49ceea4c9999b015cbfbf4cb7851c10de750f06e999d29250da9,train,maps/0639723.npy
639802,Edge-Loc,lot40333,877abaccfcf06e2c5c6507cb344722aa6c5949943d53e4bb2ddd74810a6f8402,train,maps/0639802.npy
639959,Loc,lot40339,409ff2912ff166d82d0055030650986c1ed2b08e613382d2163333144e0b020a,validation,maps/0639959.npy
639962,Random,lot40339,29ad24bcf68de3d26380b78fe389262f965afb80757c3d14cbe25f7bf2cfd883,validation,maps/0639962.npy
640074,Center,lot40344,7b056d09ef31c24df8acacedc2218b2b292de002c8ae7c8f1873d07dfdc12265,train,maps/0640074.npy
640094,Loc,lot40345,681b0be68d735ae83a9370d911e56083d3ad8ef24eefacfe6208d18fcc985891,test,maps/0640094.npy
640414,Scratch,lot40358,d38e2c559b050d19483a0932e9d9819d09aa46ce9d850b3398fc511244927753,train,maps/0640414.npy
640550,Loc,lot40363,4ea84ac7afed6935a22ac19e9666626156c275a00b90683f06786792a6463992,train,maps/0640550.npy
640625,Scratch,lot40366,a0dd413ba2e35dbd91b3c438b5ff58813895c1f17d3ce414c335c7917b19d423,train,maps/0640625.npy
640870,Center,lot40376,a06af11a4529b90b11d7492bab56282995e7e512c038ce884326f0378872cf8f,train,maps/0640870.npy
640893,Loc,lot40377,b840b008f7642ee8cbf85271741b8edff71cf31b079d9133d2c4a27aa51a84ae,train,maps/0640893.npy
640905,Loc,lot40378,2bb0855c44df302d35a072b578165b4234bf3359006e01e8c2528bc5e1121a65,validation,maps/0640905.npy
640920,Random,lot40378,76a520f2055b0e6aec2d438f9d9a52070a4e5e5e74e35c0ab52d995c52b42f86,validation,maps/0640920.npy
640958,Loc,lot40380,5dcff5156bbc855574f6d42af9b80ab05262d5eec14774dba1ed2d131c991d71,train,maps/0640958.npy
640998,Loc,lot40381,ebe8265deacde9454bed2820245f00bcfcd5af27c32164fee5e7baee8f4057d1,train,maps/0640998.npy
640999,Loc,lot40381,eb2ff9a466c0f4263d706eb41127ef3eb1c5603e84b26978651f35d6572a259b,train,maps/0640999.npy
641094,Loc,lot40385,f9a913ffc9a5d7b95e7503e35db8fdce3801d1e5d4b6253402f8ec0e67d50563,train,maps/0641094.npy
641163,Loc,lot40388,13a786957acb5125d70c0d6ee07af4e52798831c5698df44dd5b20ab3b805ce3,test,maps/0641163.npy
641611,none,lot40406,1d1f825838728e7d42b08c35af70bf397c49a36463237d982b7c86e1568a1df9,test,maps/0641611.npy
641622,Edge-Loc,lot40406,c62c6516946235f5b7ab3e1f5130b36a2dc3db844fae65621268d334a28e6474,test,maps/0641622.npy
641825,Loc,lot40414,8c067fc53f8ae2f2134c2a691e220fcaffba04924157e5fabc75a9d9b9668473,train,maps/0641825.npy
641979,none,lot40420,9fd9758a6487d867b1b12a447ce67637433496b950756c4511af86e39bfe8cc7,train,maps/0641979.npy
642098,Loc,lot40425,d07faeb50e0d672738e5f8ea0132eed52a47194eb7dd61dac0a7680e518d6860,test,maps/0642098.npy
642147,Loc,lot40427,09072daa5666daba554c6e737aec4b4ee715fd74e8d8eb0fc4a3935ffea07dd2,train,maps/0642147.npy
642291,Scratch,lot40434,f94f9f6f5100b0227c035620963f186757f69d8f0b73021259afb529db0413c4,validation,maps/0642291.npy
642294,Edge-Loc,lot40434,d9b38a8233533c7664b8e6be1cf2039ae791e67dc173f794fd039ab4da22393c,validation,maps/0642294.npy
642298,Edge-Loc,lot40434,19a566569918f6aad92bd059346628b2c8bea59fb61a23cb4ed9df91a330a5e5,validation,maps/0642298.npy
642579,none,lot40445,52ab66f72a561bbd34edbeceaf59c04ce7baa1a3fe4b24f0537891673a54e92f,train,maps/0642579.npy
642698,Edge-Loc,lot40450,cdb036b37ef681b1cd17e69c71261a16cb40efc0c949a0b9ff807e79da0f2b22,validation,maps/0642698.npy
642811,Loc,lot40455,152ea108a08d40122f209c06ef1722644e26dd707ea8bba6ec37f804a2e30a1e,train,maps/0642811.npy
642881,none,lot40457,8820aee7b1ec625d0f2922851359a9acdf9b7c9209c35d48c58918648871efad,train,maps/0642881.npy
642884,Center,lot40457,da600c50a9ca7be110632841c37b777396077a87ec422f8c08b526a3adb8250e,train,maps/0642884.npy
642886,Edge-Loc,lot40458,8af66a870b2a4823550dab2dc41c02fb5f34f042adf8749c9da75eac147675ff,train,maps/0642886.npy
642917,Loc,lot40459,6492fae352fa444764046f339aa2e697a9cb519282e2fd0d3b004d4f5eb61765,train,maps/0642917.npy
643058,Loc,lot40464,d4e4c64bd7313fcd99007f7bf7f6df4a11215ecff1e8e333c74729aef241c46b,test,maps/0643058.npy
643107,Edge-Loc,lot40466,67df6bb67e1f01f31cc2ba66d30d8f6c32b616eb96400e92e85e59062fb8ecca,train,maps/0643107.npy
643116,Loc,lot40467,f1425d33f57be69f64c0926c14bdee59240274a87ed1ee19944b6c8993cd53b5,validation,maps/0643116.npy
643264,none,lot40473,763d27a61d5900baca1a9507f345fe024d103ed6a9601e21a94dba31b8b303ad,train,maps/0643264.npy
643348,Scratch,lot40476,01904db36540aa0e96bfa65d8e08775a434bb874977b1b697894ff405d85f920,train,maps/0643348.npy
643365,Edge-Loc,lot40477,6143f78fb8620229dc644c73bdd59910d7eb538193e07e98884d86e88b82a615,train,maps/0643365.npy
643549,Edge-Loc,lot40484,0d90d37fabf195976ad3dc3bade99b0f44234bfe49c6fde4fdf6387522b66026,test,maps/0643549.npy
643552,Loc,lot40484,83dee4836aa29049bc585a64ea44e5911ec36374949038da4cb4438e831945eb,test,maps/0643552.npy
643695,none,lot40490,a90d60205011b5dfbf7c3f0bb24cd7e0628d1656d7dd4e76d2e651f6b1fc2d75,validation,maps/0643695.npy
643734,Edge-Loc,lot40491,6fd40d5c28eb92e6c6659898cf792ceef34bae2d2d54ca3d758bc2ad1b7eb7a5,train,maps/0643734.npy
643738,Near-full,lot40492,dacc5db279ee439ca728dd686d908b0a7b988dec0212143918c2c9ff22959376,test,maps/0643738.npy
643811,Edge-Loc,lot40495,142175cebae0f518f97b61567824d1aa997ab00302e8daf540b465d19e49e8b5,test,maps/0643811.npy
643821,Center,lot40495,caf23ab2ae0d8ccbda268b0aeeab7686e32e57d5b33a5ba5f7d718fe16c7dfc7,test,maps/0643821.npy
643866,Scratch,lot40497,a8f576aa18d0e91e0d8ffe6d47e727bc579b9c5dcc523b275f0794aef8691962,validation,maps/0643866.npy
643870,Scratch,lot40497,646df288431036af7c3f4c2d6c5052d385a2db6577c52c00b5a8dbf72483ec29,validation,maps/0643870.npy
643986,none,lot40502,d5f54243cab4f5895b9295e55198f838ed09aa910ead99c366a4b8c77b1c422d,validation,maps/0643986.npy
644008,Loc,lot40502,7808cb44ad21b609f9b0504aa4a5bd77c426ea4e81a60f297017da444aadd942,validation,maps/0644008.npy
644070,Edge-Loc,lot40505,6dd307e5124ff9ddc241412ffeed1829e77c45f44d7ddc531b20e957a1ad0d53,train,maps/0644070.npy
644198,Loc,lot40510,459904ad8f6197689abe9dfdfc62af4032fea5fabb6bbf49c0d9a42fcb035031,train,maps/0644198.npy
644352,none,lot40516,128599b30ef325003de9053cc640fe6f93b5fddc970ef71137e244c4b256ea71,validation,maps/0644352.npy
644803,Donut,lot40534,8c332da7375b6b5e8fe8bb6d2d687b27b145101bca487a2e24abde2bd9a42e85,train,maps/0644803.npy
644968,Loc,lot40541,19bedfd5eddeaa42408471f62514ede68e4df160a037e24685e6dc65faf8ccb6,train,maps/0644968.npy
645243,Scratch,lot40552,331f37a2e08d6065a76ff4db073f24994aa22437c44866866f9d568302d89ae8,test,maps/0645243.npy
645275,Loc,lot40554,e5537eea4e9b1c0042c4b1a53aa813c8f201ef56642431fbb251c30c908bb7db,train,maps/0645275.npy
645324,Random,lot40556,9169e241cf1765ed08f87789352b4abd2b851b02d7b02f8f45691ba6cc5986b3,train,maps/0645324.npy
645407,Edge-Loc,lot40559,d0287b6714f0cff7045e613b878b135458614bf5274834ea988fb6e23deb3fb4,train,maps/0645407.npy
645411,Loc,lot40559,32483e947e9883a308716404ba7888c818e7b11dbc25dfcee29391f07e77b350,train,maps/0645411.npy
645501,Edge-Loc,lot40563,880f0cfe16d0e79e90c0c3a031e16fd7b65934eceaf7d13d7c2d6f747da7eadb,train,maps/0645501.npy
645591,Edge-Loc,lot40566,da0cad746a5b9c65242fb8ccd9bbd7b8ac59663fd031158fc04e3a229ebd3788,train,maps/0645591.npy
645613,Random,lot40567,6a22f5b2464e35d7169844b627d2b959862073cd5779f52830e9552374bafca4,train,maps/0645613.npy
645649,Near-full,lot40569,bd1a5662cddaadcb4d7afd6d3978d11678ffd0aafa841e7ffc0da378d1c547e0,test,maps/0645649.npy
645655,Loc,lot40569,f9d4d914512f04d723ff9b11dfd75a2b6f9a22d0bf46f8dfdc7ce75f5e7392c9,test,maps/0645655.npy
645733,Loc,lot40572,e509b2dc0568742a0e0eddd3a9f70e290597bc4e04db614856484310c0049038,validation,maps/0645733.npy
645755,Random,lot40573,e9d09ac879d7f63e319ceda3414929bf6679a82842e97d5abb790361f53a9af2,train,maps/0645755.npy
645862,Edge-Loc,lot40578,9a4b5fe2e1b77bfe5eb9c99c8e366e16ecfa2eaa104eb206ec8715a7ba970865,train,maps/0645862.npy
645865,Scratch,lot40578,fcf7d09151f3fe2ce28c5bb2bb0087cedc186e2354f8c2ad3dc5ada9da10d84d,train,maps/0645865.npy
645888,Edge-Loc,lot40579,9b971cd32e6b2aa2ed78d80afb37337f56ac60f4b0ae27af374be199ecffec11,train,maps/0645888.npy
645972,Center,lot40582,927fe5f0e0b6dc53e046fd00f5a1160199c257a862f3119b32d862c7dde1b4f8,train,maps/0645972.npy
646066,Random,lot40586,513cf9f8735ed589f2431f9c7b30c0fea543367d96ea1b2f87396f58c56ad8a1,validation,maps/0646066.npy
646252,Random,lot40594,2a067dc545270e6c55ad2cdbdefedfb5800698bd59bdd78c21d032afea88701f,test,maps/0646252.npy
646295,Center,lot40595,1e183bb66c1aea98ab5fa0d0d467d187a28b73a70271a6903d71d7634a94bce7,train,maps/0646295.npy
646321,Loc,lot40596,1ddf69c76cfd711459cad9fab8a4d701a51200c54f7a4897fd3a930b5c2031f0,train,maps/0646321.npy
646387,Edge-Loc,lot40600,7d53502dbeb3046d980caa046af754af28a0c8adea7cbe0eccb3d76d8ead57d7,test,maps/0646387.npy
646582,Scratch,lot40608,927d897cca1a4cbb2691028b87e88b813a9f8b22449a48b88376d04b719be2aa,train,maps/0646582.npy
646650,Loc,lot40610,703c03307abbb04541f29783216086ed65242761b573eb9cdae181bff69241eb,validation,maps/0646650.npy
646680,Scratch,lot40611,4824f371de5a01c194a5ce1ffe0dd63244ab9bf34bc9e32912e90b6a14e33119,train,maps/0646680.npy
646831,Loc,lot40617,a40f83d2403e1cb7ac8d73a28d9ff4b6fe8cf8c09122905448df30f53e4df48c,validation,maps/0646831.npy
647034,Loc,lot40626,fb4bb451f03de5249e6edc1994f9ef50ec1227d62f4c03b92774fb9fe38d9f9f,train,maps/0647034.npy
647054,Random,lot40626,852bf266be07ea1642e594dc3fb669021c58991fba33f27bb7b26bbee1d45cb5,train,maps/0647054.npy
647352,Scratch,lot40638,4f64d6f8d85115919fc09b3523f31deec6de83ee02f40afdda96219dfcb11ce8,validation,maps/0647352.npy
647489,Random,lot40645,5bd2d2d88677ff9b05d653df53f87cf8bf2832dc14e4e882adc1c12eaefa983a,validation,maps/0647489.npy
647508,Loc,lot40645,e90a39f7e38acf8a897ebc75d1d4f740ea5e84dbe8793ff68a8f4d1a100e3ffb,validation,maps/0647508.npy
647534,Loc,lot40646,de8d13edcb5dc7c6e3e4290c474db26e32518fd4a8018e7b0cd6ceb419a525e6,train,maps/0647534.npy
647677,Scratch,lot40652,6beb11211fe2440238315e6e26be83896363e65d914673bbb822d798777ffee7,train,maps/0647677.npy
648519,Scratch,lot40692,3ae1a6c8958e45dd7577952c4adead2df7acd692bc86ccc82da1baa28a3bcf16,test,maps/0648519.npy
648570,Edge-Loc,lot40694,7a0aff4221919c6b27d9710e158e3e962ca45e835520295f32f91d751cfe2d9c,train,maps/0648570.npy
648612,none,lot40695,4928323cfd5fff60548b6701663fee341e8c9e1d47a9416c343776bc5a476448,train,maps/0648612.npy
648674,none,lot40698,aebc5685134e5cb29972b0afd603c8ad5b56c01489c161e946f8865be085e3a7,validation,maps/0648674.npy
648715,none,lot40700,1a2170cec0b3853f201d474141ed9359fafd633ab49ed604cb6d04302559e4a0,test,maps/0648715.npy
648839,none,lot40705,155463eb1381803ddab7a8c0a2624c0cf0032fbfd0d43decfcac653a4920f127,validation,maps/0648839.npy
648983,Scratch,lot40710,a8a3acbc21f623ce3671d3f3da4ddf39db336702350bb4a644abc9ee77db8af2,train,maps/0648983.npy
649011,none,lot40711,84e59b4bba78f8622b9519efee1b938d94a0473a275d8b2bd32722691b4389c8,validation,maps/0649011.npy
649020,Scratch,lot40712,a2178a13dae3fe4c4387e3eb10bcca377acdccff1343030c6e60a84fedbe28ff,train,maps/0649020.npy
649199,none,lot40719,1d75d40853e2d037d24f76483b2e4d9bd3fd8e3d46a286f86242db546f1c8405,test,maps/0649199.npy
649258,Edge-Loc,lot40721,2cef5989e04d4ce8a088b383c0c55bd794e67a3b01bf6eb312a87a3cc8344c3a,test,maps/0649258.npy
649422,none,lot40728,ac964bf6511bd3ff1e47c0ffe2478315626e617c333a2f5ccd3c1675bbce06ae,validation,maps/0649422.npy
649464,none,lot40730,08ed2df4b235ddd2615e348a1087f0f74503b63663e66a28b2f804282c0aa779,test,maps/0649464.npy
649631,Scratch,lot40737,3e20a4947d5ed8c057d8d0c9137151eb7c19980c288e60afba747c36bb642fea,test,maps/0649631.npy
649657,none,lot40738,4bd9f52af68b955ee4427b18f9d732f44137f3fc507cee0616bd83fef7c352ba,test,maps/0649657.npy
649671,Scratch,lot40738,b64c2fd1101301c24408434dc5172bf9aa8a5240121577c27902c7eed6599f6b,test,maps/0649671.npy
649726,Scratch,lot40740,154c5f4a47f4efb08dd1fff42c9f85bdd5c2946b9d964961ea4a1445fa6121c9,test,maps/0649726.npy
649797,Loc,lot40743,91b581eedb26fb1bd59ff86c3048761aedab93809e7bdec20959fcffa7a60a45,train,maps/0649797.npy
649917,Edge-Loc,lot40748,0c22753724ece18d1dc83634b07784e449ab168d63245c705b2e95d26599badf,train,maps/0649917.npy
650156,Scratch,lot40758,7841f44f8c18be5e52769d851c711368cdcee68547bb9065623a11945e583f1f,train,maps/0650156.npy
650252,Loc,lot40762,3a004261aeccf674b81c7a13c42ccb5e67f7fc6bab449dcc9a6e1439b1b1bfa6,test,maps/0650252.npy
650307,none,lot40764,e89eb8ea77a00ebbb9a4eb4b1216cec52d30e42d1038088b840f3fccbcc1b871,validation,maps/0650307.npy
650377,Random,lot40767,56c95bd50d02feaee62a5680c1b6947ffc0f2dd29872e36d5ef6013d59f2d0d4,train,maps/0650377.npy
650541,Loc,lot40773,1d5f0b14562b7d7f6ab175c816d770e9329c5b7835404ecc4ecffb5a7495fab4,validation,maps/0650541.npy
650657,Scratch,lot40778,1ef1bf9cb0167419cdf2efa9f1d0e49ed54f0bb2be0043245bda21195a173121,train,maps/0650657.npy
650819,none,lot40785,3dfe8b7861cbfae2b77c4b6def030a1dea70b3a0f417f3e751f01eac04a7a400,train,maps/0650819.npy
650953,Loc,lot40790,9d2a0223525524dff4f9f220416c9ce306c8edc56a6593a968a9d05c15359913,train,maps/0650953.npy
651030,Scratch,lot40793,025f582fda2c5da1040415a11bd2bf86e21b7ed28498c37c72d9dbf616ea85bd,test,maps/0651030.npy
651050,Scratch,lot40794,9c1e0be8137b20648b1ee66321d0d66b7563f80d4a9c83bf777755259127551c,train,maps/0651050.npy
651084,Edge-Loc,lot40795,32328e59058de8566b510996c2a81b6854b16b0a601db55d369c4ed2a82bfbac,test,maps/0651084.npy
651179,Random,lot40799,f8cb3ddc26b7e49d51711fd65fe9273915d699deb3bc57029d9524fc6d9825c6,validation,maps/0651179.npy
651275,Loc,lot40803,53098a4186fff591e725f84792b378f779e75c98075ed341dfc27baac5201398,train,maps/0651275.npy
651354,Loc,lot40806,4c26b444b1d6df2deadefb5001475d34b0a6a2b52e100a351169a443280b10ed,train,maps/0651354.npy
651638,Donut,lot40817,f7f26232ca7f8483b77b978b98fff310b827b9306643d6e8abb5135bfbc480de,train,maps/0651638.npy
651731,Scratch,lot40821,54a8b9e9f9d395456e09c859e1d9f5fef8bbb0f3eb9f559879dbebd17cfb9fe9,test,maps/0651731.npy
652005,Scratch,lot40832,e2dcb56e6c2c89dbaa63d2155cf2931fc74122490e46dcfe4bde44a5d0370b8f,train,maps/0652005.npy
652009,Edge-Loc,lot40832,987121b9467c4b28e67ebdcf058eb732dfca48101e68f47ec45cfebc805e6c5b,train,maps/0652009.npy
652072,none,lot40835,ae9faf8d4f8bd01aca9082715c5cd624acd684e07158d404e6deadaccb69e8e1,train,maps/0652072.npy
652111,none,lot40837,3f0a4647938477d736fe3d7815b289414114c3b942e121c2ea456ddfc12dd174,train,maps/0652111.npy
652177,Random,lot40839,14d36b266a75515460c8f1c2134bf4d7e237f2eb13570db5238e75bff681fb93,train,maps/0652177.npy
652272,none,lot40843,f1b9e1301179a2214a8f0f54c6344e909964e2419b678dcb7ed89c0fc6149ee5,test,maps/0652272.npy
652306,Scratch,lot40845,c229c033297946ce175a377cd1e51151b0795989a30c05753989fa013a90091c,train,maps/0652306.npy
652340,Edge-Loc,lot40846,fb1c071419c29a19f02b0c6c9a9af49fcc0ab8a91063c086bc250bb183ca3a3c,train,maps/0652340.npy
652430,Edge-Loc,lot40850,ac9b56162913d60544b0f5ddb5f4422e4d430669656938985554f326d1b9a7c3,train,maps/0652430.npy
652601,none,lot40857,25c5af9247468e82c8af0044909e8bc1478269a5c1d779569473ce4b0fb3c1eb,test,maps/0652601.npy
652703,Loc,lot40861,59220ca0d24fa962686716df361d23d8bccdace1efc680297724acbc2b6f2904,validation,maps/0652703.npy
652729,Loc,lot40862,c9dce72ee550dd619f65ebdebfe3f94e4bf4d77f6275b38626312412265af5de,train,maps/0652729.npy
652736,Near-full,lot40862,14999463a5228ce94179f26cbd6d04f89d4288d8b4414cb96c9490d86629cc08,train,maps/0652736.npy
652746,Edge-Loc,lot40862,9fb1e42c40f7c22c0785280525e7da700d3a3e0a56f13f4b09793958f00b9707,train,maps/0652746.npy
652788,none,lot40864,2ec8d72a49f79954c6e4df671e9193982737909a6dd946fe34c9b5dcc4575d5e,train,maps/0652788.npy
652897,Near-full,lot40869,15fa17052c933038dfeeab7eb3225c6ecb41e5988ffc5a74337d1acf5276bc55,train,maps/0652897.npy
653022,none,lot40874,910d5a52f6c41359b86ddee691d3b0499d1d9380bc193044617526f9ec593881,train,maps/0653022.npy
653058,Loc,lot40875,44344fd059451f621aeeb501c72f224a3b92f30010327e5142e1754030da9e8d,validation,maps/0653058.npy
653123,Donut,lot40878,925785839c832626d063904db7b2b4b77291a414346bd0cea4eefedccdb08849,validation,maps/0653123.npy
653258,Loc,lot40884,834bf1de7dd5b927deff83013386ddff01d1aa264b0e68910be8e3b91a3703d5,test,maps/0653258.npy
653276,none,lot40885,34233824cf186f8b99a650cece64e456ad11380d25394831c1117c5fb0321981,train,maps/0653276.npy
653280,Random,lot40885,b745279a171f55ee35f2f7bc263fd63d017bb2bc9acce249885188c0eded719f,train,maps/0653280.npy
653289,Loc,lot40885,df539ae541147ce882ba05695691e22c18ae64b58cc0dcea39aa1056ffeed24e,train,maps/0653289.npy
653327,Loc,lot40887,a89b4debc01bc98ba74ca591e76e634d9b9e55e926d9a7cf9f9a10544fdb7874,validation,maps/0653327.npy
653336,Center,lot40887,146a26fa14f91a6c45b4e521f12d2fe358b055177ed43592dbf59f407c2f7a40,validation,maps/0653336.npy
653650,Edge-Loc,lot40900,109088f5228536bc9d7ce34099fde76204707385052939b54f3bc569ea14b0bf,train,maps/0653650.npy
653660,none,lot40900,9094a26448aa780e7018a7b88ac748e91c55ccc04a7b6390eff42462c021ae93,train,maps/0653660.npy
653891,Center,lot40909,f9f6d7993b1f08bd943ca28bdaea3a3da0c272e1a15e220de5e1f8a7fb6ee173,train,maps/0653891.npy
653992,none,lot40913,7cb75cf22f53a6f8d8bd40c6bd7de7c443e7b07954bce5af885e3833980ff142,train,maps/0653992.npy
654023,Loc,lot40915,183916771342aa738dbb5e8b3f0dd84d8e0c4eb215f48635e669960d2c1d7ab5,train,maps/0654023.npy
654173,Edge-Loc,lot40921,ccc83d9ddcd095cb204a0f1bc206872fbcd6957d9c2461e10f408dad1a19503d,train,maps/0654173.npy
654229,Random,lot40923,22321f94e1fb75baeaee54cdb903165ac46399a3f12b14e6f097f09a0e66d3f9,train,maps/0654229.npy
654293,Edge-Loc,lot40925,0200a7b198b0b02cac015def31690ff29765c278d632043bad61a9a0064dd41d,train,maps/0654293.npy
654411,Scratch,lot40930,3099b244d1fcdb83ee0cbb8aa36c93d166b33c1de068688bfe42487389cf4508,train,maps/0654411.npy
654457,Loc,lot40932,9413a5f7d043629a930968d1cfbb0e1088fd1442d352cdb7824fb9cdde855557,train,maps/0654457.npy
654568,none,lot40936,1a11ea96407851aea20492dceb9d2cb25cd047eba9fc558e18cd1df0e08bb440,train,maps/0654568.npy
654587,Loc,lot40937,abc3eab710f335cc25a403a598897c28ccb0472d0f29b7a7b19ca0c0e30c10ba,train,maps/0654587.npy
654684,Scratch,lot40941,7b0c7914936293976b42a3b4620d7911e27bd94b4d0e46ee81bfc86577e4ee7b,train,maps/0654684.npy
654709,Loc,lot40942,5ba3d806b95cac1a35307baf8f5e9a5449340f32f00e88c89730af77670e5f45,train,maps/0654709.npy
654730,Edge-Loc,lot40943,cba874418cfc21fb57049ccf2810e1a47503034229d9bd31a2273b42ccc5e0fe,validation,maps/0654730.npy
654816,Scratch,lot40947,cfc597be5f71e2ecaac5a423b291653baff56463ee80a41944416c363ea5e310,train,maps/0654816.npy
654822,none,lot40947,76ddd46b7e0532fa0f2c36fa7ee2eef81964b0ab7d72e8565d6896e520553df5,train,maps/0654822.npy
654973,Near-full,lot40953,0b51167c1fbe46bb51b09c8f72cea45f510ba8cc5fbad40977963185696ecae8,train,maps/0654973.npy
655011,Loc,lot40954,be9f80b05e3e5e07f70a5e90f176c5678a4efdd7b29c93e876bc897bcf310cac,validation,maps/0655011.npy
655034,none,lot40955,534c08d9acb4190d8f885698a0efe75e3431aeab7c4f2cbdcd1fc068479156db,train,maps/0655034.npy
655156,Near-full,lot40960,71c3d44f40d8592fb0ae6de0a39703e924e42c99c9abfb93b2dd772e64a9e06c,test,maps/0655156.npy
655180,none,lot40961,ea0fdfae3239a6bc861518f752b8416edb696a8d6e6e5c157c3f0ecfafc97bd1,train,maps/0655180.npy
655402,Scratch,lot40970,66e8cf46fdfe80a32ba8f7ef9fd35cefebc337e6d9271246355c854ccc4dad88,validation,maps/0655402.npy
655631,Scratch,lot40979,8bbaa461f2209843c2438e894031fe311789948dba81c718169f9d720348381f,validation,maps/0655631.npy
656018,none,lot40995,e4432fb2a3648eb1513feffee8832c91052b91a02347aa8ca647cecb1e5b7c15,train,maps/0656018.npy
656159,none,lot41001,c7f2099dd2418948dbf6e98ceb47ba38ff9236d1f407bcbd616427186d3c4638,train,maps/0656159.npy
656211,Scratch,lot41003,a516168699c5e2f94616d3160411b5f891c1d89cbf03c5d090c64f6bd1c18a4a,validation,maps/0656211.npy
656253,Edge-Loc,lot41005,73af013e7626f0ebd5292023465beff255739a2d19012761bca91531a874457b,train,maps/0656253.npy
656445,Scratch,lot41012,5ac6305483e1d244140fa6c9f89b2ecfaf22889c58598cbcf3852e3ed41480d2,train,maps/0656445.npy
656636,Edge-Loc,lot41020,1fcda4c89b37e290c524334e53ab499c1bd93522e3d53561e5880f52707ac3f1,test,maps/0656636.npy
656686,none,lot41022,be11d00c77778adf004af6df168c6416bf6bd4ccf59cb089bd9d5b904fc84388,train,maps/0656686.npy
656723,Loc,lot41023,abf0a5d38983c27babf5f05a3048910899ac6b7b434dff33fc090d8731ae0fd4,train,maps/0656723.npy
656826,none,lot41028,1bceab9828181a62526a03ff7effede60bc539a043ba62bc91aad3209ca3495e,train,maps/0656826.npy
656995,none,lot41034,4f27ff9dc1a7c983a720585f94fa9eb3dfcc097655dfbf58b5439b6f38ad5f2c,train,maps/0656995.npy
656997,Random,lot41034,195112a6d2ef07afb275872c5d210545af54a18ee58658a31d56c3939e380cc4,train,maps/0656997.npy
657021,Scratch,lot41035,1002cb4ef15476be0710d26e0d98995ebb91e3032ad2ac0937d1f079a73e2357,validation,maps/0657021.npy
657067,none,lot41037,f59d82548fd6f9ad604ff9e9fb5a8e695a81cfc86cc6d4ed0a828e11d1bbf14b,train,maps/0657067.npy
657073,Loc,lot41037,7b0e358450e3a7cdf2168263c2bfb9b043ce16377e31ceec0c86868a2ec457b6,train,maps/0657073.npy
657240,Loc,lot41045,4873cf293140847794b59559cfb98363cc2f9e81a871171d2c1ce07437a11276,train,maps/0657240.npy
657462,Center,lot41053,9b02fbca52a037037652930f97f3cef4c83ea49265685764f39a934269370582,train,maps/0657462.npy
657671,none,lot41062,88bb809dbf54ca1c7b6ae1039c7c75c9612e27e07f77ee7fefc62a7ab56c94f1,train,maps/0657671.npy
657747,Loc,lot41065,a68853054ac74f6a3b674e3a641bab55563c604b929e33cca13733a074afae74,train,maps/0657747.npy
657851,Scratch,lot41069,e40795ae0ac988c23f36c73269f1c090c572791f0dd21f81d75ad4161bd5bb7a,train,maps/0657851.npy
657941,none,lot41073,808dc7946219283f1f9d09cec5077e4f6cae27e250f80dbdfcb16336254c8951,train,maps/0657941.npy
657971,none,lot41074,0c2d8df50cb95192d6467026028e5859fc9a3101586cf7df08a0d7dfba2848db,train,maps/0657971.npy
658021,Edge-Loc,lot41076,141ab7eeaee5f05fc96dd88913a6803e56cacea3482a25fae8ad25faceeedc5e,test,maps/0658021.npy
658215,Loc,lot41084,fc48ba999dba4bf30041c642afb0e8cf9f45501d364d3c4fab5aefda0bba706d,train,maps/0658215.npy
658389,none,lot41091,afe0778c339f9b8fe4ee1fbc216700a17b93d107ac2fd0b54eca7db4f7754d3c,validation,maps/0658389.npy
658405,Scratch,lot41091,46a6c6538f72d61a9e858a6b25f99c94cc808e91647b5c978986444c16961b6d,validation,maps/0658405.npy
658443,none,lot41093,5f6b777cda588d289182b01d9bdc841359d82e222b341b4b3ff7926f4cf6b24a,train,maps/0658443.npy
658597,Loc,lot41099,12e75460bb096826034f0b533c5ab03ae72bd9e1f085b9d07c8f6b36591597ae,train,maps/0658597.npy
658709,Random,lot41104,1272a60c3f077cc2caaa775a24b06adc9aa6101bd4206bb55755f2747884ecbe,validation,maps/0658709.npy
658759,none,lot41106,0c0c124369f9c2cf880d1edcbc3b44988c5f18bca6d408943044fcd1f32d130e,train,maps/0658759.npy
658823,Loc,lot41109,17cc768e1fd8e9f9378d99d9416f905a64aa11f98fc801ef3c788bec53832b67,test,maps/0658823.npy
658922,Edge-Loc,lot41113,4e18845e5cafe694280ea46e98ef6af809bfbaf3513162ecf2af0eff0dc63e19,test,maps/0658922.npy
658997,Scratch,lot41116,58e6520506e1f9ff9caa67f4a28da26b7e0b1943ad73c4544535b39ac457dbb4,validation,maps/0658997.npy
659176,Loc,lot41123,6ee0820e1485b185fa25b64bbcbb2fe1f5cd5d59a11accd78c8dd51d03099908,validation,maps/0659176.npy
659180,Random,lot41123,5e7976d13c80e14cfbb0d30c3a365d9423394858f66b7e872e7c0bbbc412356d,validation,maps/0659180.npy
659234,Loc,lot41125,cc1e43e342c46ed03f5325705d262c9f0e8ad3fe5159cc258285b9e4c232a844,train,maps/0659234.npy
659266,none,lot41126,782e61b11891bbd124fa45663c4b92b2b99c42089925d787447726ee7a6f2f32,train,maps/0659266.npy
659297,Scratch,lot41128,6df63bf168eca1a1e18771cab7f8fd4d4a870595e0eedacfba3baaf3fd1f6cfe,train,maps/0659297.npy
659412,Random,lot41132,52cbddff7e969d6958c0e520be28b2f60ca3fdf8c5c6f1c1d3be7d6ff55d65db,validation,maps/0659412.npy
659559,none,lot41138,301d1ae14bbdcd4344a11c9a9f53f538f3aa43a42d2862bc414ae1ec539b850e,test,maps/0659559.npy
659791,Random,lot41148,2e8f3aa3b06dff1ef2de219be93a44b5fdf049f9d56ad4c2734dd189f91fbd0f,test,maps/0659791.npy
660064,none,lot41159,c65d956c5ced1db327fe09ba55e35b7c4c8c61de62d74459481d43732b056125,validation,maps/0660064.npy
660162,none,lot41162,f4a161f6b480af25ee117bdfd63e9410937720855073a99e34c96d71b8d8ffd5,test,maps/0660162.npy
660202,Loc,lot41164,fbb20ce8a87f23e7b8544e8e81f2fcdbe23e8380bb17283fb9d3ff7a948ff271,train,maps/0660202.npy
660239,none,lot41166,b87b08fd5e0bd1e7ec3e8e8d61f000bb035c5bf24c45ebbcca42bc3d32410f62,validation,maps/0660239.npy
660273,Scratch,lot41167,dd4881078967ce613af5b122e7e21e0d8c325a6a722fe72ee7d3259841f0a3fb,train,maps/0660273.npy
660294,none,lot41168,9583f6a52bcf2abb6157fff4a3814d10a6d31778c6c604fa8bf2811c6b5cb243,train,maps/0660294.npy
660367,Scratch,lot41171,e83a50358770e0bf6dd358e2cb91cd129714a968813319592c1f63e0c26cc853,train,maps/0660367.npy
660554,none,lot41178,0392fe6b1a87df57df0c8024669c50ed5a8650840da37d09aea9f0160bdf41e2,train,maps/0660554.npy
661568,Random,lot41233,e1c7cbff4d5772ff3449cb2fbb631774d4e47d1f0276e9b7b344f3863f090334,train,maps/0661568.npy
663992,Random,lot41365,a8fda59368af7fc2035188a134d891b886c866acae503b638969468be7544303,train,maps/0663992.npy
664591,Random,lot41390,82a113f089e5fbe4d6ce2feefa192571f56c90e932f26c85ea02d06db38342c3,validation,maps/0664591.npy
666267,Loc,lot41482,39be2e86aed6265bbd84212c05bac8ad852c09d519cad93ecb26a1aba65d9098,train,maps/0666267.npy
667171,Scratch,lot41539,32a3ee1810043d6651b664cbb6751841a86bed03afc37611768fb6890590256a,train,maps/0667171.npy
667497,Random,lot41566,8d9578e5ced56775e5e8048beff2baa8f3befc0b4325bca2f0632f094f4957f3,train,maps/0667497.npy
669766,Random,lot41694,283e14f5263325f43d0effe61ab26b46a4156a913aed9e345f0d57691bb04574,train,maps/0669766.npy
673826,Donut,lot41961,15fde0e463219e70f3ca71dc172168baf7225ba93be8edf5326c15d37ded0ec3,train,maps/0673826.npy
673855,Donut,lot41962,58746d61f87402c7abc6175c739dc96dad3248d20598073ba9b9a66527d906e8,train,maps/0673855.npy
673905,Loc,lot41964,96f8f9cdd2bbc8a39b3f2881bd6a5eef5295f4a2f4e45d05701c54c68316cb3e,train,maps/0673905.npy
673945,none,lot41966,0193478dac96552a6201ee037ff48b980f78bf9beaeda27a17b1b75a284ab252,train,maps/0673945.npy
674048,Loc,lot41970,95ac13a18365895121cdd746d934eb38c704f56e40adf2877fb56616fdb653e5,test,maps/0674048.npy
674068,Donut,lot41971,e836d4dd6bb8ec6b4f190491587703ba69487ee66afbb5fda75e8974d0480ac7,train,maps/0674068.npy
674070,Donut,lot41971,3d28fd52f02ab5929ccd121bd2fd89bfabd2518d9639605fe19b2829516feae9,train,maps/0674070.npy
674072,Donut,lot41971,fb10c1178d10321fe2ca497fa62614732c4982d42a2e5127988d9c2a3d6c3435,train,maps/0674072.npy
674121,Donut,lot41974,dcad7c577c1c88bf6b180977edba247302fc95b02e43ee3b54c28aa380c4b69c,train,maps/0674121.npy
674124,Donut,lot41974,e86849b2d76ad112f516db02f167e9fbfa090977aa1f8680f26173313cc4970e,train,maps/0674124.npy
674125,Donut,lot41974,1dc035b4e30303056af561f3e4ca07eabe3beeaee1ab9678e659b5d32cbd70cf,train,maps/0674125.npy
674128,Donut,lot41974,55a0ef55ccf9a3f02612889a76d879878314d6845ab49fa5510c6b4c74c29bf5,train,maps/0674128.npy
674129,Donut,lot41974,48ba4a0ce422adaccaa73b5cdc7f4890989756729ab4c3c3deaf3ff3a3ab33b5,train,maps/0674129.npy
674131,Donut,lot41974,013d2741116892516edab70ee9ce5cafaa2962858328e1bb8d69acfc6c4f7740,train,maps/0674131.npy
674134,Donut,lot41974,0e61ff14f9bd1ab76a8e4ace0d7491adaa6fcdcaf6a8b9c06c7727660bf7569a,train,maps/0674134.npy
674135,Donut,lot41974,e0a43febc1f861393d6da56b7e788fb68e175ff92e4c62cabcf0d8bb82c0c014,train,maps/0674135.npy
674136,Donut,lot41974,072f1831c9e3d00d32917f17c74958e5e2df274249e1a50bb45f53819dbe995e,train,maps/0674136.npy
674138,Donut,lot41974,352234a61357398f3185ab64e6c56b8414554a083d3453f7ae3b26e85f3d89f2,train,maps/0674138.npy
674140,Donut,lot41974,47ab38e4deb8c01050b02dbb1b3d06d9b8e37d6b286d0d1a7c410b33a704073f,train,maps/0674140.npy
674141,Donut,lot41974,8b2b268a2ea4f5f8b6239c048168224e0bb48132501da8522d54c761f2b421e9,train,maps/0674141.npy
674142,Donut,lot41974,7d43cc3191006d9826e44f1caeb95b9f74a81b33c04f193246fb33c26c428566,train,maps/0674142.npy
674145,Donut,lot41974,94d369a2565fe66cb330fbd3595298deaef00bbb0ead24dd891733d49f189adf,train,maps/0674145.npy
675063,Near-full,lot42011,fd30bc475f27fa04b37aa1b8fdf68b3d63355299bc3e204e8e8ac1ef5edc9f0b,train,maps/0675063.npy
675098,Loc,lot42013,266ff519ccaa57daed3b5f3c2d18458419899d791dd4c09a9bbec9479ffb9519,train,maps/0675098.npy
675173,Edge-Loc,lot42016,593c6772bd22d3e316a27ad99fe6d87d86537476a77712050f7667cecdf6641d,validation,maps/0675173.npy
675644,Loc,lot42034,e3b3cd070accc09b4e0c79220e17c1bcf63f47233c852671b749a70349b87460,train,maps/0675644.npy
675693,Random,lot42036,7ae81889617dcaccaeca09472eac13a032f2306d2812ae9a6e27ebe98074cd4e,train,maps/0675693.npy
675728,none,lot42038,3ab066f9665212279c0d0929751833e68d6d3453ee63fa77c8a0fb78ea3b9b0e,train,maps/0675728.npy
675854,Loc,lot42043,366d2ce168061263d3cb9b7555ea67767878179e8983ea65560a3b8c3f58c552,validation,maps/0675854.npy
675925,none,lot42046,893636a4639201e23bfb33bdafc9d96c6c200788d54e92f4ae9e934c8765dd83,train,maps/0675925.npy
676300,Scratch,lot42061,1c1928d9ba990780fc925e9210c9b118d81e73b307759b00e66a23c2cae8573e,train,maps/0676300.npy
676351,none,lot42063,95b138710d15e981dea0184f8f873a313e2d4b343d855f73386fe77cb99eb336,train,maps/0676351.npy
676564,none,lot42071,d1b32d6709948b628d1b095e472f65dea84a15f6744701c502605381e3c4785e,train,maps/0676564.npy
676605,Scratch,lot42073,9bd634751202288fbf2178d48ca2504502800ac1b6e513beca39c04e13e55058,validation,maps/0676605.npy
676749,Near-full,lot42079,0904b210ef1a387f64520326e4f2ceb13464cfecab1f0726f3c1f4a310fec8b9,test,maps/0676749.npy
677212,none,lot42097,2345df7fcea87a8e6ba51f966130240b7c0ba5a379a11b7a8efd84c7b00d0b55,train,maps/0677212.npy
677297,none,lot42101,e478ab353c4fb13ac10c10d98950c48349a6408ec121e5e42a7d533c02d2b154,train,maps/0677297.npy
677648,none,lot42115,4839478f646ff44846737610036f297c24386ef5711a9fc303c6ed03957a8d05,test,maps/0677648.npy
677699,none,lot42117,3ab550958b31a2d44929b8355f60fedabe3535fb3f1958507bc25b3e1fd46533,train,maps/0677699.npy
677701,Scratch,lot42117,d3295cc2ed5119f00a1693b9c4c76bee7f5df7d86865fbeb031d7066ea6beeb7,train,maps/0677701.npy
677919,Edge-Loc,lot42126,54f0e0b127c1b47e3e4cc7461de748064b4b77aa393b0e9d716cbc0ae5381e19,train,maps/0677919.npy
678002,Random,lot42129,6c5fca14eb1fc7e51a404b2389d6e78807580bae623370f6482d0e76f3b81c5d,validation,maps/0678002.npy
678095,none,lot42133,a37b82f2db9c1f470b8465402803c88004a3842c8a609aba380a86fcbab4a787,test,maps/0678095.npy
678145,none,lot42135,6037fc1fb34228d1e7c3baa11c8957811fc039f3546da61b2a4fdb523b55577c,validation,maps/0678145.npy
678204,none,lot42137,e61836932c5b2efb0f87e05b6848d8cca3aa34485b3d31080c1fc80a49a67879,train,maps/0678204.npy
678216,none,lot42138,138edea316f2eceb448c0bea24a115a6f5b7760eadcb4d0f9bfcbd6ebde66246,test,maps/0678216.npy
678261,none,lot42139,ea80682b21fa5e4befa1d20382e7919ceb4e74e67f645a4b09ee4ca83d8795e4,test,maps/0678261.npy
678330,Edge-Loc,lot42142,ff0903c0fda643b8e435c16e5b53c4d76f0234f867442b1eed5c9e3f38a89518,train,maps/0678330.npy
678390,Random,lot42144,62206a20a38ce5508cc2d2731ef1ffa15083f3e2a23d8b2ddc727b97af2f6c97,train,maps/0678390.npy
678392,none,lot42145,57865bb717d9deed08521b84638a3af695c537e86993c41ef3de7401d8896fd5,train,maps/0678392.npy
678585,Loc,lot42152,6721a3814cc325797247b92d26bde01a944f1596158b1d69acbd578ad6dbc2b2,train,maps/0678585.npy
678624,none,lot42154,e132e105689c82e4b442f116c7704e6930fcc51fd0514f42e87672b7814e1f72,train,maps/0678624.npy
678628,none,lot42154,57337b02e02cd2b27c75a0e90f1b0c89845804571859c756d228d1fb6d420cc2,train,maps/0678628.npy
678668,Random,lot42156,bb522c67cce4ad093eeb47ff82cf04e339b8f97419ef4c8845c2b9e284c9ea0c,test,maps/0678668.npy
678670,Random,lot42156,ec85356e7b8f68cf059cbf4518e1ecb0488838f4fde834f7c650e94b17234665,test,maps/0678670.npy
678744,Loc,lot42159,71bd16e9ce8ca348fc686f73ec85cb8374ec106566ac102b9ea392256d6ac019,train,maps/0678744.npy
678745,Scratch,lot42159,93456f731ba92d8bde494ed941ec01531dee293e33f0fde20c455de31f33a0cc,train,maps/0678745.npy
678748,Loc,lot42159,4a10af099185f36f4d9148395662d32257b684de0a7ce454956b80e448653c95,train,maps/0678748.npy
678750,Random,lot42159,f9ac17e7945e0728b366ffb06ea01780a5aeaddf30f2402a48a6bb8d318ebb82,train,maps/0678750.npy
678877,Scratch,lot42164,49806822c2a83d1ab506f69676034e53319480aea813103abc8b0af9a9c59634,train,maps/0678877.npy
678928,Center,lot42166,e767b340e36fa9446d54400ab3e685270ff1fc634fd0887b6d1642ab4d6c0d5e,train,maps/0678928.npy
679019,none,lot42170,9f1723175584c07c5190b6b9fd1b2ccde720d474005ca594045717cb382b5c3e,train,maps/0679019.npy
679165,Center,lot42176,7f5f6eb0ea6af0e804c9f66f8ff824275ef05ce1468a27a9f8fe4638368258ed,train,maps/0679165.npy
679176,Edge-Loc,lot42176,c794476f4839de4fe4a303ef04425e04135f986fdff9b0388566f26668f3d0dc,train,maps/0679176.npy
679314,Donut,lot42182,6a63bcbc1bbf0948f4c6ad3380b1dbd820ffe05b92990ba5e4508aaa93decec6,validation,maps/0679314.npy
679360,Donut,lot42184,08eaab5b96c76a2d6e0cbae3c546dba26a65480becccc2badff5a806412034e5,train,maps/0679360.npy
679380,Donut,lot42185,5b076c21b2cb16e1836926a18001dde58cb95e6f2dd3372abe33c2ccebbda0a3,train,maps/0679380.npy
679483,Donut,lot42189,e06cc96c652d1348f19848547f4dc70a7e1566257c4aad787a6dfb61282e2fcd,train,maps/0679483.npy
679507,Loc,lot42190,7573542fec2e829cb31e3494f47e3633f4a707e8c153b04dbf43b640329364f5,train,maps/0679507.npy
679528,Donut,lot42190,0afbb3e4c80e55ea5f6b44d6f2003d5197a8c4902659e89292e94297fddcfb25,train,maps/0679528.npy
679565,Donut,lot42192,22ec789360911ef9c0b4fdd9c24aa260ee323e7c41ca07666de6275394cc3704,train,maps/0679565.npy
679577,Donut,lot42192,20f46404baf89e46d3c4f746004ba37592c22b136a97f6d47324a5e71ed0cd47,train,maps/0679577.npy
679595,Donut,lot42193,9b667206db78889864dfaa71b8733e8aff04ccf1f7d72c37b8acd630dca9d128,validation,maps/0679595.npy
679598,Donut,lot42193,e42fa8909d0fb4ac553cdc0a8104762da6833ffcbbd4b967c8f11dedef1481ec,validation,maps/0679598.npy
679635,none,lot42195,50709563346cc568312df8606a039600f5937d29efe0c96ba1431c852bc474f8,train,maps/0679635.npy
679658,Donut,lot42196,869a857f6b8554dad532463d275202c0b79616981c57eb8c96dfa2acc03dc0db,test,maps/0679658.npy
679680,none,lot42197,08fb5ef390776e8fdbeecc7ddfd5f1bf05721cc8b4c416de684beb7388ee9032,test,maps/0679680.npy
679681,Random,lot42197,f09af5a49a388f027188e52dab52e3f5b783f1fd793c4e2292d8c172be6f2e65,test,maps/0679681.npy
679729,Loc,lot42198,44f09b36fa8d6211cb2739dc79b17c6d8f0567eb7de0afcab7f7b47b5baf508a,train,maps/0679729.npy
679769,Donut,lot42200,863a5379c1364e5170cb1029364d1009a54fecd3eb2ed957d709e5b523aa7aa0,train,maps/0679769.npy
679786,Scratch,lot42201,2d88d259414f4d899d24ddc323a98bbfc873cc03c5df2b7dea538af9ac460b06,train,maps/0679786.npy
679808,none,lot42202,76cf55720ea64f5b5e1c994497c578cb758ca3414a6ed5831d9389593622a2f9,test,maps/0679808.npy
679817,Loc,lot42202,ba9a0336dc3af1f639a2cf7899fdc08f003e45f130a5bd8430fcb99232d05a9f,test,maps/0679817.npy
679822,Donut,lot42202,4b3a7829c5f88c6cd7b6ab8d2811ee8e965b1738eb305f4c5afb63743bf3794b,test,maps/0679822.npy
679825,Donut,lot42202,28be91b0efb539b8c486ec33f231432effa6dbb3d088f6dbb66858a1f6053c1d,test,maps/0679825.npy
679826,Edge-Loc,lot42202,da1cbada6e5f4d2e456376ea70e64cfe5fb505f10c59c0ca69dfee13928fcb13,test,maps/0679826.npy
679869,Donut,lot42204,e03af0226c219268746af34103970982fde1bd5fb56896983ba9356f6cbd7ea9,train,maps/0679869.npy
679934,Donut,lot42207,757a1267637b370317cf727b68a9df86b870052c55a8a24665a329c6bc0b9198,test,maps/0679934.npy
679948,Donut,lot42207,c4e00df587cfa3de040681560bb08b2f9d2a240c6d4dc30e886b49bc5a15c65c,test,maps/0679948.npy
679950,Donut,lot42207,3fbec6c0f2bfd3ff70379259ab718ca8890593494a8f707da984d24b5208f401,test,maps/0679950.npy
679969,Edge-Loc,lot42208,c2c0ed61402e1c9ec8b9e9eb5124ff9d2b7fc4dc5887f9d636ee715a4cbbc57e,validation,maps/0679969.npy
679973,none,lot42208,5475a229222508a9c3abb8e10271ab11c1ce88752402facea4b4290e5bbcc80e,validation,maps/0679973.npy
680002,Donut,lot42209,3ab0ae2b4e601855b4e190435be63a58414da379e15319405af7d1dbcb812f38,train,maps/0680002.npy
680035,Loc,lot42211,c5441c3f2847f830ef2e31a00d2ee71d77a3449a7e6e3736f7561b2e5a79f3ae,test,maps/0680035.npy
680063,Donut,lot42212,3d1c1aa5ee3a37a2f26133ab75aeecf5979dadb821454ec0318b0380ba7a0c2d,validation,maps/0680063.npy
680073,Donut,lot42212,275b32ac369af7e5ed5943614af2198e7235f3e593c3713e7158b4365c14ac76,validation,maps/0680073.npy
680166,Donut,lot42216,041725de1df4e9d5fc29131c4bbf97f681ebfc99ec74a3b2664a56e110099227,train,maps/0680166.npy
680180,Scratch,lot42217,d0eb911abe3ede5f475762b24c9ebf96c4b386111c13d47c3b9ff6eb2e00061a,train,maps/0680180.npy
680205,Donut,lot42218,346d4574812e65058cd9090988d6a97354c95719a0cb8094c9493229da5f969c,train,maps/0680205.npy
680213,Loc,lot42218,322858036da715599d8b493d8928d7422013a852f89583886f48842fd13b53e4,train,maps/0680213.npy
680244,Donut,lot42219,333c2c097eab1aa555f8662296b186b42abdcfd1e28fc643fb5d5239fee6d0b8,train,maps/0680244.npy
680266,Donut,lot42220,f874b2b0090666595c99211e5187b57a73f6451d41f57c6a0e658cd475613930,validation,maps/0680266.npy
680286,Loc,lot42221,3b96a08d33274d568c6acd0f57ad0ad03d3d2101739aec35e711a36e43b44cb9,test,maps/0680286.npy
680382,Donut,lot42225,c4392514a89e6155b4caad9270356dd54a4dccdf7f5845c9bf20e0eb566432d1,train,maps/0680382.npy
680417,Donut,lot42226,8992b991f8c818fca28bacd7f212d01f3cfca7c03763e370d52b225bbd970279,train,maps/0680417.npy
680441,Loc,lot42227,d320301b72b64ac92831638d58d8ea528128507997df8564041fc7d076169d84,train,maps/0680441.npy
680449,Edge-Loc,lot42227,bb7e54c6a3faa89ae0c7a2f63eb601bcf1cad2d1a7992b7c67d394fafac6e374,train,maps/0680449.npy
680504,Donut,lot42230,6023458dec4e407983400571f155641a36b99c262929bce96f3592ec455e028c,train,maps/0680504.npy
680531,Loc,lot42231,f6d978174fedef918dbfbba09d46e0d44c33415cd559d036b9430d82f9f3dcfd,train,maps/0680531.npy
680555,Loc,lot42232,b6347a9d8f51f02ec2e809da174e8ee4965b2631086e48170fc43320fffd6867,train,maps/0680555.npy
680684,Donut,lot42237,e67d95555ec95c5b4ff47b97becb030d7bdf4454a6fc4282527f88cc246d8930,train,maps/0680684.npy
680737,Donut,lot42239,f7ef7ee7ff42e2723c9a7d0aacab7a8a3a4d832b8faae27140cce3817e036443,test,maps/0680737.npy
680762,Donut,lot42240,76680225cd720824fc04d49673e6ff542eaaa9361c00467e9d1b115e05f2b849,test,maps/0680762.npy
680765,Donut,lot42240,8159b6e159d69ef47018c83f69f463f98c3ddbf870b4c1d7834b325f9dc013ec,test,maps/0680765.npy
680785,Loc,lot42241,b3e4add3b3c10ace377cfa4ee998781abb2f150eb7d1f6d1f82aff6788845a2e,train,maps/0680785.npy
680800,Donut,lot42241,299e0260419f95b8e306e1055d34294815d8892a033959347b904a22321b9bf8,train,maps/0680800.npy
680826,Donut,lot42243,881ba0eb324d65f9279b4d9ab0c2a933217540776d19d4129bec3b0c0b06822b,test,maps/0680826.npy
680844,Donut,lot42243,143940980c5b9fdeec614111d4b585b1f13a370cfecf283995d3ccce3bf32b1b,test,maps/0680844.npy
680845,Loc,lot42243,8b2d445e1c75812d1dcb2cdace2badb0a1fd2df5731eea3d290eca2e080cb54b,test,maps/0680845.npy
680869,Loc,lot42244,d89ee68c39801a616e37169048a804050bc81f8ee68e673dec454e72c5e60449,train,maps/0680869.npy
680907,Donut,lot42247,89374bec73d7761bccce4c340cd54444b553c0bf523061560748aba507de584d,validation,maps/0680907.npy
680918,Donut,lot42247,ee2fd6c0eb75ae45e17f65efe50db35e9b8cf3d3e29d7848aa09a0ea4afeb0e3,validation,maps/0680918.npy
680955,Scratch,lot42249,ea086f3b36f2fd3b7c886159e820317b9cffc66b56a89d4dafc8edb5340c3a6f,train,maps/0680955.npy
680975,Scratch,lot42249,9c424752d7594983e8bc129d94c82720c42fcfee94d2eed40e22d0f6292ed925,train,maps/0680975.npy
681009,Scratch,lot42251,e4eb6b68ac90861eb8e04475955869cef365d341da3cce25a2cb71697a21c596,train,maps/0681009.npy
681057,Donut,lot42253,145f52e81516f5274aac5c0793f33dbc3daf09d0eb75f5c35663a637e3fe9289,validation,maps/0681057.npy
681064,Donut,lot42253,1a1669fcb4dca2de58fd964f5e76d9a5844d3e0554fd55f6dba593f05ba8bd14,validation,maps/0681064.npy
681080,Random,lot42254,8347ac79ac4c3efc830767b32ae708200064407e0cd7e54432ee5ef1c12ee4a2,validation,maps/0681080.npy
681138,Center,lot42256,f81826b3e02b967d3165ca1a5e196a7a16008f2361f9e2508790df4b515d08ce,train,maps/0681138.npy
681150,none,lot42256,edb3c371a080cedd8a78b4d5672d28b43754bf148350f01ba79f80f9851d385c,train,maps/0681150.npy
681152,Donut,lot42257,21c534a06bab18244f3da1bfa3b62bedf849ab94a54aad7156a0cd3038f764c8,test,maps/0681152.npy
681164,Edge-Loc,lot42257,404d0d7f4a4d92d3dac32fa2c7a35053334ec2610a1bd6cac270bcdc276b2758,test,maps/0681164.npy
681165,none,lot42257,671645f71f0dc2b5386db678c3b7811b6d0f929b17f59c740c3fcf46703b1556,test,maps/0681165.npy
681180,Loc,lot42258,5edbe2d8597e9f29ae62e4bc8ce166b01c42f0347effcd4436da96b51ee2b1bb,train,maps/0681180.npy
681209,Random,lot42259,8295d466e55c32dd04ad68de9b9176bbdf8101f3241b06d0045ecce42b50a282,train,maps/0681209.npy
681240,Random,lot42260,0fbbcba756817d56245e84905dd87b0e678049be8fdbca7dec5fee48fb8d5b21,train,maps/0681240.npy
681246,Donut,lot42260,d5c0b19d9dd69a9658183269a463ce9a680c9de558abb482b29961dcc1396a88,train,maps/0681246.npy
681250,Loc,lot42260,3461e310521b45ecf5a312ea4eed8e5fba45eca067fbbf4cfd13751e32af9bda,train,maps/0681250.npy
681285,Loc,lot42262,1e5c600a4ab52339ad30cf22d4555c5dacc9c9aec69da22d31d9408df0d78595,validation,maps/0681285.npy
681297,Donut,lot42262,e919a9e8c809ee4819a3dea465dabae205b72c8b5641e1cf7de95dc23bcee5c6,validation,maps/0681297.npy
681306,Edge-Loc,lot42263,3fbeddf2d593acf248d0c1cb1129255e38a137332a8989671c00e7779b0cf068,validation,maps/0681306.npy
681323,Random,lot42263,69566ec39539cf97a3564abaaa7a8364bd0cfc76978b4b3a066984c27dd1f957,validation,maps/0681323.npy
681391,Scratch,lot42266,05866f42cd3bd7f9ba6a700df4ec15caa888ac7121f430de6dfb955bc5838e3a,train,maps/0681391.npy
681420,Donut,lot42267,b8b9da69cdc55b0dcad7ec6d552787dfc4036f877c87a0701890dc97ae2a01db,test,maps/0681420.npy
681458,Donut,lot42269,baa63d80486aafefa6e281f616e1d8ee23a5ea3cd98da6e0039889674ae8cf1f,train,maps/0681458.npy
681491,Loc,lot42270,3a22664508c66c1a482bc7e6e2c225351056cedd6fa84d460385b0c4e361abe9,test,maps/0681491.npy
681517,Donut,lot42271,46e005615c26832363b9ad7cc9f20072460c6376afa3623a4560fb43d8ec81e5,train,maps/0681517.npy
681524,Loc,lot42271,8716abc02c2cb8ca4efca76351abdbdfbbbc1d8cd99238564d7f08420f901582,train,maps/0681524.npy
681559,Donut,lot42273,3a21b231b084e2f3328feb1465b2febc40697fb0af0f944ca898487be1ca44c3,train,maps/0681559.npy
681579,Edge-Loc,lot42274,dec5b47497734c7e8c765e242eb724fe52bebcc33353e41cc449c153876747d8,train,maps/0681579.npy
681604,Scratch,lot42275,88b90df6cb9586c9ba1c88c19571e04db73a373e9533863bf026596505a81788,train,maps/0681604.npy
681655,Donut,lot42277,9059abb1df448df6eb16d90a4f6a5595a8c682b928a964a65ce798aed3324e1e,train,maps/0681655.npy
681665,Loc,lot42277,b8cd420b0272e5a81fb946139adfa24d4442498650832b8ea16c6672d587a2dc,train,maps/0681665.npy
681696,none,lot42278,b19e3ba336eab6809df7c8a9e7b9c11f5fbd7d18f7cca3fff0e190ee63a2b6b8,test,maps/0681696.npy
681706,Donut,lot42279,647acffdc663602883b829fa770f5372b476e6bbbe77ac0db819387fbb7d6d1c,train,maps/0681706.npy
681723,Donut,lot42279,109ee9a7484486ee16e0ac11984661f45017b6058d024aaf3b7fb8d0c83dbd21,train,maps/0681723.npy
681726,Donut,lot42279,fc83d91c9d8c34e6097918ce199c1bb147d078213ea21a324da26192617e67d6,train,maps/0681726.npy
681731,Donut,lot42280,7c9092888fbeeaf60e5c47996eec7103354f4cf6e844401560378b18bf4a485a,train,maps/0681731.npy
681735,Edge-Loc,lot42280,9e62ef1670a7d00633afb0b3f49a9eadd9ba4b5c2516bd5dd5af38efe89d4724,train,maps/0681735.npy
681771,Donut,lot42281,2c302d42f4f943a9f3bd2e751dacb25157be4e0cb2508e8af1c2a0d399da650e,train,maps/0681771.npy
681807,Donut,lot42283,eb31da32281ad5e205b6b05cf4c2932acc0df25acbdd01557487d6bf8bad6a57,test,maps/0681807.npy
681851,Donut,lot42284,464f9ca82e1b2601e516e1bee326c21da9dde5f7a4411901ad1d7f56e7f5d085,validation,maps/0681851.npy
681859,Donut,lot42285,c31685021fdc7c3370232a407bdda1d1f6f194e50ef9c2e2a440b9ee379d2918,validation,maps/0681859.npy
681928,Donut,lot42288,894208c9a24b1058723adca31eba1e2024ef729aa7087f8805c9ee8a2776e56f,train,maps/0681928.npy
681938,Edge-Loc,lot42288,950623f7cf69a290935eaee7bffc63cf52ed6f1bd3ebe87499f8d2890cb82d35,train,maps/0681938.npy
681956,Donut,lot42289,3c1b5418ed9a431ebf279f1ebfef9419a041bb70898c28d66a6fdb96c245b4e0,train,maps/0681956.npy
681972,Donut,lot42289,0ee291f722d6d1c0bcde330208a4c98a892ede47ed62a1bedb989e52123642eb,train,maps/0681972.npy
681975,Scratch,lot42289,39b5f086ade9c19d9be2c15ae69b37d02a69a78913165d12d408bd4080418f3e,train,maps/0681975.npy
681978,none,lot42290,4e8629ed4e69cf21303c52653b5e71d4cf293482f382fb6a92c9d8c5c8ac2529,validation,maps/0681978.npy
682017,Loc,lot42291,fb9042e1cc0f3601c045e40a83c981898b751d9026b1f8031d6e4ccf1dd76dc2,train,maps/0682017.npy
682193,Loc,lot42299,7e05f8c3901be915025577bdc12edfb16095dabe444f73f3aa9016d59a8deada,train,maps/0682193.npy
682271,Donut,lot42302,bf5c906fca9e9e0ee121ef208ed9d348a40e26c7c7d03acb1450bf8dc40ce036,train,maps/0682271.npy
682484,Near-full,lot42310,f32fff79a26a85de9b256e242246babc1232f807b95afd2f761f0e75576413d1,validation,maps/0682484.npy
682556,Donut,lot42313,10d7a09981177649d5b31c355413bdae1d8694bffff8ee62223818cbd1da79a8,validation,maps/0682556.npy
682628,Loc,lot42316,a958d9e87519fbdec75fff4e3638bff86ae7745e814569160b1dcf458f7093c1,train,maps/0682628.npy
682634,none,lot42316,15f4f8a38e4a7d3d942d51aed48dfe82c7f7c608f84f2ceb52ecdf303d2e10e9,train,maps/0682634.npy
682667,Loc,lot42317,e15ed275f585a185ed97520bc4ad49d2d82a5b0279c490d3e5fe8fc59062d1a2,train,maps/0682667.npy
682951,Loc,lot42329,5521a9db1639bd53a1dc1507f326e913683107ba23918a765ec848400ca7c102,train,maps/0682951.npy
682995,none,lot42331,8103e0e3d505bf85f629bce6bc55e41e2edf6dc3a232a7c233defab4aeba001e,train,maps/0682995.npy
683018,Donut,lot42332,b0d2675db9eb7ccd6b735aa12e271847e8c881ebd4d65f30150990c513996eae,train,maps/0683018.npy
683020,Donut,lot42332,73a539cb93bb14fc01783a3811c02be6ea421367480fd14f73d8709aede79271,train,maps/0683020.npy
683097,Scratch,lot42335,2315a2c1a9fb3bbdd128a5d1a73d1bd2118160dbbe90e81f14e8087a3ee5e08c,validation,maps/0683097.npy
683107,Donut,lot42336,11e45af3b05017f98fe1ba6800473c6d97e2cca5447b7f354bcbb89bee2822db,train,maps/0683107.npy
683138,Scratch,lot42337,c105232f88b19c2bbfcd294459c448e1a344ad857ba7e77ef84c4314a2f2d2f4,validation,maps/0683138.npy
683140,Loc,lot42337,942335342fb035905470c14f47fdb40de578347885d7b5ef891c693710b1927b,validation,maps/0683140.npy
683171,Edge-Loc,lot42338,5f1550dd161a8dc3a37e0628917533cdc7f6eac28331699f931b0f3dca69157f,train,maps/0683171.npy
683175,Edge-Loc,lot42338,40c406f0d0d536d43016afccf35da5e861ba23d74ad2875f0e16a7ff38795ec5,train,maps/0683175.npy
683179,Edge-Loc,lot42339,558811951d991549eae7ca26267ca21f4feccfdcc98c5738571bd2487dc6e540,train,maps/0683179.npy
683266,Center,lot42342,db3a46af2203e56b3ee9beac5b6f1cc2bf9c17f41c652307e233882a6dab3d33,train,maps/0683266.npy
683294,Donut,lot42343,6801ddddc391072a1af41cf0656a0fc39645c2c756c2d7751cf3119e9796c7f1,train,maps/0683294.npy
683325,none,lot42344,bf7ce2f441b5aa444e9426eb367176e2e84de8ac23190f3c9b8d0cb0ca429e5c,train,maps/0683325.npy
683380,none,lot42347,e26b47983cde3c82ad10a2872ddb259c780129dbe7c15975541ec745877d2961,train,maps/0683380.npy
683489,Donut,lot42351,612cb5c9c9c59674520614ea05de18f1049421ef3f108ab5fbcb0cc099d30069,train,maps/0683489.npy
683508,Scratch,lot42352,6e4800dfd2c81d9d1c9f6f8151f70c09e990a1d93b3933d26e3e454d74e64f7d,train,maps/0683508.npy
683520,Scratch,lot42352,6ca003e410011a9d9ac42b8f5541f98b3517b4421732127d796f6b5231f1e832,train,maps/0683520.npy
683583,none,lot42355,bb7ce0a15435dcb1562352ee0c837eb6e4d645a19899f1b4eb5430968a19af43,test,maps/0683583.npy
683638,Donut,lot42357,75563b09656eb75492bd228f337058c908d0548fcc66bad597837d456c2db0b6,train,maps/0683638.npy
683671,Scratch,lot42358,036f046d5b603dc553d8ade6523676cc8fa2af7e86b204f1230d2a29e07e5d30,train,maps/0683671.npy
683679,Donut,lot42359,04eb973d952c59ae6e3f499fd7b0553814e1bc2b5cccef78c2d8d3769085e121,validation,maps/0683679.npy
683724,Loc,lot42361,040b03c0ed0cfef8ccd00f96915112112f0cd091080e061df00b8abc8e3f6d22,validation,maps/0683724.npy
683806,Center,lot42365,d00baa855b491c4949990f4f8125060d5514293dfe5ab0657181eb5004a16c1c,validation,maps/0683806.npy
683842,Edge-Loc,lot42366,cfc0375873a1518e611bf713dc223d195b66dabfc581106d0cb91a5964f8757b,train,maps/0683842.npy
683846,Scratch,lot42366,74f8c7d281493741607f689ab32021490bfaf43b1d511afc9dabfa17c662eefa,train,maps/0683846.npy
683859,Donut,lot42367,e9eb73791cef86fa43222253dde27796b8c0763461529992fae10ad265992c23,train,maps/0683859.npy
683863,Donut,lot42367,8eae8bfffbb87d8129aaaa49f130ad8bc53abb804971de3eb297e7959049ce7c,train,maps/0683863.npy
683871,Donut,lot42367,9e797ca9f492dd73b70bb66e97686770fa3af321f25e89e7d8e5f2ca977de3e4,train,maps/0683871.npy
683877,Donut,lot42367,4dbf6a7ec50396e184b2bf5f848978174cf1789b30af7be2312215f83dd826a2,train,maps/0683877.npy
683882,Edge-Loc,lot42368,a51bc1020cc0e38119833c5b75238c4fae38606e3e8333c604a2f56465463763,train,maps/0683882.npy
683889,Edge-Loc,lot42368,f9135e6cba5b8c7317593118d9c44cf52d4d7823d0a1de755400d738838efd46,train,maps/0683889.npy
683929,Center,lot42369,147919b330acfc383c844bf0937db2e0227140c95d2da38a170b1d0a5b390eec,validation,maps/0683929.npy
683939,Donut,lot42370,29823fb5461a802aa9e57712630442c7adb73d61e70c05db401a0ba10fa3b71c,validation,maps/0683939.npy
683940,Donut,lot42370,8278d0fa1a6ab47ea2d967a02ad04bf0389210e0a2ba9ccf777f5783f99aeebc,validation,maps/0683940.npy
683942,Donut,lot42370,aba7d839d43ebf6363d098f7d4a3df5625d4358458de41aaefe1789ec53bfb1b,validation,maps/0683942.npy
683944,Donut,lot42370,b7d16020612f51c8e502dd5e153026e853b9da3bb46bdbc33ede4ac316799530,validation,maps/0683944.npy
683949,Donut,lot42370,1291d917cf431f48eb608f0d0a48ed0e377cb4ba3ec7e424c1cc63ec32082d6f,validation,maps/0683949.npy
683953,Loc,lot42370,fccef41aa1550e994528e2de6a1676a4bb18358b78c616f94d625ecb7b543406,validation,maps/0683953.npy
683999,Donut,lot42372,c2c45d9d56516ed4bb9feac10737fe87015110f7bb6a85b4bc136269fe312935,train,maps/0683999.npy
684014,Edge-Loc,lot42373,796e91688657e84a9c75bf89af00b869508cf517cad09ad0e3fe2f1632866640,validation,maps/0684014.npy
684052,Donut,lot42374,17d862b5b65f9583876da5bce9ea752c804ff775a2ef0cde7117501901131823,validation,maps/0684052.npy
684421,none,lot42389,9d813308b8782d013de67540adefc0ea69a67eb2f23ba8f36e194539c0b31442,test,maps/0684421.npy
684424,Loc,lot42389,fd386982d8921ece68a88b92229e77387518b2212936b2504b30cb9d9407efc7,test,maps/0684424.npy
684558,Scratch,lot42395,60a84b494a464a428880063e89677a1f63e6d3b1ffdcbc60b6cb35d27c486c54,train,maps/0684558.npy
684607,Edge-Loc,lot42397,6000fb6f7019ea1544ef4e51a9ae4b563f0bda8ee40188b0c102ec67976b1f55,train,maps/0684607.npy
684687,Scratch,lot42400,7d79609c47a6b00b42e139220c140d799b1acf2cb27633d926432f4e0170ec3b,train,maps/0684687.npy
685006,none,lot42413,c1f15496d7f882ae2497e4a8e0f38e3796188a90400c7c7d9eff30cba6104993,train,maps/0685006.npy
685187,none,lot42420,5651540e983f7125553737b55e694ee43b44f62816143520aa3903d711e41ebf,train,maps/0685187.npy
685295,Loc,lot42424,8b8580f6b723b49e5ce209aa772c14afe68d99eddd1211166d0256d8e70aa211,train,maps/0685295.npy
685321,none,lot42425,ce2afb666d6f5dff6e8174020d5b36f67a431134bcf270e20d102c724006eb6f,train,maps/0685321.npy
685323,Scratch,lot42425,96a513da3824e7ec650ca54a84f01e4f821e792e27aebee55e436aa8d8d7a789,train,maps/0685323.npy
685411,none,lot42429,9ae9875e99b4991e2d99dbd6c7d43f0fd9c199d06c9679d453626374c233fc6f,validation,maps/0685411.npy
685733,Scratch,lot42442,25c37556e8db3213aa85493161c16efe1d4226693e81fd25ec216c01f0aa596a,train,maps/0685733.npy
685778,Scratch,lot42444,86a0369e13f69862b32867722c895dda7d57eae1db6fac3a718d201056c92933,train,maps/0685778.npy
685928,Scratch,lot42450,b6abbbfba85288c30a5d3038859979f8c6942d7cd28191be4608cc8b16c51494,train,maps/0685928.npy
686106,none,lot42457,392bfb9f34462d198a98ac20aeeac0673fc2344d83daa4bba40632830b0d82b7,train,maps/0686106.npy
686133,Scratch,lot42458,ac9107d4fe307bb94d8140d19e543f887acd00ddb1e0ae0ff02516d24bd30c32,train,maps/0686133.npy
686373,none,lot42469,f89518c41143f97558689c9807bc6055b42ef5e3b576a72eb60dfb4b2cf31506,train,maps/0686373.npy
686464,none,lot42473,5db55b9663b2fb4742103442c64ad5acd810dce13f670ae721f79ed2fdff19dd,validation,maps/0686464.npy
686553,none,lot42477,6602faafe076dab6b9e847d608a92b0713c22f651c4f213da2f1b6facd938c2e,test,maps/0686553.npy
686621,Center,lot42479,bbaee3e210da9fbd90c2a70f2c2cb4e6c54870d905db24f23f58c5568591a641,train,maps/0686621.npy
686672,Scratch,lot42481,90f5768d2015da90d4fa5e99c1d642a6a637d865f3ae93daafef1d8dec24b82d,train,maps/0686672.npy
686900,Scratch,lot42491,83215b6a858ecf59fe85c712a04e51636cc5f9175ea1d9d144cf1db07ee15f69,train,maps/0686900.npy
686923,none,lot42492,de10d5904212b952c56d1965a1c5be73e62f7693449557640f52124a2f9fd88a,train,maps/0686923.npy
687174,Loc,lot42502,b55bd0e5a05a5bbe5caa2029f59a36ccfce391b9edba7bb263b9086383e50e50,validation,maps/0687174.npy
687199,Center,lot42503,7c9562dc1404e43ffc83e0a91cd78a673d0cf55cfe380795983562cf6a923fc4,train,maps/0687199.npy
687261,Scratch,lot42506,519bc43fca6a12f2bf4ea4bd94752535d2c7bdbb1dc733f0e853e312b9a35640,train,maps/0687261.npy
687357,Loc,lot42510,a7e5c0b21f4ba987ed8eb6a88da4b7cfa99ce6b0020acbb4213d97c70aced32e,train,maps/0687357.npy
687404,none,lot42512,659e7e5702a0722095a89ba14addcc33c62f43dd50f8dd63095749e9d6d7530e,train,maps/0687404.npy
688110,none,lot42541,bca9ebc64bf635d92b40480c211e333f30cf41bba3c5cea4824e20ea92d02525,validation,maps/0688110.npy
688605,none,lot42562,e1a178f7a64e13e47a7edd0fdf5a77180d4d11965dda3e8166cb665826e3b1dd,train,maps/0688605.npy
688687,Scratch,lot42565,2ed0e3987f6e5a78ffe39e6c088d370f85776d92dc589c8b30112d60e6a4a784,train,maps/0688687.npy
688742,Scratch,lot42568,09b60e5ccd3b612f7bde4a89841db9d575f2394c28e4318f0dc23ff6a57a0428,train,maps/0688742.npy
688816,none,lot42571,87aec3e51b2d70af26bec82f2cc3b4819f27d3a2061394bd00e89ee673ef19b2,test,maps/0688816.npy
689157,Loc,lot42585,c2838f1809a03ecdb74e20c13abbe59da1821d92ad13b90cdf092b0e230b8a3a,train,maps/0689157.npy
689184,none,lot42586,694581b2c9bf0ad5a924cb17caf7a8801017845ae65856836bc8f2d88f9f3709,test,maps/0689184.npy
689268,none,lot42589,e22d885dfb8eb7df795f5246b18b0e12ac269ab55bff391b3bc6cac68806bb51,test,maps/0689268.npy
689478,Scratch,lot42598,9f2190a324ee860d292e9695361356a178cc55e9c9fb7bd68f43898e3387c4f1,validation,maps/0689478.npy
689504,none,lot42599,ad32d0b38ef2bb655996a9a90edc3789caecd7456cc04c3b43c13825d8c0db2b,validation,maps/0689504.npy
689652,none,lot42605,776783b3d31adad53107481a5ef3afebd2e208d435f18b5a7b378a1ec9bc474f,validation,maps/0689652.npy
689849,none,lot42613,80e9dd0fbdc4c057b0b94da993d2666468f70bfbcd3599d5c3ef52e506440420,test,maps/0689849.npy
689861,Random,lot42614,eb8a309d6bd2362e751e67ad2f1cfaaa5af729a9a9cc8d68e0f1aef123000e32,train,maps/0689861.npy
689958,Random,lot42618,0cc6a6157530b8669c264b8fd34ff1c67b9a908f9e36e2a82905ac13614b53fc,train,maps/0689958.npy
690019,none,lot42620,8ffebbed34f79cd60c19edbf7fcc367b794a5b1980579aa732fb9e6b4aeea346,validation,maps/0690019.npy
690078,none,lot42622,9e752f70893403f7168748976bbca15143652b1bc3b27db557147b0a6f20eaee,train,maps/0690078.npy
690278,Loc,lot42631,cb57a97b0fb2cc8bc2a130ec12b556e7874a45306659c509d312da328e753263,train,maps/0690278.npy
690298,Loc,lot42631,18d703fccf4b1a259066caaf749b33a1496b19d6590a0906bd0dfc3d4b57a706,train,maps/0690298.npy
690317,Loc,lot42632,1b18a1b4e4d2873774fe99129bf09bcecbacbf5b944073d1e7abfeefe45f1165,train,maps/0690317.npy
690422,none,lot42636,8de1f1ec542df0a9328df85ee3cca4a8fb08e9e57e2aebbddff57169721e779e,test,maps/0690422.npy
690608,Scratch,lot42644,d896fe2b69867453c96c2f1c920b080204a343acbdfe15a2c3d2ed4c05cd99a4,train,maps/0690608.npy
690639,none,lot42645,15e6847a12e90dd7b4fc0bef21e4fee47b98c9261ef9ca38732c81aeea213421,validation,maps/0690639.npy
690748,Loc,lot42650,9a9a2b9b719387ef22d750fbc5dcdf892fb56c53c69dbb363e63aaad814fea27,train,maps/0690748.npy
691013,Scratch,lot42660,decd5cf5c8f87989cb379bc602664bf6237058ce5a691012d99329fabd430e33,test,maps/0691013.npy
691046,Edge-Loc,lot42662,b299af7ec723c97b153bf695c4a5fa64af1c53c644d33c79ef0436c74a238a10,train,maps/0691046.npy
691138,Scratch,lot42665,3fef8165b507221ba1df1d9eecd46245d65893d25b61441fe9eaa3014bc627f1,test,maps/0691138.npy
691466,Random,lot42679,d5ad90b83557ad4d6785b71be63be61e40e850dec2a112918306ec8a3733ea6c,train,maps/0691466.npy
691489,Donut,lot42680,5995d3b5031d15543a248dac8e91c87e3da8d89aefa43fba652f4097ff5487c0,train,maps/0691489.npy
691609,Edge-Loc,lot42684,40a8ce112a8663f1bc1239ba82ece72ae6ff7c9d795e1fff6cc790e724a1be3d,validation,maps/0691609.npy
691791,none,lot42692,4910b301614d0870fd65b814f6be212aa1f4a6cf90fa93443c37a54daf49b433,train,maps/0691791.npy
691850,Center,lot42694,d29b5ad5816b8eff48029f7bdc67d998077f10fc5fa5a8c36a4881d338c5f131,train,maps/0691850.npy
691959,Edge-Loc,lot42698,f66335cd19ed0a7db4347806407cb3e7faa4047694d0151e9104cff25ff0a68c,validation,maps/0691959.npy
691992,Loc,lot42700,7e95826ec6216c4553a1b6619aa8a35c289b429053653813ee298edaca9bb79d,train,maps/0691992.npy
691998,none,lot42700,45012130ec8265dfb3b85d008b84e15d7ff48dd71a81f1e30c23929a40bcad3c,train,maps/0691998.npy
692145,Edge-Loc,lot42706,62b4a67c232d5cfb589c4647bc58cd1ffb833a24e27051e5bd65750412949c0f,test,maps/0692145.npy
692249,none,lot42710,a653a2d3bcf7b858648111e5413ea6297126e68a7e5b37eed87fe0a47e0dd6b7,validation,maps/0692249.npy
692265,Scratch,lot42711,64bc2a73ec271430b1641035e81204102194395210d4d5f6d2440ab28304bca6,test,maps/0692265.npy
692415,Loc,lot42717,11e5c19967fce8ed57fc0145e31ae69b73fce0e9238938372b05a25ad33f2279,test,maps/0692415.npy
692580,Scratch,lot42724,fb82e7b756fa3bbc7bee4ea9ad16db04d256518d63189838e7a22f3604712345,validation,maps/0692580.npy
692733,none,lot42730,188a706953f67f5b6370e8c175e4d3a103f33bebeb50d600574e32630bdc60b1,test,maps/0692733.npy
692764,Scratch,lot42731,196d209f2c04a5cb768769daa7cb9af28f6cf1e2a4b2d58213562ef62a1a02ba,test,maps/0692764.npy
692770,Scratch,lot42731,b45987c01ff51f92763c2811fdea4c19c1bfb95979b51ed7b193fe9ce9e900bc,test,maps/0692770.npy
692844,Loc,lot42734,569340f2b00af25b2e686dd1bcb33f0d99ddce19c04e719c0b5d49cd4cadd551,train,maps/0692844.npy
692855,Loc,lot42735,4105196b3f2b670431aa3611acfbf6f74f407dd87a145e478b6f25ee2f674d70,test,maps/0692855.npy
692865,Edge-Loc,lot42735,633ad89231333201aa7243791df8a83a546e904222c3bd6827086512a296cfd7,test,maps/0692865.npy
692866,Loc,lot42735,389c2e64896fa2a93e57fca02b6ad1d52d69fc8754f9cf8db8308d8cf40851b8,test,maps/0692866.npy
692910,none,lot42737,a7a64180b30154a0fc5a1ec75399efc2abf94e88875dbc9a0b4893369b1f71cc,train,maps/0692910.npy
692934,Loc,lot42738,d4a4143bfedeabb4ebe9dbb257bc6d0a84786bff008004bdce6b2b0e7c9e318f,train,maps/0692934.npy
693149,Loc,lot42746,844a8658b06709bd3c06251139f30c302befe182bd8551ee2a3d19da2d086947,train,maps/0693149.npy
693191,Random,lot42748,97f4d63b2830c61238f19a525f5254250945455fae83b112a1e2d2aaee865cd1,train,maps/0693191.npy
693265,none,lot42751,347098d6550285e2a635b07561403806f06870cf2689a23310bd41c9215ab775,train,maps/0693265.npy
693279,Loc,lot42752,fc3e3fb498ffd78aaf590fa10e325b2315985ecd39c432edebf0487b5306240e,train,maps/0693279.npy
693294,none,lot42752,6ef74e4a148322fda2dd03031f310a2f3fc6782e842d1bd9705d97a1b5ca00c4,train,maps/0693294.npy
693359,Scratch,lot42755,b95c5b4c4436ff2bb78632b12ea2821aca607f8a6536c0b43713bba449c8f704,test,maps/0693359.npy
693567,Scratch,lot42763,f86c2bf5ddc65855992300ffb6bbf0ebba2c5503459d627d165a758fc849214f,train,maps/0693567.npy
693644,Loc,lot42766,5c702c4fa73c65b2ad8fa86f98594f9092aa6eb51e7c28fcadcd4740f1349c44,train,maps/0693644.npy
693826,none,lot42774,e741c0bbf6bcc59278b89e78c2ceee713e0d67a841d6b8d57195840049b42574,train,maps/0693826.npy
693891,Scratch,lot42776,8151364acada44b88f91336acf1c5f955c8d9449e309014375fad8ad1333da53,test,maps/0693891.npy
693947,Near-full,lot42778,338c181e07ca552d16ecb6900616b37d5acba7d275321258919337c56a449d63,train,maps/0693947.npy
693992,none,lot42780,c24499a773994b62d43854121aed762f2fe6375e2f24208fb67710dca486fc73,train,maps/0693992.npy
694172,Random,lot42787,3c80cb370ec670af46f114e7b1037746ee8f3cd3dffeb99799973070e7fb3c61,train,maps/0694172.npy
694174,Loc,lot42788,dbb56f9f15bfe97b4383b934f28588f68e91213c86a73dd8e1eea1d439c79e83,train,maps/0694174.npy
694427,none,lot42798,c35abf110bddac519b4d8b13230d3b49a70b922f670cdf823709b3e3706fad44,train,maps/0694427.npy
694433,Donut,lot42799,aa4bd83465c6ecc05c26d82dd76e826611b157a0233e2c7aadd1c47ef4f08aff,train,maps/0694433.npy
694592,Near-full,lot42805,089eb834eb73859d6acdef5691a2c619f4bd3af6a7776d80edf9d79b3590297a,validation,maps/0694592.npy
694703,Center,lot42810,b761800ee05106e8db1de37a922d44bcab6acd670974ae3cc160062568ad4b93,test,maps/0694703.npy
694765,Loc,lot42812,e293a381ba75e10455f02a896343c0d3f72e8903cf95859d7dd2f7c5ccaf14e0,test,maps/0694765.npy
694960,Scratch,lot42820,a8284a8c45b4846f886a94f0bc8bdd9a0c088e0d38f882da2597b850bcb54e55,test,maps/0694960.npy
694964,none,lot42820,91a899b8c8b0ccb4d5960be513abcc36251d705d27196a3ec0b39ef8160e4dc5,test,maps/0694964.npy
695209,Scratch,lot42830,e2c0d56e786f5f4045c151830ab66616ed8592c5cce2c50dff3447cf40bafc00,test,maps/0695209.npy
695447,Edge-Loc,lot42840,52c6b214dc021043a79b554557aa69ecbc8dbf791348d74d83cf615f722e6b9e,train,maps/0695447.npy
695472,Random,lot42841,8ce684332900aa6622efc208daffb99a2ccf61a19c6b290f33513a96a1fe3285,train,maps/0695472.npy
695776,none,lot42853,7adc1231adcac611838372008478542eed0475519562e6e41e25a817ba6983e0,train,maps/0695776.npy
695929,Edge-Loc,lot42859,714d2d15c3266bc34193e19baf6b12382e5454e0d79db3ef37c07923a5763657,train,maps/0695929.npy
696001,Edge-Loc,lot42862,35f580ef25e4df6cb1d470d3da20f2431f08aabf09726c1be497dbe9d7dbbfaa,test,maps/0696001.npy
696078,Loc,lot42865,f1873666afa7360bba7a0a0abb3be92c2f8d6337a0e880e0cadc2151f0fb0092,test,maps/0696078.npy
696169,none,lot42869,9595d2af1c6d000a3d117d5494a0b1a040893562e8596952a09e0e6814b7442b,train,maps/0696169.npy
696218,Near-full,lot42871,4820b41f7d86c9c536eacf526ab55e55bddf82b8bf6f073ef76a056def2c5f3b,train,maps/0696218.npy
696346,none,lot42876,a2a1b2b7f17ddf307b90f118855e30a94557e081bef904d846b22743bdda5b77,test,maps/0696346.npy
696459,none,lot42881,b218b3783dcfa60e81c72461a111ff51cee721269238e3a5b3e1eef41339ef9e,train,maps/0696459.npy
696471,Random,lot42881,340bd4449a8d7297318cc7691d3fb2a49f77aa6eafb6a118069052b5be4acf9a,train,maps/0696471.npy
696487,Loc,lot42882,21bc2c5e1dc432357b27159761e6940880ff493f7702331029f02d196ccc8c44,train,maps/0696487.npy
696564,Near-full,lot42885,90b690fd35c282329a2df448b4babca3bd0f9754831e1b4662e8aaf4bff2b8ca,train,maps/0696564.npy
696811,Near-full,lot42895,e2f5cbd90dfc39eaa4f0c6a80ed237afd626430d7f117c079bbe425ab9e4c700,test,maps/0696811.npy
696976,none,lot42902,0b8b0e30b61edfbbe04d34e21623e7f24682dc149bec094ebc3c9d707b33bca9,train,maps/0696976.npy
696984,none,lot42902,dfcc9a1cba4c8119ca876ed299a6b452c985004ff211138fb0ef0157604e110d,train,maps/0696984.npy
697032,Random,lot42904,937cc3a930eadd7684ae5552bdc5881a2226fbeb5df7cd562ec99f3a1cea5063,validation,maps/0697032.npy
697221,Loc,lot42912,e9292b2eda7c8790bab33ff75baf7b777ca8c75fd41a58053251011d33da3357,train,maps/0697221.npy
697258,none,lot42913,168763551527afe844660c2e2f96ec4ed5278c59ba9c02293701cda4da99c7fd,train,maps/0697258.npy
697514,none,lot42923,7a8ca8101fb2f19cc7e224e553a6954356aba58cf5e5818ecc9bf779d264f250,train,maps/0697514.npy
697603,Near-full,lot42927,7e819c1090023927854fbf31af22d2d294c6c81dfa24f88a708d4903fd1c5f5a,validation,maps/0697603.npy
697675,Loc,lot42930,b27997d09eb37a3301612c4629729ea68af19e6ba7aaf794de5b85f6d0aa9c98,test,maps/0697675.npy
697703,Random,lot42931,d2f337021446e2a83bbaa7941a243253c31ebf5a5aa25cdb69d83fc1aa80f556,test,maps/0697703.npy
697835,Loc,lot42936,4ba89a4ec26abad5ddc453969a481bcd6fb6bad589910e22c03ac5ef05b72370,validation,maps/0697835.npy
697988,none,lot42942,b2cc16249795061b48b37035369dbc48d7f5968543d126bba2f11145f2c8d9d3,train,maps/0697988.npy
698161,Edge-Loc,lot42949,555b25e3ddd6ce044fa32a73412a8fd76dcd620b5871264e58d588e24de62cdc,test,maps/0698161.npy
698170,Near-full,lot42950,2a4193ca2b709b93625142725d4213ce3bcde0f7cd5085c0f9f6412afb79d0a9,train,maps/0698170.npy
698176,Random,lot42950,3426c6a143f1fceb8aecf5b37a38c95da56b90a2a1c3e6a25ae3b9f096344d2b,train,maps/0698176.npy
698311,Edge-Loc,lot42955,f0860038f1a958ce8f0948f2c8ebefcaecd969aaac5ae08bd6a4c249a5eb09d1,test,maps/0698311.npy
698366,Near-full,lot42957,91574317c0981aa34b4bfdcf7dab8b6b15812771f129dd8d9575421ca5dda767,test,maps/0698366.npy
698517,Near-full,lot42963,c238150287aaf0abbe1293f997af3b03b882dd0e8bc73710b84c437c2a5cbf49,train,maps/0698517.npy
698585,Near-full,lot42967,08dd3be20e8f0fe58c39a173f00f78d4f3274a696c97c0822c9a864aa7f45fa7,train,maps/0698585.npy
698766,Near-full,lot42974,97c61fcd0614ea02eb2dce588048b91cdcebfe56ccd661f70b0cda16483a7c09,train,maps/0698766.npy
698787,Near-full,lot42975,d1385fabc17741d6ff45728b14fbf5d5806ab71a5171c3e7440de29ba31a7de1,train,maps/0698787.npy
699129,Random,lot42988,8ae2bfb5af467fe87b240a2a137f2d748ff20665e93fbcec99fd3d1c125b7937,train,maps/0699129.npy
699207,Center,lot42991,51267d7ee786842cb49747f7225721fd1a97af9d5b96333152e60e990051438d,train,maps/0699207.npy
699234,Center,lot42993,bbb5b0ba1a27760f4fd34a1537946fa25a179d7c587afa9d4b22bc440ab98899,validation,maps/0699234.npy
699383,Near-full,lot42998,2c1f87fe028e194f0401a85271f60c417fd6b5020f4be2d791154cfe9a690c0d,train,maps/0699383.npy
699479,Loc,lot43002,6a8e646db4c43dfbe20e6ad48571e0dfadcc7f32416ba3200a1bf47d4b5e13a8,train,maps/0699479.npy
699669,Near-full,lot43010,7ba55aee2ad1c08e6557e5842bd4f4fd19c6338efd5d36554a432b04221c9bf5,train,maps/0699669.npy
699696,Edge-Loc,lot43011,6d8bcea905609a1ae24539928dce0e43872c597de2cd9b25fca1a655313ffda2,train,maps/0699696.npy
699723,none,lot43012,9367b8c2ff768804d02f016a3d261602e4623c5de13d0230d7ad17c0376026d4,test,maps/0699723.npy
699791,Near-full,lot43015,e5a5da774ddae6a5ef50f7d7f49582e6a2bda8fb1a1dee8d15393ffecbe485c2,train,maps/0699791.npy
699975,none,lot43023,7524f914e5b9d7533814298a3ee0ea9d77dd25cd6d34edb651604042aff610d2,train,maps/0699975.npy
700003,none,lot43024,df74b5f22d90a8789b5c4f78b470ae30ccb9c0b51bfb01b88991db74e084cf5a,train,maps/0700003.npy
700161,none,lot43030,3fdd0eaa81f9c5d1220790f6e64e6b25b3d8576685b289714bb4b8f4893a884e,test,maps/0700161.npy
700227,none,lot43033,07c714b5aa80129bb8bfb958e2886de4c25bbb7f48868becd0e66b9873772123,train,maps/0700227.npy
700303,Random,lot43036,8f5b913a0c337423d404f6bce7f37fc2739eb4edb80b0dc535b7e88925eb93f0,train,maps/0700303.npy
700506,Random,lot43044,9738c3faa45ab34a2b2c5eb1bd93c3b86d43866f12e43c6efeb1e9e86b900f59,train,maps/0700506.npy
700558,none,lot43046,d10126aca66a623ec06c2993447078177fa32b3e2d41693e715ef126f9bdbb65,validation,maps/0700558.npy
700565,Near-full,lot43046,39bd4b99336aa19968815658da7887f3cb7b2cab374a290c294ad997b6442664,validation,maps/0700565.npy
700658,Near-full,lot43050,5184110e8b974f46c17af02ae5486ec6786db2d6f086e4912aebd17e7d1a865e,train,maps/0700658.npy
700903,none,lot43060,a26a2ed841a8426c91b1a6b265693a08809f97dec0b51cb8a572a40200f3d787,test,maps/0700903.npy
700917,none,lot43060,7b940008494d08d78789c0ca5c4b1c5089d3b0a75763026a2440db656bfd02c2,test,maps/0700917.npy
701148,Near-full,lot43070,81a005f5a87579fd77227b485486166daa1c62f648e6b7093b9a972ecc73abc9,train,maps/0701148.npy
701443,none,lot43082,8ffea3e245a1e922e44086c579e5535c7650cfe5a68c89667721d67fbdf71cfe,train,maps/0701443.npy
701616,none,lot43089,46cc87de2cfc6929b621f91ba810768f2210f1fc34636a2965c68d3abc9a739e,train,maps/0701616.npy
701660,Loc,lot43091,fcaf8109741cac817ae8e688eea4ffedb5e5167c78504ccac68bd8a2887b4438,validation,maps/0701660.npy
701785,none,lot43096,3fd0aa7a6142792b8f321750a4fbd583d8b955c0aa495d2a497b31edc35ac5c0,train,maps/0701785.npy
701846,Scratch,lot43098,e9553e9c77164eeffa0d2dd0245b849e9ae080ef0a7750289d5d0b7c9f160294,train,maps/0701846.npy
701962,none,lot43103,c2dc1333e83d99b2083a632c92f42d40cf2911ac612fb4300aa818c832a227f6,train,maps/0701962.npy
702023,Near-full,lot43105,6e5e8cecd851a405c87bf3fd89622a6c19df89dc7eb0e3b0fa109cd24af506a1,train,maps/0702023.npy
702481,none,lot43124,5d785563b3fd6b69a8a9dc502d73d15ff8065f4a21214e1a9bb1d8246c1cdb8d,train,maps/0702481.npy
702546,Center,lot43126,f3ebb4196850d7384b818bbd3b4d9c66a3a8c45ebf94c2e4babdb3b01c19b2be,validation,maps/0702546.npy
702581,none,lot43128,3d2ef21589c9a3c902511abd107c76caa5a785df41a82ead977bfedc177d8f54,train,maps/0702581.npy
702655,Center,lot43131,64a73f1084e2d8facb5c8a7153db493adc9e54a539010e813b57317eae9be52d,validation,maps/0702655.npy
702672,Random,lot43131,8d974f8aaee1eb2fb0d753de1eb94be603c8bdee383f75595170404c0c81794e,validation,maps/0702672.npy
702681,none,lot43132,b56b4a4a1b51ba302bdec183c236fa6525ea853aa73795505bd9f747386462dc,validation,maps/0702681.npy
702693,none,lot43132,6d33b2cb18cb6307fe6bd247208334cfe63cbe85762585181fef21b599e12882,validation,maps/0702693.npy
702787,Edge-Loc,lot43136,c8c5425cc63629e738536124947c70c2cc9af3dcbc77ef638f3c79d20f1fb723,train,maps/0702787.npy
702900,Loc,lot43140,b128dadab166127f9b2921cf664d56df2227a983c41e8ac36c92e0886a2c13ca,validation,maps/0702900.npy
702934,Random,lot43142,6c5112a94a0a85103854866b31831696e82d4915650498ca174984c716d33157,train,maps/0702934.npy
703290,Edge-Loc,lot43156,cf9a31484934ad0972a29afd21b0156cbe69031e6fe6cd782f8db69683d55fac,test,maps/0703290.npy
703975,Near-full,lot43183,6bf24b4eb28bbd60045984070233b11cb00e7509169fe288010766a1dfce94a7,train,maps/0703975.npy
704455,Edge-Loc,lot43203,8a4e2d4071999d084298d5289422e8989128d773cf5dda44be550e49158162dc,train,maps/0704455.npy
704586,none,lot43208,c1405c8fe20c14ae08a8567df3596f2e8ffcd14974d8ad221e06e13ab737f53e,train,maps/0704586.npy
704624,Random,lot43210,23badb33464112413940b29eb057d453f24db7ba8ac997605240b104c12bd920,train,maps/0704624.npy
704710,none,lot43213,11c0361f64111d036234e9eeeb85013149bfdbd0afc39620ef6f6e5ab2df98cd,validation,maps/0704710.npy
704824,none,lot43218,bc8c298289aa02334aad2a75528e36b190d6d9e917b81ea2c1628c11da1a69d6,validation,maps/0704824.npy
704957,none,lot43223,420aac84ba3f2b5e50a5822327daf3c689d2b0ba46b01e836fe2cef671b90bf6,train,maps/0704957.npy
705033,Random,lot43226,490c614463fe68296684f2736c5eafca00d404553dfe1f0f98dc83f3bac0454a,train,maps/0705033.npy
705053,Scratch,lot43227,7a4d720b6ef60e4482da4d60302b9be4bfb20f75e41b6f0e8697fb602720f9d4,validation,maps/0705053.npy
705077,none,lot43228,13e65b0405b660167f67c9ed4451406afdb0acaa110b08b24c42cd63ee63fb75,test,maps/0705077.npy
705111,Edge-Loc,lot43229,0f572bbd2a2d18073b1fbd0c635fbd5f3abbce3f1c225dc8236ce7bc4f11783e,train,maps/0705111.npy
705364,Random,lot43239,37c5ad779fbd2cbe6174a9651274b0756573e4381178b5a725b4d2e89d00ae30,train,maps/0705364.npy
705562,Loc,lot43247,c0d454eb6dda8bfe8d19834e181f1cd92cac049b553d386b897aaf614238db46,train,maps/0705562.npy
705627,Random,lot43250,42db4f87d59cd2b17fd19989888a77bf463663f97fb7d8892c899353657404d1,train,maps/0705627.npy
705749,none,lot43255,a0de01fa330826b9057fe8e22948d18f2c3d63b063a5069fc1781be35e178dfe,train,maps/0705749.npy
705778,Random,lot43256,a80cba58437046a18f4f7746b01e204d824570acfc5b8628dca4d29204ae8f6c,validation,maps/0705778.npy
705785,none,lot43256,811a86e03be5878799f4126e9ca8b1428f392f4ba009cd3b9f1501aec9e2530c,validation,maps/0705785.npy
705871,Edge-Loc,lot43260,cf59f8b2a1c678b18937308e0f2271e633ac30e3f6e23119a3f853c2db57f759,train,maps/0705871.npy
705872,Random,lot43260,6a552bfb13e97b68b62f3405d3a0ec40016f445e079b071be0b3fe1efcece797,train,maps/0705872.npy
706026,none,lot43266,f8f9345a0bf4615e1db580ddc378e2d4286ba1b1d843c28d5c3e4962e1775419,validation,maps/0706026.npy
706043,none,lot43266,526b0a1e21004aa602ad037eb2620c30d62c6403dfeafc45ae2397569d231b0a,validation,maps/0706043.npy
706076,none,lot43268,65926d250f3d9212b2951e07eca9f897d61b3ff9bfeb68018f0d92c077733772,train,maps/0706076.npy
706397,Random,lot43281,f13429372af1753071dd56e27adae4a99752ea9c14e7bb1fedb28aac63d4a73e,train,maps/0706397.npy
706408,none,lot43281,401a96384f26aac70161f47bfd5ed20cfde64d31c2e8e09d9fa2c44e8425b888,train,maps/0706408.npy
706441,none,lot43282,c2e8ecb5f7bcdb19dd9ddb61ce8e52945f6312499f70d6756f04a8254692d8d6,validation,maps/0706441.npy
706488,none,lot43284,c95a22c44d31ecdb6f3c476c4145007b85f8cba79fd91e1b07552b05adf9ee83,test,maps/0706488.npy
706554,none,lot43288,954acdd1bf964a807a66fb0720060a0682fe1735c3d0757c3911e3dbc3ddf43e,train,maps/0706554.npy
706860,none,lot43300,1c30b7550534d139ab472a4b57e99cd4c249d43e191e6e5b671cf89d847c05eb,train,maps/0706860.npy
706929,Edge-Loc,lot43303,f14946f8f7fa6611bc672a6adecebfd5a38ae3273d72a6679c97c5f632a76bb9,validation,maps/0706929.npy
707384,none,lot43321,d4c32da7280ad8583a5dfdda605c064914ed54455574444dc07f35afcdb6d1f8,train,maps/0707384.npy
707474,none,lot43324,1ed8eca48c5e91ab6c0420c49aa2bdd62bc4d52fe853f1308f9df51ac1d2c590,test,maps/0707474.npy
707620,Edge-Loc,lot43330,19c91bc3e87630369c39fb74e0e590d84d2da72e47457d4513dadcc56ac37bc9,train,maps/0707620.npy
707778,none,lot43337,2a10e12a4c987994260b31e3a2c9f7da4bd64c0e3171d1e45e087ab8b0bbcd04,train,maps/0707778.npy
707805,none,lot43338,412d40bd7d6850c610cf89d87e9555a0820f6a974757824af36bd2cf07894a5c,validation,maps/0707805.npy
707964,none,lot43344,ed61dac664f331e18e38bfd1423476ededbefb22791b37841d19524c3ec31e3b,train,maps/0707964.npy
708093,none,lot43349,8271b9f3ad0dee6630fce678b1d54080319528ba9afbb999161766f71ce53559,train,maps/0708093.npy
708410,none,lot43363,c7770fa38f2899574923299a48a7884c0228c70f0f6c0c92a6ddda38ea243414,train,maps/0708410.npy
708667,Edge-Loc,lot43373,417370ab431e05ba1e1794489011dc8f807057a39e8cd0c8dd10c3e0a86adab3,train,maps/0708667.npy
708684,Edge-Loc,lot43374,d9a02fbe96eba46c27a2fdd437241b05aad1b3cca1e6510dff3cadfa1b58e968,test,maps/0708684.npy
708756,none,lot43377,3f92a12052866978a72c618c466148a56542c450af588f44aed9981d71cec81d,train,maps/0708756.npy
708786,Loc,lot43378,fc31ef2dada379d75461eef2e74850ee713f99a7160532015edf6dfea1c0e81e,train,maps/0708786.npy
708813,Scratch,lot43379,8f26d3c74278f6d91a747039fe316823c1edf20815c69101d0d113fc24b93ae8,train,maps/0708813.npy
709114,none,lot43391,2bfef576c2f64e7e9253a798488eaea9e7747237eea34d892812089b01d1426f,train,maps/0709114.npy
709134,none,lot43392,2dbe36b6fb616d60b4c4b7149ca7c3f4b83a110d7b75ca7d3bfc7a66ed7241aa,train,maps/0709134.npy
709413,none,lot43403,22bcb28bdda0878c8b555252c6b34ecd56ad92dd0c5dbca19522b88079202d93,test,maps/0709413.npy
709617,none,lot43411,13022a8f818a8ceea62137a709838af213b09be43e40ba26255fc87618de787d,train,maps/0709617.npy
709752,Edge-Loc,lot43416,f96c8367f18fc6b609ddd418ddee44ef64b2f6be61e056e968eb85e52a6f56ec,train,maps/0709752.npy
709801,none,lot43418,401d5470e91238eadb91a8dc44589b87e6140a3c6019d55e916423e88196cf5b,validation,maps/0709801.npy
710035,none,lot43428,9bab8084201043f90fd9bbf1a497c6e8a037dca2f173518653986e3431d69afd,train,maps/0710035.npy
710127,none,lot43431,e8fd18bf886fd06c24965ce3d7455692c2b342be57f427ec350f05904a5d802f,train,maps/0710127.npy
710239,none,lot43436,c1db19fc62db1065cb08b06595fa6489e1c754de629f784aa9e3736f3c583d85,train,maps/0710239.npy
710468,none,lot43445,ad7fd3eb129c9c08fbf204cf232978a601db400bd807b0fc7e5ef3c6928d5aab,validation,maps/0710468.npy
710494,Loc,lot43446,a1c2db0c57f3ad0f667986efdf4829895463993376b0fbbef3d83874391c0fd5,train,maps/0710494.npy
711187,Near-full,lot43474,5f2b290934886e80980e6a69bf9b386f7fc8d059a0cc35b3dbce94d4ccd82e4d,train,maps/0711187.npy
711204,Loc,lot43475,be09e1f0a57c30604b13fd2db795ae43ba4b790b12b56d9c0d4d1f47c3074320,train,maps/0711204.npy
711371,Edge-Loc,lot43482,447e9c09c4dc8f1ed2203683d88ecbdae01dc5c8c0560ebc521c2ec562a2779f,validation,maps/0711371.npy
711429,none,lot43484,0d1afe058ab796007b175e452f28e2a5fa04a59344c68651dc8ee70bf273fa5b,train,maps/0711429.npy
711555,Loc,lot43489,0c95c06247e0aa3cde2aaff58b8bb876b66f4b303c664945f471363f97a66337,train,maps/0711555.npy
711613,none,lot43491,b6d883e2c1746966910bc8fd3858acb228041f4c23645897241ba535aa513185,train,maps/0711613.npy
711671,none,lot43494,09b09311b76e7c1bb56d64a54bd4ea44671f0b7fde96f244ee6a81cedc610550,test,maps/0711671.npy
711691,Center,lot43494,0b534fd2d86eb5f5bdbb1b5175746db9d8474aabdf97277bf521491a4a31563d,test,maps/0711691.npy
711931,Edge-Loc,lot43504,4a160ec66e7fec320d3ce42e1472901bff0536d705ca944e411bf1711e5c1a2c,train,maps/0711931.npy
711960,none,lot43505,7340af0d2e7a184254a2528d022e5a00d4799faa395eefd18994434fe7bb2b78,train,maps/0711960.npy
711993,Random,lot43507,61272a4f7df71906ec908f3276e897ce8698b0a532befa04ceb86b6f67514c80,test,maps/0711993.npy
712031,Loc,lot43508,e3d6b6a1cf67aff01fe674ba811e7e86cd96c679c3a6a88e2eade0a83a0ca87b,train,maps/0712031.npy
712064,Scratch,lot43510,aa15b5303b59405ed6035c286a6cd96339a9f7d552c4636ae29599f1dfaa11ef,validation,maps/0712064.npy
712111,Center,lot43511,aa17a39d5d3ba6c79fc6d5b2629e0d7cda7db998ca55be57dea1dc6e19d8db2f,validation,maps/0712111.npy
712186,Loc,lot43514,1f07ed86a0f42b7c54263a03746d084a2e98620066a90b4a8dd6eed5d6aa2a82,test,maps/0712186.npy
712379,none,lot43522,2c6da1617f319945f98861de009cd88306dd33cbb838ac87e82efc8920840a0f,train,maps/0712379.npy
712442,Scratch,lot43525,650f29b305265d86555651dd72ceeab8b862f4e5e2dd8c936299c553b1d5fb3b,train,maps/0712442.npy
712603,Center,lot43531,af8e9e091f9ec67490b7ae54f2953532b24c64c50f117f6c484ae1a0eb4ed700,train,maps/0712603.npy
712643,Random,lot43533,6baccb6ebc4e217b825e126c1e735dba5882e556e96bf91e9defaa84adf2464b,validation,maps/0712643.npy
712644,Random,lot43533,1d9713c7c0bc9c0ff79baf05d1d148794e8c5b6977521162f1191528c51eda69,validation,maps/0712644.npy
712646,Near-full,lot43533,db3e1066168037be0a38a0f1a89c13b62733d588106cf46c3229796f772d557a,validation,maps/0712646.npy
712647,Random,lot43533,1996cbe09faee90528dc17b403696a83e91f8b4be1390546f60e19d43df08430,validation,maps/0712647.npy
712752,Edge-Loc,lot43537,15d200cdf5be148837df43a0786cef42a59c1ca78767e116acd1d7e7f599a4c6,train,maps/0712752.npy
712797,Edge-Loc,lot43539,b59e1e09767ebe7500e0ebc9a3d3c16c9ad5bac71924f6876b9bc74d89adb13c,test,maps/0712797.npy
712834,Near-full,lot43540,c33951d11f9b794e26fe8a5165d5e4ed0fe50224b9a1564ebcd2b89cc06b2c58,train,maps/0712834.npy
712959,Center,lot43545,2a5aa00920b0d7d519b822a0ef574a4026d397b188615523a1fffbab85b0cfcd,train,maps/0712959.npy
712981,Edge-Loc,lot43547,0d821b4ade48dbdae6d8e4e65fe36dd5bc1e2d93534524518580a96cd456e826,train,maps/0712981.npy
713013,Center,lot43548,88443bdeea287d5f66077fa48dafd4e4a64ff548cb8fb7988e969da5d5b706af,train,maps/0713013.npy
713021,Edge-Loc,lot43548,593b41b83eb2bcaeaf41142d706285a8dca4fd3ce3c3cabd71bfb86c27da3f96,train,maps/0713021.npy
713108,Scratch,lot43552,eca99ff2842e9f69e84967b0b9fec4ad54c69862d2446d3938710279de6a9de4,train,maps/0713108.npy
713112,none,lot43552,6410fedd999dae813de9c06dcb571b1b088a1c3e51dcf84df6ba1f5e5256196e,train,maps/0713112.npy
713163,Scratch,lot43554,b9c2a1a107f546b82e05610fa97b1eda8ac06458972994fba6c6743ec3692672,validation,maps/0713163.npy
713178,Edge-Loc,lot43554,92bf0107a5b5dc8cb285cc40584b45f83201572ba658b9f35e0e2bc427aba83b,validation,maps/0713178.npy
713299,Edge-Loc,lot43559,8fa0afdd0576d35d9b0d7dceb3e44c1b3c6244559ed4b5881d9cf23834669686,train,maps/0713299.npy
713307,Random,lot43560,11a39d028b79d59ef50b43f99704068c1327d38a21d144e59a10b385b54690c3,test,maps/0713307.npy
713330,Loc,lot43561,7d988860a79561a83b4438e293bb20afe1b2a52dbce17795c256a4d234ffb7c0,train,maps/0713330.npy
713476,Loc,lot43566,be3872a01bc8753d5f9f79b494818f81171b6174cb987da72ad3d22efa09d0ba,train,maps/0713476.npy
713502,Random,lot43567,66872c8369f57351ed9a8391da642f2bc9e90eca7bec549d2d461350668e8108,test,maps/0713502.npy
713569,Random,lot43570,678bf6edee969551bdb2070f4026b16a1bf4e92ffb2411af97d56d863a35f877,validation,maps/0713569.npy
713761,Edge-Loc,lot43578,113c807154cd3be3d5a98f8bf49c51e8373a12294dff1e0146e7cc41920324d9,train,maps/0713761.npy
713765,Random,lot43578,ef0f743119c972cf30a1fb1ff99801ab9dc6b7546cc82a44fb59ede9bf7f82db,train,maps/0713765.npy
713888,none,lot43583,373490462279e930d212d85f6f7256ba4d19a94acb2a994282152a891df2cfbc,test,maps/0713888.npy
713909,Loc,lot43584,f58e820477972a63b94e1543cec4c59cf3e1f9d1c42fd3cba6c77a71b2082f97,validation,maps/0713909.npy
713951,none,lot43585,adf1ccfb24007e6b4eefe508e18ba2bbec78314726bdd79731a0ed105ec38411,validation,maps/0713951.npy
714005,Center,lot43588,e4b2bb6b810d2c959517df5adbdfbdf1b8cafba483fe8b3dfb3c5eefab9e729c,train,maps/0714005.npy
714045,Center,lot43589,e13f24df144b3a384b1158f04a7aeebbda9cdb73435ec911334fd34747a30835,validation,maps/0714045.npy
714176,Loc,lot43594,f95ef7ffeade54cb1e38b9302453f8cb79c08aa6f2dd1f16f0c5efe87ba65c92,train,maps/0714176.npy
714178,Scratch,lot43594,35a1bb18c7498cebe6daa9b34382ae78108418190403d2c416e996286b0c098f,train,maps/0714178.npy
714191,none,lot43595,7ffb3d9e81e6b7f574010da47225484a8b10dc0bc4724f4240ffe59b2c35aa5d,test,maps/0714191.npy
714300,Near-full,lot43599,dcf6aebc371efc34a2965f31f504b2047119c62c039d95aa254dd1628be00ef5,train,maps/0714300.npy
714309,Loc,lot43600,93dfa7c699822aefcb10e58c2002d3d8505446435065665545160dc0cbc10ae1,test,maps/0714309.npy
714410,none,lot43604,779c2dd237304b8a2338acda1961e8164dcb188553c34197be77034f88e67c81,validation,maps/0714410.npy
714430,none,lot43605,73affb08c89606f43db7000a592a6e3ae4b6f089ba04fcdc097f0a3f0d990db0,validation,maps/0714430.npy
714443,none,lot43605,0364f6b866363c9cae01f4a2ee97082bace61668f161c0dc43239b782056a8ff,validation,maps/0714443.npy
714620,Scratch,lot43612,2a8f6096b0a136e1d08ee52a2fa0d0f09d48d341ba7647c03b82139855642891,train,maps/0714620.npy
714769,none,lot43618,645cd39ffe3db715fb7762a5f99e28f979ffca344caea7393d1b2d5f0a34dbfd,train,maps/0714769.npy
714853,none,lot43622,29e9ae3e4a28b07b0419382861a7ee3a1c8797b35bd18c55cc8d50d0c4ec43d0,train,maps/0714853.npy
714931,Scratch,lot43625,6375b37f564f8ec208e4fb218c7bc67bc781ec59e287fa06b35df10466bfd62a,test,maps/0714931.npy
715074,none,lot43630,60d24d991c3f2b98027178ffc48a121f2e17440f932e6636266d4b6c766732fa,train,maps/0715074.npy
715257,Scratch,lot43638,0bf4b1a14d6ab462e70fc8f4759cdad4b4afe4238f7848db138d9fdf2feec9aa,validation,maps/0715257.npy
715527,none,lot43649,2d7c320b1fa9179201666c5b0b2eaf8b3d8618dc3f1dfdfc34f9224d1e375ec0,test,maps/0715527.npy
715651,Loc,lot43654,783a74b77df92f15a946c92448adca58208e1eb2aab8562e2e8f2f803cd6ccf8,train,maps/0715651.npy
715748,Edge-Loc,lot43658,06950205df889f7c6b85b6eccc63f110541660cb85e33922f80bd21099bdf933,validation,maps/0715748.npy
715859,none,lot43662,45130bbb6b8b88713cabbf063f1da2b31136bc957d466613a0293acb2bb241d0,train,maps/0715859.npy
716030,none,lot43669,05bf88f3df9a1455f2351c00dab5078b377dfc4df6ca75223a9dd231ad5e17e9,test,maps/0716030.npy
716148,Edge-Loc,lot43674,f6aa156a6f2e180944083454b5ecc5761e01b2fc23523a095fd5817ba6ed4f9e,train,maps/0716148.npy
716276,Edge-Loc,lot43679,b608f633c359db9f6b15653b0dcb02c0edeab40aba7518a6188636baf3d86d33,test,maps/0716276.npy
716296,Edge-Loc,lot43680,9c657c9346406b7517677fc2334a64e9c8bbe93806a9a5356cbd1dd01461efbc,train,maps/0716296.npy
716333,Loc,lot43681,c336a505ef8a9329013ff8a0120401d7f6eb68e0868948fa53441e86bfc01fb1,test,maps/0716333.npy
716377,none,lot43683,2c76fb6d3c7f14b729f61c1471ed5e9027551bff3de1af03a064cbef14e5a3e0,train,maps/0716377.npy
716397,Scratch,lot43684,f8658cdc09f97fe6bb8294a0729895ee100267f472035bd3179a3f4a28818768,validation,maps/0716397.npy
716449,Loc,lot43686,37cadb28057b18dc3b9cc74a4ab452cd4d93ada0775ead93ed259f0a9324fe49,validation,maps/0716449.npy
716678,Edge-Loc,lot43695,8b93370fe6a58b46a7f3524dad266177f7b6901e0fdaca9cc8c1c65a73de1a90,test,maps/0716678.npy
716794,Scratch,lot43699,9f816fba238e628b28e3f0f53df06b86b62e715ebc4f578df88ac088a83bc2f6,train,maps/0716794.npy
716893,Loc,lot43703,297d25d7521eb2a32d5707779579469a2cd59dcf8172fc70f66b6e6773e9c4eb,test,maps/0716893.npy
716905,Loc,lot43704,f1f5498202ea68c0beaff45fc5fc5c7caec23a00c5e6fc6b207161a97c91885e,train,maps/0716905.npy
716913,none,lot43704,fdd40779a2e84fa54689dbfd3599bc0ae8be60921c681ac04a1c74f17f61eb64,train,maps/0716913.npy
716922,none,lot43705,4563c573ce1c17b40da5362c2ae721dbfc738e5639ac2ac5ea79ff7134cd051a,train,maps/0716922.npy
716924,none,lot43705,55dd3fea86d0c6647cf0b88cad0eec015bcd2e6c04c7e4b61c7e50f32c8065e0,train,maps/0716924.npy
717035,Edge-Loc,lot43709,533b0e1c847124f859326ac2168a28f8721971f3c672edc6d95ffaaaa99a368d,train,maps/0717035.npy
717086,none,lot43711,869af745050e4e8060aae1cfc673a3417d386bf59dab5c45ad951547c9ca748f,test,maps/0717086.npy
717182,Loc,lot43715,b6e988ecdb7b022ecff5fc4631bd0e9cb6ba6a781cf0be657830973fb9c4162e,validation,maps/0717182.npy
717334,Loc,lot43721,708126cedd1cf09f30c82cb41cf5c31b6465b339dd4903fc1b01c8a06abf31f1,validation,maps/0717334.npy
717420,none,lot43724,16bce9281c97d5b37764123da7793b8d365950a52ae45c994572cbc0bea73815,train,maps/0717420.npy
717492,Scratch,lot43727,54139fd9b1a699377a4d113c6933050027a12eafa5eb3bc79cb43d25fb412244,train,maps/0717492.npy
717724,none,lot43737,0a400107274a6ec359c91f8cb3e9dc273c375c55589a98962d0b2e5c3f712c77,train,maps/0717724.npy
717864,Edge-Loc,lot43743,fd312c4be9d4a465e9dce1ee46aeebbcd58e5f9e7290a39b7e0c190330edf3e0,validation,maps/0717864.npy
718104,none,lot43753,2e37a55ed553e57a71107d97e775bc4c3bd3a3301579df0ee8367e6a204b100e,test,maps/0718104.npy
718121,Loc,lot43754,63169d89b2161e8c189fa9bc18da23eb8d9443e9647cb1e01c2448ad6df7583b,train,maps/0718121.npy
718188,none,lot43757,c6506b0984012b72b4949f8dae89a3b2f16d1a417b0dcb7c379c50d80b4c247f,test,maps/0718188.npy
718390,Loc,lot43765,49f40b06d4f6c3203a7ce740bd3761d395f1a427602c8028cdca8ecbd251c897,validation,maps/0718390.npy
718497,none,lot43769,73d5edd5f87310d6564f17d86007eda9f938a50c86d6e3665ff70ca9cf76e892,test,maps/0718497.npy
718929,Loc,lot43786,4531385de6b24cb4758bf4e17d1ef3d7c3fa18a93a9b02b126623a294097e080,train,maps/0718929.npy
719040,Edge-Loc,lot43791,866eafedac8d42b58b82e3272e487c51d41b0d7028ef4404aacf0af75a6cbdd1,train,maps/0719040.npy
719152,Edge-Loc,lot43795,8d7c3f598ddeb4268171439a7040eaabaee6920317b9baf6c01b1fa84e6bb80f,validation,maps/0719152.npy
719190,Edge-Loc,lot43797,9f286af44b494ee9eda19f507b559a2ae05fc05aad6a6992a5cc21ce974e8310,train,maps/0719190.npy
719319,Near-full,lot43802,e8faa4d853380e10bd99d76db4d749a97362941cd82de878751b676776dbd3ad,train,maps/0719319.npy
719614,Edge-Loc,lot43814,722a1c8611593ac6dd25aad466daf50dd9308ba7cf2f226e61d94d6434df71f8,validation,maps/0719614.npy
719696,none,lot43817,2ac7ebfae571952ca37f5fb0b6b73618056d33eb3e7ede977057e2be531ca2f9,train,maps/0719696.npy
719784,none,lot43821,24bfd3761e3cd12ead431b91092b685b4c65fd7fefb72dd2db14dd2e835c83b9,train,maps/0719784.npy
719977,Loc,lot43828,e69cf946b9b1f252803b5c9b3e3efa7d3b9da252f058fa65a90088af11b6a75f,validation,maps/0719977.npy
719997,none,lot43829,3bd916e903906fd61898b4ecf83f43669198221d0d7c66bf34ce6f30dc6444d8,validation,maps/0719997.npy
720029,Random,lot43831,c0058c3d2b46a0a694ce47532815731b3594a57cde71af7af7e7fc06c5028ac8,train,maps/0720029.npy
720106,Loc,lot43834,e4e4dce0680705a447f41a57749c4c6f585af3e45cc366dfb325e6d9676930fb,train,maps/0720106.npy
720130,Loc,lot43835,791d24e873065614de5ba53fa42fa9e7cb68590ccb39324098d66fdc41a57a16,train,maps/0720130.npy
720151,Scratch,lot43836,70b72466e2c0ee2649a01e6affd16abaf75e3277a247240f3519b8a278f88960,test,maps/0720151.npy
720156,Edge-Loc,lot43836,d0166cf4917bad6612eab120867a9c6fbfeb35e6f08bfef70e43c51596444dd1,test,maps/0720156.npy
720576,Random,lot43853,e90af4eb53ed3b65c931cbebde614711cc2b3537c3d7f7076dfae387ea0c7ab4,validation,maps/0720576.npy
720759,none,lot43860,7ac652b88ae16b9802c8e37c69b41158a424b04859e059f7baa91813d4868a42,test,maps/0720759.npy
720917,Random,lot43866,cd9e1938b3aa77ee2185e99735dc98e91e5ac3941ebb28832973f3c92c15f703,train,maps/0720917.npy
720918,Random,lot43866,95cb477b9b0cd816c83abe4ed8541df33f889e8edf8ca4a549460fc6755c964d,train,maps/0720918.npy
720919,Random,lot43867,36ae594bdae18075753750f261f1b549035a05c6e3f9f9e91ed9edc29764debc,train,maps/0720919.npy
720920,Random,lot43867,ea758a3101d5102cdb1df71929721bf03ab205706e1a3b6f71ce4cf1085ddf40,train,maps/0720920.npy
720922,Random,lot43867,08a17101a7c6be7e1a7d1335f11bffeb5abb1a2c8b1ed105ee940baca4a28f37,train,maps/0720922.npy
720923,Random,lot43867,4f0685360b97f30e27250eaef01cb3ce6960e4afeb8aeac384100bf9c88b3271,train,maps/0720923.npy
720927,Random,lot43867,2b700e0f93b1c777cc568a64ea70849292c76951ed269cbae3cbd0dfc7651353,train,maps/0720927.npy
720930,Random,lot43867,6c3c5b92e84dfdae0c12d2adfaa720336ca570b3aa7fbbc9f5f7a56762c61d12,train,maps/0720930.npy
720931,Near-full,lot43867,5d3870cd60318717087736729b9c694c83a6f4df2ca16f9a17299a498065bf98,train,maps/0720931.npy
720938,Random,lot43867,7f1b8ac784aaf519277d0584250694425fa3ff7a28b01bdfe4baf41585655729,train,maps/0720938.npy
721189,Scratch,lot43877,4bf8caa9e6af41007cdef6bf266ca52933d1503739d8d51b4e3d65511f135415,train,maps/0721189.npy
721205,Loc,lot43878,795dd86244a69d6104159d4fcf6bc0fdedeaf0fc3e0cfaf436ccbf1746e9f77a,test,maps/0721205.npy
721210,Scratch,lot43878,fd49dd5ac71f3ce17e33271f39afc8db3b5de7f55900b9324d441ea02a7cdfd3,test,maps/0721210.npy
721302,Edge-Loc,lot43882,a06e66caae6b26595d3652869b3f28eeca1b2135eb285b32322d9a2117b2dc46,validation,maps/0721302.npy
721376,Loc,lot43885,bc82c4ba2fd32a6f27e544b63af150c43182087748cdea159ba4b27fbddb9ffa,test,maps/0721376.npy
721484,Edge-Ring,lot43889,08a6dbae5b3e4f68e260e880b64606ed67d144d437935de32df371e525d73cdf,train,maps/0721484.npy
721584,Near-full,lot43893,e6e4f8731782a1eef8966c43e702810531f6c8496b5393e4ee477813d4717393,train,maps/0721584.npy
721662,Loc,lot43896,3397f27d87ea3ea2be639ab3684819a9328864591f1c8f2211b527fdf0b83cba,train,maps/0721662.npy
721749,Edge-Loc,lot43900,ff0d132dd9135e0edf56520ad6d72f637fa9312d6f87089ec1f2363b1381a46f,train,maps/0721749.npy
721814,Edge-Loc,lot43902,b69cba170c862aab003bf7f049f6905c721bf11478e52c60643d1ae4a5bed7ff,test,maps/0721814.npy
721948,none,lot43908,b2e6f0153043e2828dda4d2164e29f151e67e4a984ba9044ed0f2205da4dba44,train,maps/0721948.npy
721980,Edge-Loc,lot43909,e1eb46a72fdf1bebe770486ef551c80c5368f555c30817fa7423584e14562854,validation,maps/0721980.npy
722022,Edge-Loc,lot43911,bd124fca226c857ce87234624e1303a97a7bb4312a0c3de621b88e78f981e47f,train,maps/0722022.npy
722073,Random,lot43913,1e00567b932897fe7848f648c36456deef19a9cfd4a7116afef6b6144e60ae25,validation,maps/0722073.npy
722253,Scratch,lot43920,ffdd947bb29790b897803d677d4bfa3c89025cc90bb61a2d87f22f34c6c34c79,validation,maps/0722253.npy
722305,Near-full,lot43922,cfb70f4db5f4d3b136fc7029a44127614c275cb523d03c6cd30373341427227f,train,maps/0722305.npy
722327,Donut,lot43923,e5773e01bb4acd590b52d9685cd5eccde6dd8b9a15125b8ebb7c1baa076415f4,train,maps/0722327.npy
722403,Random,lot43926,3e10da509c464c11d1b5a825fda11342b9e57e0e0a98f4f72582683047c98d76,train,maps/0722403.npy
722448,Center,lot43928,8df3ba14b642bcf1ec740897c5edffdc86a8173477c77374a91ce6e1e223ee47,train,maps/0722448.npy
722498,none,lot43930,8bdb22f7eb0bcd6b80b90b62e6d19cb957633f8134aefcfc2514d28c438dcda6,train,maps/0722498.npy
722552,Loc,lot43932,6dcee1e390faeb940307adf8f79da02eda075295faccc4f3700d8c9045ef0dc1,train,maps/0722552.npy
722562,Loc,lot43932,094bc1aa50d2e2f2e9d25aebd76828942a3bc6a4c593364e6d513c0bf5cefa59,train,maps/0722562.npy
722910,none,lot43946,a82a34abefff76e409120831694971dd171ff16bbc6b5903357c72df48b7e526,validation,maps/0722910.npy
722914,Edge-Loc,lot43946,6036bbe70e7990175f5235c7b2bb795c5fddc67855b73bba17e517edb11d2a2a,validation,maps/0722914.npy
723169,Loc,lot43957,e4530c19e38383507829549fe8c88e22463a6091fb0605aa84e670a0df7ea092,validation,maps/0723169.npy
723210,none,lot43959,4f444e9d732565de5548f256a115884fb80af608805a25ef3097b581a0501f77,train,maps/0723210.npy
723282,Loc,lot43961,7f6432ba13948967b1a1aef8e57779a15e20970ae6f493342dde336a967d447a,train,maps/0723282.npy
723348,Random,lot43964,7b3422ad8c9f501ec65599a0822502e0058fbc60a6f4c56127fcf6a973eea5f4,test,maps/0723348.npy
723517,Edge-Loc,lot43971,b4aa7b2af44d58d28a3134db626b8e73bc7fa913161e5b30feb4cda82ca0f598,train,maps/0723517.npy
723627,Scratch,lot43975,faaab9504705db1072e7a215be0f9ff5f3c1f9deae163a2a83316a202f0d3f5e,train,maps/0723627.npy
723710,none,lot43979,ab2595bebe7802f8b7809fc6072728382893426c119e7dccbf44184206f8a793,train,maps/0723710.npy
723731,Random,lot43980,ebeda11c82172b89731c4f717ba5bd13b4f7d6c12af35fead550111e0fec9539,train,maps/0723731.npy
723764,none,lot43981,d9c2dd4c1e99320ad3697475c2b94dcca29187df30cc054d1522c5911269a570,train,maps/0723764.npy
723807,Edge-Ring,lot43983,01d9ea0982df6f68789745c2fe83d5255375553441cc60b25676d78718c02a17,train,maps/0723807.npy
723873,none,lot43985,883e70b791bb047e78675f994ba5dba5e378d8628ca70ec022588c3f575c4197,train,maps/0723873.npy
723886,Loc,lot43986,dad929db3a7d0224ca2ebc17d379ddbd50c2d670f7fc3641869a2a1c9a79fb8d,test,maps/0723886.npy
723941,Loc,lot43988,cbcf19d31580125b152fdbcb4aa369f96ad0d48fa87150d6138a561a742eeecd,train,maps/0723941.npy
723967,none,lot43989,f7f373619549bf716423dbaa7a955f2bcb03c2f6d322860d2dbe21c388174393,train,maps/0723967.npy
724016,none,lot43991,6d19db1d906fff1227a14bb952bf12a5f86392cee57a01f89fd54f7c38da0133,validation,maps/0724016.npy
724072,Edge-Loc,lot43993,81091cff8c5de7171dbdc15364638543de364526468be3bdb92213c785281116,validation,maps/0724072.npy
724151,Edge-Loc,lot43996,3d4091500beaccd7681f1d2c76e7654d730033df1bc14dde4f81dcdddf5c34eb,validation,maps/0724151.npy
724252,Loc,lot44000,95a7bea2bf1ecbf85c602649c3c5ddbe8f4aab0b2bb65363a940288c644d0847,train,maps/0724252.npy
724289,Edge-Loc,lot44002,3c49566540658a29f68222dbad30f8c02434dd8717af9bb30892af517611e2de,test,maps/0724289.npy
724333,none,lot44004,f4da85e8317f7e6b36a5e7700239be1681eb7fc5d5832dc65bf188cf2b227727,validation,maps/0724333.npy
724350,Loc,lot44004,8c1edf1f7c4e476492c650e8eab78ad7f8fe4daad1dc7a6c500a88326fd7fa6c,validation,maps/0724350.npy
724533,Loc,lot44012,98b3a0249aacc169589ad1f6d1edb8b3d74d9d7f62a4090a6e957eea54ee86d2,train,maps/0724533.npy
724582,none,lot44014,7dd895a36226d46ee1e6518380fd8c2d4d757e08fc2c7f2669359db065890588,train,maps/0724582.npy
724669,Random,lot44017,c63c0acbbd8ab572b3590dbe5809f0f89ae86afb987a6e9a41eaa3e43be91d12,validation,maps/0724669.npy
724881,Edge-Loc,lot44026,0d0cf0925d646c0a081032edd4dcc99d1d5f6284b11e98999ea3571aaa34866e,test,maps/0724881.npy
724944,Scratch,lot44028,fa7aef6883655cb0b3cb3976786152478dfa6ebd4b0b7e19c1cce9631263315f,validation,maps/0724944.npy
725076,Center,lot44033,7bfa68412fed2541db2bf161f49622349e0c3a514f681b34f363ac482b1519df,validation,maps/0725076.npy
725143,none,lot44036,5825a1ec7a35a20cb4396ff7d94c56b23b2d7e4d7ed6991c007301a5fcded754,test,maps/0725143.npy
725146,Scratch,lot44037,cce49db8fa39e6d006a59b6e6a643455927b2abddb6b0c4b0fe54151a3968379,train,maps/0725146.npy
725188,Scratch,lot44038,0784174c7cb86c190058e1883320cec54776c093bf49c5a10f7e6ddd4ef77d98,train,maps/0725188.npy
725208,Scratch,lot44039,5591d43599862d690556605149a4840c9d1e2c11ddc769e660730ec323e3e677,validation,maps/0725208.npy
725210,Scratch,lot44039,afd4af9a2e1949f6999e09d067de9c1071441c5372caf3d8185c589f1342a2ea,validation,maps/0725210.npy
725221,Loc,lot44040,97a78f28a2d16b434cac24f9ed692c295f6a622084c43a2b1499c2bc4ffdee8d,train,maps/0725221.npy
725251,Scratch,lot44041,683efacf17910defa4553a19796f991f60481a62f11bb3ce31b62045e3eb6f8d,test,maps/0725251.npy
725253,none,lot44041,5700de81e5684a6cc1250dfa2d70191cf3e8ed412c9e243fd7225b813198204b,test,maps/0725253.npy
725474,Edge-Loc,lot44050,0329b6f91d992125ef826a3adc22a924cd6259fd6fe4785bfca2820688f07e6f,test,maps/0725474.npy
725542,Loc,lot44052,763d8ad075167dd0f44b16c4bf91e4b70a230bf0c42606ae207eeaac4b00f862,train,maps/0725542.npy
725556,Loc,lot44053,1a00971407bc0cc27464d0da82236e542221a02fccd6c06e94dfb950cfa90388,test,maps/0725556.npy
725583,Scratch,lot44054,ab1c6af6b1b5e17d4e3ed5cc390dd51935ba11332eb799d411b5d4e065814e3e,train,maps/0725583.npy
725592,none,lot44054,5948894e453490e6989f58a08206883c949a01806c86f324be3ec00095ee1beb,train,maps/0725592.npy
725632,none,lot44056,895a552d79fe4b80f06bd115566c5a43a593fb0b965213baf8bc454a37f38bf4,train,maps/0725632.npy
725665,Scratch,lot44057,fd9c625a20e77511c8dd689a3af48b18734e722bd0c6cd12dece4c873816ab34,train,maps/0725665.npy
725694,Scratch,lot44058,06046615da54c592d5e5a6c1bcdf937223f25028e14d3e4067e9e211f45d836f,validation,maps/0725694.npy
725799,Near-full,lot44063,8f26782b21daa333d992c5ac1e3696fd64d37846649b7cb7f9c82d0c5d64b9f9,test,maps/0725799.npy
725875,none,lot44066,d3952c2416a08fc05dc5d1a968e0d6e164ddc3f12fb7608f6d3eb2171ccfae44,train,maps/0725875.npy
725965,Scratch,lot44069,15645d4a2e42a922cf392499d70b9960db1dc74b570f99faf49098017ff71a13,train,maps/0725965.npy
726002,Loc,lot44071,3a3f6a7e3935b57946207f36d6b18059298a2cd2e4f8b9dccb38cc5cf5e1489d,train,maps/0726002.npy
726013,Loc,lot44071,28b1d2cee386ee8e4d859baca2908ef3925e79cc480e1b6071a1c58f3b431a07,train,maps/0726013.npy
726156,Scratch,lot44077,de149b9bf966c62bb78af79d6d5393ec41d74c7de8ad47c9a511686e586559c0,train,maps/0726156.npy
726177,none,lot44078,5f7772915c3cae6a02b13c1b8c5f8d4f168aa190a2c8236a6ab8872c18c8c12d,train,maps/0726177.npy
726239,Loc,lot44080,d417811fee89f7479264ad9ab79c01f07f7f322f9ba051291e8349fc28560a6d,train,maps/0726239.npy
726334,none,lot44084,fc8880fa4e11287562718b68e2e9cf23ead8ffbaf7cbaacc394e9d2bf012f53d,validation,maps/0726334.npy
726359,Donut,lot44085,6b9c799f3c2bb1f309959993c7ecaee2fddf8c9d41b04a87afe97a19f1271734,train,maps/0726359.npy
726504,Edge-Loc,lot44091,3d50e08b3c63545af20729bf13b65b49a9225e1c007fa93e23669f405eed86e8,train,maps/0726504.npy
726589,none,lot44095,1f934308676b08a910fab5f74303203dabb1e284bf875da98c9fa4235f862291,train,maps/0726589.npy
726611,none,lot44096,f8d8f791c4ab3e00819a45d65491754f5d89b1e9e81747c071ede51ed301bcaa,train,maps/0726611.npy
726722,Scratch,lot44100,e8a8485afb2a41928ed492549e055896fb8a6f99e9fceb1028e0036eafe33e8e,train,maps/0726722.npy
726871,none,lot44106,fddd3e6522c665ed537a4bdbda4bca67a5c37b6a25536ebeb2e85d112877c48d,train,maps/0726871.npy
727032,Loc,lot44112,5f539263882f0965032fcffc6236ae89b3a18e082a65ebc27b4e24de60d98aeb,train,maps/0727032.npy
727034,Random,lot44113,2d1c9494b206f185c18cff559579e44fd6d8ba30111d4f99c5090ae79ef2fbd0,train,maps/0727034.npy
727161,none,lot44118,72f833a67d53f3cec40dab95bec0267ff7504fe2ca931ee49ac67ef628695018,train,maps/0727161.npy
727327,Loc,lot44124,64c0e20dad56dc52718cd6f295caf0bfd642926d7844d1f3219fe1eb8c5e3201,validation,maps/0727327.npy
727363,Center,lot44126,b1d129743d714ae6c668ad2cb835ad90f543710992045121a78b5ea05221bf88,train,maps/0727363.npy
727543,Scratch,lot44133,3309dee9f3f34adc761639fed172236b86f9ff7b32161c208408e85f47192776,train,maps/0727543.npy
727554,none,lot44133,995a458337f03d8b1b010dcc1c09fa216e811ce8d3c2775ac7ad1be61e83321f,train,maps/0727554.npy
727574,Scratch,lot44134,4400950c50573ea891f60f906601ea760fac0b08c668e5b7a2e6930b3a5f9be0,train,maps/0727574.npy
727637,Scratch,lot44137,fa9f126544d5b724bc00c8234972a36b685de0271178da362e077d127776d3cd,test,maps/0727637.npy
727645,none,lot44137,e9edeabd27f48ffd6b9eb2115f4b804a4f0b1aec503ed22e3bd5e3dc699f5e34,test,maps/0727645.npy
727711,Scratch,lot44140,51036f7f3cba4a85e0068d9c4c5cacf0ef285640d20bc72b602902042bb9cbc3,validation,maps/0727711.npy
727796,Scratch,lot44143,0419fbbb60883bc15b4c03194811a9116447d24d34ad52eddb28d6602a720a6c,train,maps/0727796.npy
727869,Loc,lot44146,3a37dce74253963ffa9f0f6b1bc7a9ff46d77a741ce3df65a44b7f400f387ca7,validation,maps/0727869.npy
727963,none,lot44150,5a8d9fedef29fa5fe6b462a20395d7bc8b0da19d32cd52a2b4abe51e5c3a1adf,test,maps/0727963.npy
728230,Edge-Ring,lot44162,23429a4a3833ef30c899c5976545231d561947818fcd707a10dfc97ff4b5b481,test,maps/0728230.npy
728241,Edge-Ring,lot44163,86cfce9317d99b21ba124a24ea7dfa53d1e6dd3d0e9b275ae2edf99cbd57d33c,test,maps/0728241.npy
728243,Edge-Ring,lot44163,dbb757073f60a62affd28babc3983bb7edad7a7fd1575c31f2649456040ceaef,test,maps/0728243.npy
728277,Edge-Ring,lot44164,b323a2493d4bd57b49eb3911502b60557b93f0c9851e1af1b6c92549548c36f6,train,maps/0728277.npy
728318,Edge-Ring,lot44166,37e389f78bfbeb42c0dfd8011cdbb203e4bb8315e29442134071bf64ae87b0aa,validation,maps/0728318.npy
728325,Edge-Ring,lot44166,e41cbb6275a82b98a0c430c9703fdb622b97aceac291d4e308613a0e945934cd,validation,maps/0728325.npy
728326,Edge-Ring,lot44166,97b3986fa60b7b46b46bc1de627daeede274098f83d3943585376a8f2b61dceb,validation,maps/0728326.npy
728336,Edge-Ring,lot44166,1f7e89372f2f75ecc7a00983f928197f3dfe6d103dc4a6e3a2159f9cdbef6f7a,validation,maps/0728336.npy
728366,Near-full,lot44168,0a6cb2d675c5fdf4f557c045da0f08aa849af1d023aa57072cc4f012742bf9b3,train,maps/0728366.npy
728367,Near-full,lot44168,b5e533a55d67076e14e683c58ba9cd8b47f234c5b06a24d578d78be72ea6b17d,train,maps/0728367.npy
728376,Edge-Ring,lot44168,f1be1638ae31dd42945dd6b6bc87498b77cbceb89377f33a9cb5ed60ad7642e1,train,maps/0728376.npy
728404,Edge-Ring,lot44169,3e0dcffbe2218346718c6c75f63f4623b8d5fff1907f8e89554923d67b166880,train,maps/0728404.npy
728413,Edge-Ring,lot44170,bad89180c8d4a27b5ab34097a385fc6ab17b30467bfc06870364ce4196abd665,validation,maps/0728413.npy
728416,Edge-Ring,lot44170,0bcfd628cba2e94ff6c76692fa9b1ffd02ac63250cdc29a4ceddafd43cec85d0,validation,maps/0728416.npy
728429,Edge-Ring,lot44170,8ced9b9462aae69459df64b4fe241f4381bed4425fb80f783c3a1f890851444d,validation,maps/0728429.npy
728522,Near-full,lot44175,1ce7856bad3eac2e478743a3cc8d8d8ab695633053315b686f35e3b78aae1ae1,train,maps/0728522.npy
728538,Scratch,lot44175,934a47657f9ee98f46502dd057fed017d48ac75770f6147e61688adcd7349ca4,train,maps/0728538.npy
728558,Near-full,lot44176,101f8e7e60b77d383aeff9d3caebe8aa15f1e88a4c70f3d169c96c3fcd3af54e,train,maps/0728558.npy
728565,Edge-Loc,lot44176,ba5d67bccd425384e2f3fed4e8e7a7b62a3a007c870a7873b8a449172ddeee2e,train,maps/0728565.npy
728610,Edge-Loc,lot44178,54924f45fe80e4e7c97d1f643d2b09f0edf5e3455e797a4fd45aa1fbc7982b3d,train,maps/0728610.npy
728614,Near-full,lot44178,56bae51b1503bde7cf8de0e0301deddb30f9a0eb5ea0a7b7bd68140bbcbaf3af,train,maps/0728614.npy
728622,Near-full,lot44179,1ba9c1f7e8a99f0a075f325534ad1baa33edf4d6370b156f22cdf97099797f11,train,maps/0728622.npy
728653,Near-full,lot44180,2f866447f9e6e2b2f9354345898a31229cbfa965b79af0d7cde27ea0ff127064,validation,maps/0728653.npy
728673,Near-full,lot44181,1672147cae17a5805942098bb8761fdf068d296b0d68e0c686c3446770ed92ff,test,maps/0728673.npy
728696,Near-full,lot44182,bad165c812c707d967ccaa2ce72816ca69b93892ae891d7cc21d16d48800c27f,train,maps/0728696.npy
728725,Near-full,lot44183,fee836b6ca112f54e44795604b0da4583f57c12076bec0daaa64f6aa0eec7d02,train,maps/0728725.npy
728751,Near-full,lot44184,25e39f95deeda74f2d355e80dd7d362d6d09d919eeddf3f14f1c8b3542459bab,train,maps/0728751.npy
728764,Near-full,lot44184,18f431462dbd4050e7de4613bc8491b0407a47258235c5b53533565caf061e85,train,maps/0728764.npy
728771,Near-full,lot44185,6728f9bebeb2835297e7fdc6891d05222b2deb4c7ee9b85f5960be2a79ee892e,train,maps/0728771.npy
728797,Near-full,lot44186,c2d3cc03a0ffe94c7cb75d4399a9f7c5efac4c63421eda3ed22434694f1aae4c,train,maps/0728797.npy
728805,Scratch,lot44186,176c53766676b250e8a364ea17c8480804566c3334320ecfa135ec5978358df6,train,maps/0728805.npy
728817,Loc,lot44186,d4b8ca3ee3c2869cc33f886705db4026e56fb64bbc261275a58bc31f440c30aa,train,maps/0728817.npy
728823,Near-full,lot44187,a2873db042437259972d48dffd927ea1bc0b522c3e81e5eee2e3029e8b25824c,validation,maps/0728823.npy
728829,Near-full,lot44187,6f60e8af53af709a523c1223070ad3fce51737d3a13a1e50df741a95e140ec8b,validation,maps/0728829.npy
728843,Near-full,lot44187,e1f406b0f1969eae886655c5ed67d854ed51fbe63dcf1313ed3abc03c44341a1,validation,maps/0728843.npy
728869,none,lot44189,206e974b0e1d12a5b8b489c6d939581467f0cfe3fffb005444f7be3aacddd379,train,maps/0728869.npy
728882,Near-full,lot44189,ce89740c4172865f24c1e97793c6f68705c7fce9a4f6d0444b253b95c18048eb,train,maps/0728882.npy
728908,Near-full,lot44190,bb15f03716d3aa49d172fd51997cf39634a73980a4497f499450275bc00fedde,train,maps/0728908.npy
728933,Near-full,lot44191,48baf2a8185f51d7ddcc6394cf19e13f7e2feab787c5af0a2aa60c2cbd5b2cb0,train,maps/0728933.npy
728961,Near-full,lot44192,60ba8314456b466165977a1c6085f413f63288efb423ba9dddb05d73ea3a1779,validation,maps/0728961.npy
728967,Donut,lot44192,040cd576c7efe8d0b4ac7166f5c731de663ea3c8b332c422df129d2307ce748d,validation,maps/0728967.npy
728980,Near-full,lot44193,a7830478db69c3b1c9a69dc3696ae461011b7bb3b5f4ca321f30ea0f27dee99a,train,maps/0728980.npy
728991,Near-full,lot44193,01df5761e9e0d7172189e99caac989b11ce2a38384c0313e0a301be38d4ddb16,train,maps/0728991.npy
729299,Scratch,lot44206,8a3e7c779be539b3a41629150078b11374db1a99e48f99b824925866600e085c,train,maps/0729299.npy
729314,Edge-Loc,lot44206,0012b4af6596765f3e3efe6718fc867818118c5d6b9c828c59aaac5104680341,train,maps/0729314.npy
729534,Random,lot44215,0822a379299575f66031298b285b44361d084f8ad85a2ee5e1cdd8ae99fe956c,train,maps/0729534.npy
729712,Scratch,lot44222,603687bca47c9a8f3f1fd8c1d5343f92a1887b17d2b3a2ad4d4dc3ca41ed0ac2,validation,maps/0729712.npy
729740,Scratch,lot44224,9f8738553bd78d8be27d7835887af02ac9cc9ccf08fcce41418c064c618529ef,train,maps/0729740.npy
729767,Edge-Loc,lot44225,19ce5b6153c609d8ae868390f8a13ce2d3aade677f3235ba0d014ddbac93f91f,train,maps/0729767.npy
729840,none,lot44228,93e6dcaaed0c85b0887060da19e1cd2f7aaf4677806c6813eeafa5d55674c806,validation,maps/0729840.npy
730032,none,lot44235,7aa22a72dce6b07b60860df8d6138b7092fc2f94f662d42aa55f554cc7e43f83,train,maps/0730032.npy
730164,Center,lot44241,d4f7ccaf8731ea24c6afa1b495154dff0f4b9a099c20068060744d225f667522,train,maps/0730164.npy
730174,Scratch,lot44241,c616d9567506ff7c318894767b588b5a0f7ad2b9dc96ac5355ebc2138c744e7a,train,maps/0730174.npy
730235,Edge-Loc,lot44243,1a7e9da103ef2a3f7d67a07ca38fe2f5969f04e79aa6f7d4bee7a7ec308cd376,validation,maps/0730235.npy
730241,Scratch,lot44244,739b31f2c2d009fd07bed2b3f11dfcf98c4c36ec773bcae44eb2edbcd5ec6478,train,maps/0730241.npy
730420,Near-full,lot44251,ba666d2846ffe5b874af7b9418d4dd7b6006e77685180083ebf638cbe2175fee,train,maps/0730420.npy
730512,none,lot44255,094b0486597b8cb8cd4cafd44c015ab4658b68417fc8120bbd1007fe8001061d,train,maps/0730512.npy
730629,Scratch,lot44260,cb17fffdf62d8821c082fb73e512bcc2a4f72bf998b788bbe08e89474408adf0,train,maps/0730629.npy
730811,Loc,lot44267,98ecfbb732c54b4d62aebe7c9a4b0ea4884cb4b3421da0819802f189194116ff,validation,maps/0730811.npy
730845,Edge-Loc,lot44268,c50599e3ad23527ede16fd547121d978511df23dc963f12e21f8dead4da016fa,test,maps/0730845.npy
730847,Loc,lot44268,001b598f333e34751cd166c7a75084292e8e1aaa73d6ed1f6e241c8dc3b93bce,test,maps/0730847.npy
731004,Scratch,lot44275,1afd75428bba4f98a95efe11246e9972e092320885199eba446c2fbc73018ad9,train,maps/0731004.npy
731092,none,lot44279,f1abddd9c99feab59cd80bff5764dd1b0b1d7e67c064176da9a67fa376dbb7fb,validation,maps/0731092.npy
731095,Random,lot44279,fde66823dd90ec0ad378bcda6cff69e0c7b3ed06442c025bb89b7cacfee5699a,validation,maps/0731095.npy
731151,Edge-Loc,lot44281,cf229947497f018ee92fbf74f3bf405bfa6b8932605fc63376353ac03c886de0,train,maps/0731151.npy
731182,none,lot44282,cee4926cbf29cf610db81afa29e10d2ee46bbd7817cd8fa4e2a4823f27b57bb6,train,maps/0731182.npy
731241,Edge-Ring,lot44285,989c9a30ca751dc8975e329139318102571c804d97b99e4f37973087edf35171,train,maps/0731241.npy
731347,none,lot44289,dbc0ad6a6dfeed668d02d8466baeaf967cec48fc5f09cad10d73e3301492b51c,train,maps/0731347.npy
731451,Loc,lot44294,2edee838d5d52b2804514527739e900c714b3b5dcc20b6f03a61c3a1dbac2129,validation,maps/0731451.npy
731672,none,lot44302,7854b3cf07f72a681fb8905182dd4f23c05b2f7001df971552895714cea10af7,train,maps/0731672.npy
731770,Center,lot44307,a37beac2e091278e32b4a488f3e49cf8d8f057799c49bd4a526deeedde7a61fb,train,maps/0731770.npy
731778,Near-full,lot44307,f784a59054014b0a2522e7ea3f44cccfe70b31ad75d4f6673c92a075f838de25,train,maps/0731778.npy
731788,Edge-Loc,lot44308,af302652cd33f88cb877d50e16ca45b51643052b49ad47ee470b21a9e79147bf,train,maps/0731788.npy
731801,Loc,lot44308,43aedb91eccea9e8b2e1836c59d6b7763f2e276fa546e90679e3245d3ad95a97,train,maps/0731801.npy
731880,Loc,lot44311,dd7c530241de519d66d9cc86c452241bc19beaaddf3ef65899a5ad18afe0df0a,train,maps/0731880.npy
731971,Random,lot44315,5beb6c82f0c553a1867a63c6eac9303c811ca52926e2acb9fd403fb3c4b4bdc0,test,maps/0731971.npy
732071,Loc,lot44319,c545baf8f8857627d0d0f4ab2d605822da43dcb903039d65d67c0d54f7390497,train,maps/0732071.npy
732108,Center,lot44320,335906719efe5234c47eab84bcedc5a6510edb6b79edc246fd401f459e73b26c,train,maps/0732108.npy
732114,Loc,lot44321,9d598ca1a452e057aaa4a31422b455caee102cbbdb4d0d64d69cea6c0aeffa99,train,maps/0732114.npy
732344,Scratch,lot44331,f6fbba5756d4cc2ab0edc9247080f11776077d7285a0c074817c9ac3c7bce3c7,train,maps/0732344.npy
732491,none,lot44337,eb675acab723afc7cb3b76dd9e1fb1696a93726bbc03819a4d12b34d022f424f,train,maps/0732491.npy
732522,none,lot44338,087d8d4ce61e91d01d59b0ed6841f7304ddbc8ad3ea2f2ae4a9f33f4b280d803,train,maps/0732522.npy
732571,Loc,lot44340,ee57e200de907352a704eb537e3221d6f1e6c7a2a40db815f0abe92d334066c5,train,maps/0732571.npy
733133,Edge-Loc,lot44363,959161c9b69754f45d644a3194f0b56938720504d0c44ae3b5d76363ccde0d85,test,maps/0733133.npy
733400,Loc,lot44373,4d63d41be50f462bf4fed7c75632855b6f2b2eb9b9a9ccea966e0f55d0c28b67,validation,maps/0733400.npy
733561,none,lot44380,df984df3462409730a0a5f80a47f9d94ff8ab30d54962613059f224e0fc88fa5,train,maps/0733561.npy
733612,none,lot44382,a6e911d155125a30c6f6a2019cd0d7ea5b3da8c9e0e1b3d71149c82b868bed98,train,maps/0733612.npy
733680,Edge-Loc,lot44385,5f4da0bc2619218600fa48cee7a8c38974f376e31b0858a3dca5d75e02409f2c,train,maps/0733680.npy
733681,none,lot44385,e74be7aaa13a47b447aa3518e7dc8b5e543cf5931093a7aece0a297ee9591940,train,maps/0733681.npy
733857,none,lot44392,614602a3125e820127951178afb0c747ee693eed47189e4529da3931be55686a,train,maps/0733857.npy
733946,Near-full,lot44395,4980202bc7ba1a02fb611292a702cfb036f7ed40f0a41bed1ab4c5578005c2db,validation,maps/0733946.npy
734306,none,lot44410,a3a1f9e8071648d183db472164e5c173b79d572189a486f7104879bdff8129ea,train,maps/0734306.npy
734314,Loc,lot44410,4cb06f0e8d341dfb4493c8b17fbc73ef06ce1a221a318411c83f9e5d2bbe0438,train,maps/0734314.npy
734604,none,lot44422,37f7149dc1fd985fe217fa4f8791570d2b608edbb4d8614d4ef87f0a441aadba,train,maps/0734604.npy
734744,none,lot44427,e11031eeae7779d6ce6fcadfff3e8a2163f91374161f26a007ff2acf5a2a1e4e,train,maps/0734744.npy
735141,Random,lot44444,f729059eeec99c31f6183e230263ba7a82e9ed95febf72d09c3cc6d713bc6350,train,maps/0735141.npy
735217,Edge-Loc,lot44447,20a76c26c0f0c02dae5ef29f90e72a972e1486005beecbde4f4eaedcd61ad9c7,validation,maps/0735217.npy
735412,none,lot44455,e185548fac2dd5245bf98ce398f889045ed0d9e728dd38a46fa3b6009921c867,validation,maps/0735412.npy
735518,Scratch,lot44459,5a272b1d8f862a32302e5dfa483d059cfec3bc9f2b9794fd78e88c54399a1354,validation,maps/0735518.npy
735717,none,lot44467,c05c98cce2d9fcbae4e030f6fd665e97f226e58689b2e5ae89f54d2ad979efcb,train,maps/0735717.npy
735863,Near-full,lot44473,441e5c28a07429dbe00114cbb53dce12a08595c77c68029620f98c10266e13d8,validation,maps/0735863.npy
736049,Near-full,lot44480,33aa50d5ec666916652b950ebff2a31370928326e28f20ba1d01ea60a0d5269f,test,maps/0736049.npy
736108,none,lot44483,3cd3474df93f7403eeab830b258de384d2e1e0c79eff259c205e1bc8eb4012ff,test,maps/0736108.npy
736111,Center,lot44483,ada29e75b38c3fb0239a453e3ee14bd2f74957abb7f71ff4a9595df413c32f9c,test,maps/0736111.npy
736220,none,lot44487,e4bf87c939c7bf200517902f76654f0aaa24658d4c5dfa142bd03c6be2b2beef,train,maps/0736220.npy
736234,none,lot44488,d5a596d5645e072af8a922a2c50bf0613c3a37fb14e62151a1ec4e8f6d59f8d3,train,maps/0736234.npy
736248,Edge-Loc,lot44489,560b6a026841f2a755fcacfa49c05dbe7a52097e8755d5c8548d7e7e6d384ee4,train,maps/0736248.npy
736249,none,lot44489,40f8540964bda0c7f37b515c15936ccf761f103d9eae547160e3b0f787eddbf9,train,maps/0736249.npy
736264,none,lot44489,d8a8298c7e447a1d7958698ac493403f315ecaa7a41eea793a67166cbaf099f7,train,maps/0736264.npy
736319,Edge-Loc,lot44491,89ca469033457cf8b47085fa45b3e96451ef3e256001f6a58460281b1b7a488d,validation,maps/0736319.npy
736325,Edge-Loc,lot44492,f6c18fa1f52e59a2fd98399541f890c99de23dfff446593b41c011b74573be00,test,maps/0736325.npy
736338,Edge-Loc,lot44492,1d0c84e9abf8369f3e267ba3088cdd927809564be958881dc471b701d4e5d24c,test,maps/0736338.npy
736473,Edge-Loc,lot44498,492246f883d9114d249b46d632a80bc86f5708cd346d4506d145685c00b76cf6,test,maps/0736473.npy
736488,Loc,lot44498,0c3cac596ac63df964719d289a3a1fa2f249ee4faef4417f2b907ed84c7565de,test,maps/0736488.npy
736528,none,lot44500,258d55fda24daeca241333b1372e875546652629a928b23d4423b252f5de0838,test,maps/0736528.npy
736579,none,lot44502,fdc7cb4221aab98b93f7291d420793efe5532dff5fdfa3bd9608b7c666db4841,test,maps/0736579.npy
736609,Near-full,lot44503,777eaee81086827c608c49cf13ea4aa31003f9b6a3026cb424e67b6e80521156,train,maps/0736609.npy
736683,Edge-Loc,lot44506,9a1a876a60adbd7224db462b8443c6c69bc9610513bd97995bae1ca7569c474f,validation,maps/0736683.npy
736809,Edge-Loc,lot44511,13df7ac10d658a57ae0c7e1befa0ebf60f045efa520c24edba661403966bd7a7,validation,maps/0736809.npy
737032,Near-full,lot44521,18e0bddc1d3096e6504315f1f70030f64c24d8d6f639506d059e1881664a8bdb,train,maps/0737032.npy
737098,Random,lot44523,0a10c636f2741290cf3737f020f371811f79fa5588d9da859bf1a0c22c59d36b,validation,maps/0737098.npy
737104,none,lot44524,466ad57d8356ee460834aacb3db95e17b5c9083e3a98f5e4b87e69f10754daff,train,maps/0737104.npy
737263,none,lot44530,1f2cc401aaab6ce4c8fa0dfd3d9c16759653a1433e0aa1fbcf5d491f4b0b3604,train,maps/0737263.npy
737272,Loc,lot44530,b88cb86a08bcd1a51969f13671c8b53ecaea315af818c27df632443e49c9ce14,train,maps/0737272.npy
737279,Edge-Loc,lot44531,6b723426e21689efb946e731b368020a18fac0b36792b232bf4202f888569482,validation,maps/0737279.npy
737447,Loc,lot44537,b204cdff32cdbb2023bd68d307eb8b3753f8e83891c1fdb08f384701e148058c,train,maps/0737447.npy
737510,none,lot44540,c8123f05e5fbfb8d1448e5afbd67c26cc4140a6e88441dab74a937f3aef11efe,test,maps/0737510.npy
737519,none,lot44540,295b37cd449917095bbcc17d081b7cee7fa5b86659e5de7509d8c8b92f209289,test,maps/0737519.npy
737766,none,lot44551,bbde79b9723fe53b059a1fbf95e1e1b0839f0b63bca46ffb57c74d7a6984ae90,validation,maps/0737766.npy
737803,Scratch,lot44552,f11dc788403cd3c0ba93657e570dbada8ba95fe3d0c2e62e2e855498aacc4053,test,maps/0737803.npy
737813,Scratch,lot44552,a6a78bd3a219f0d663d9ccce68bb4a5eb2f836b979fc9daeb3149e690d4ec94f,test,maps/0737813.npy
737884,none,lot44557,e338ebb49741bfb29fa184da70a8d16073ad68994ace5c8138272d271208f117,test,maps/0737884.npy
737947,none,lot44559,de03c033bd3948688af8aa892cb9841dd1d92571519de3b61de6a3a43784d465,train,maps/0737947.npy
737966,Loc,lot44560,16c204d50f168a623a8045cb83e4e93a778834ed3c5019fb95fbf4bd47688a54,train,maps/0737966.npy
738199,Loc,lot44570,5a7bae420901de81bc701f168825cae059af5c7e5fa37eeab4e045e686e354ae,test,maps/0738199.npy
738205,Donut,lot44570,96bc5a5d813d6ce8ef1a084ab292b80d96b3e2c8c154ce07e0879f49b50197a3,test,maps/0738205.npy
738206,none,lot44570,cd0b57d9f8df420c906176462a3b716f4f98241ba6ceb5be0c5f7b664dbaea2f,test,maps/0738206.npy
738297,Scratch,lot44573,1ca89e022a8326f68fb7525e300784a53019242e5e56de1b74797d57517e85a9,validation,maps/0738297.npy
738434,Edge-Loc,lot44579,a4a1300267da23fd31eb35690dbc7f16dbe6c07ad2c86abb5691227824c6fffe,train,maps/0738434.npy
738758,none,lot44592,3bb7d68dc8434020a0c3fb0b617351be0ac8ce0691747454c558870489774c04,test,maps/0738758.npy
739007,Loc,lot44602,bccc4e5caaaf5d924d53287686ce8b2ec376f3d5f051e2d65f95cccbcc952d34,train,maps/0739007.npy
739196,none,lot44609,2caa7c0a2efd6293feca60f94300bdc59109aab7dcd6d206329b9acf8d2c0d2f,train,maps/0739196.npy
739286,Donut,lot44613,3c8da7c22e6a0e75d3b3fec4e79bcc414d4c578ba1066ea9858ed0dbe5b42d52,train,maps/0739286.npy
739309,Scratch,lot44614,1f13e878597c511b95d9192f3b61732afd42edad45399dfb6ef80882e87329f6,train,maps/0739309.npy
739328,Loc,lot44615,0d301baa2c25cc0015c8680ff7c591bec219ccf7d252218a7df60e14fcbc3c6e,train,maps/0739328.npy
739366,Loc,lot44616,cb96f3a8a7ee7b90a214c45e5f3ff5d2c404291c6d218ff9281e061efa02644f,train,maps/0739366.npy
739395,none,lot44617,1d558943e20b78f1975b906325c048cce5005957b653ad15f96aa7b8ca4f9de7,train,maps/0739395.npy
739589,Scratch,lot44625,6619585b73a380c07f0cb308dc65528026c0ed8856e1b63e1ea54545b9b2d34f,train,maps/0739589.npy
739672,Scratch,lot44629,3ae623d300842c8c6917242ef33e2c74354ba07aed3aea04a8719e4480431a4b,test,maps/0739672.npy
739678,none,lot44629,5187b3d9571200d8aba4aa924ee6f77084f931723042ba253f012f8c71f062e3,test,maps/0739678.npy
739945,Scratch,lot44639,50a35afea38fb63944e62b70c2e0ed7e16a21816c5d7eba1ae117b3682d48f8d,test,maps/0739945.npy
740125,none,lot44647,7b483ff466e46348d6062f99a3c3c75a9f1743e32f2b471cd9f889cfb2bbe57d,train,maps/0740125.npy
740418,Scratch,lot44658,edb0555ded23fb648f1cf5e9ea2a117308c41c015b41a6815c95dd0bc20a021c,validation,maps/0740418.npy
742830,none,lot44757,de6a6599f6921c734d49f79401b02a67d31899312e161bbd2db20136e943559a,train,maps/0742830.npy
743144,Scratch,lot44770,483629afaa6e3136ce00c3697ae77410ac4fd468da29f029d197b5160c8d6ff1,train,maps/0743144.npy
743286,none,lot44775,4e838cfd7eb81b77963c7b96b33af3bb4ebc0d1295ee822cd0e181a86084e7f8,validation,maps/0743286.npy
743344,Edge-Ring,lot44778,ae63a4a2919925258a6db45ee6b35e6ac58f70c9a9b4d42c80ff242727073fe1,train,maps/0743344.npy
743355,Edge-Ring,lot44778,655ee3ff5b57e1654c0f95c4278fa3b612e25b19a42b4d18b74289b5f7b349c7,train,maps/0743355.npy
743362,Edge-Ring,lot44778,75134b612c3493333aa3e2a12d0af9b7546b2afa19b0547f123783f56e2201d1,train,maps/0743362.npy
743500,Loc,lot44784,ef8d52525b5720969086813db4de0fecffe08ba11f14909ada1bfc4131e71366,train,maps/0743500.npy
743560,Edge-Ring,lot44786,4ab5b28bfb0001ecd74614d51314596918981f233d5468c312f975a4d543f817,train,maps/0743560.npy
743563,Edge-Ring,lot44786,26bd636c13cb5f087a3437b6745a34c7325b39c3f89c20d6c88ee59664781b8d,train,maps/0743563.npy
743597,Edge-Ring,lot44788,b19a09c7b54b7fbf663c5cc136cfdf7e0d94bdcf0cfc86dd5ae923b09582d5db,train,maps/0743597.npy
743665,Edge-Ring,lot44790,96cffd1f3916e92d13d4448c2ce4a879cf9ff798a004be87258983749696c6b9,train,maps/0743665.npy
743675,Random,lot44791,c11bd5946f001238ec665ced65c10e58ffe52714bc8d96d1ec337c39372730e3,validation,maps/0743675.npy
743735,Scratch,lot44793,1f2159506ff71988e65497c94afad5ddb93ef123c9cd193f18189e04f7f7d507,test,maps/0743735.npy
743752,Edge-Ring,lot44794,b24d7c71798eb2b55030c6c222cc406f6a0cae38d8e0d30e9c52a56edcbd963e,train,maps/0743752.npy
743817,Edge-Ring,lot44797,66f5cebc52ac118e495071d29ff7c89e377bf36d60d64b4a694eb3d00dc51038,train,maps/0743817.npy
743857,Edge-Ring,lot44798,a0f19e126f671609506fb4c65b6f4c94cacdad99be5954bd43973eb4472a5807,test,maps/0743857.npy
743892,Edge-Ring,lot44800,f517c2e63d7239a95af3fd7638cf4b4f605ee122521e5b1026d5830101bb2b43,train,maps/0743892.npy
743951,Edge-Ring,lot44802,bc15500fe9ba0aedac13e9a09ab02bf870d04cbbdfc33d5c68f9faa99b5362f8,train,maps/0743951.npy
743979,Random,lot44803,632dd2291e45f348321ad18a6ed35ea1452c5873ed92252ce6caabd631e919f2,validation,maps/0743979.npy
743981,Edge-Ring,lot44803,f1b175fecdb7a6e4f727d3465d4c005de31adc30658a3c760fb6c2651629e09a,validation,maps/0743981.npy
744007,Edge-Loc,lot44804,1085a47e153ed6e440eeb0645eba70147a9c2328c312a8b692f1c3868792dd05,train,maps/0744007.npy
744084,none,lot44807,6c3a83f185dfc4a3cca9915bd5eb4390b366e13b92704f1d7b43552b21bc1944,train,maps/0744084.npy
744087,Random,lot44807,a082fe84f5f62ca08f61d5757a9e2239636dcff1fbf8bd957b6e1a8e31bc3d68,train,maps/0744087.npy
744143,Edge-Ring,lot44810,a602b6f09f85fc2162f504a6fd32b84bcd180d80aea5ef2150b2ccac5456c98d,train,maps/0744143.npy
744145,Edge-Ring,lot44810,9aca4598da02a519e879a47db6b2b4b56733dd31ef40def9516ab43ff4c27eae,train,maps/0744145.npy
744179,Edge-Ring,lot44811,efecc9478e1863a5ca9ebaa2a0238fb1a00419c99d33c90ea42fa7663d12e220,train,maps/0744179.npy
744298,Edge-Ring,lot44816,10f09edbacbf180e94d30d2795b6838154b75a5f35b1a42839ff6130b85fcfd2,train,maps/0744298.npy
744319,Edge-Ring,lot44817,874f06ff47f1114a908e91a3e5d33dab39429438e446e85430290953289ec917,train,maps/0744319.npy
744321,Edge-Ring,lot44817,94e91750035f89edcd8b77e40019f8ae0bc07ba7c1890b9f02bce6bad413487b,train,maps/0744321.npy
744334,Edge-Ring,lot44817,719203e6a50f0ba12c69f8efdeb844516fc6e7d14b40cee8fcd3b835773df99a,train,maps/0744334.npy
744680,Scratch,lot44831,43c79a3f5faee73e6dc3b4cc83cee94eddd2d064dcd7f5eaf1adf65cad096c62,train,maps/0744680.npy
744689,Scratch,lot44831,c3fdc07e557a557544f7f1fe64c2fc6b18df533d3927879c6c848b6c67551f53,train,maps/0744689.npy
744872,Scratch,lot44839,f0dcf1ce0605c26449d5e9a35b05147c456d988db4041ad814bda07da402cf0f,validation,maps/0744872.npy
744894,none,lot44840,62f7be93f922be2d470459dce9c1e785f78e000f7409cc09217eaa083a0ba778,test,maps/0744894.npy
745003,none,lot44844,a616d471bb9227eed50d13e69082aa368a25f20c5b1cd481157eb213ccacc50b,train,maps/0745003.npy
745103,Loc,lot44848,371c6973a1ae7f71fefa86fcb53ae3947e4f2da9315701420b62af8dd041af37,test,maps/0745103.npy
745322,Center,lot44857,07f46878fea21a3324445b3ba042d1221e20e86ae2d0746f7e3b7b3befb73419,train,maps/0745322.npy
745348,Near-full,lot44858,894072c460dfd31c986e66b7180f198e303e2860d2829165bbdd4d96e317c4b5,train,maps/0745348.npy
745371,Near-full,lot44859,48ff1576b630687843051d200ce3427b446eb4c2e2e9f610019a1a577f4e14a2,train,maps/0745371.npy
745417,Scratch,lot44861,aca820455f454d759168a5a3e4ec41656774d267d5ef67250e54a11b063dc85d,train,maps/0745417.npy
745612,Edge-Loc,lot44868,c0ececef569797e16516ed0e9b369c73ef79c4a4fee599d22ef461873d0062ee,validation,maps/0745612.npy
745897,Loc,lot44880,d22d258bcdc909fa3e8e325471a728742c9849d8ced98f4ef7719a908f7fa498,train,maps/0745897.npy
745983,Edge-Loc,lot44883,c731787fa80703c279ce9ae06f96ecde95909db40fa6b6fba97fc47fad4df3fd,train,maps/0745983.npy
746050,none,lot44886,7434953662dc2a9b83fa890eacd7a569b825423650af6e373799f733e18ad86e,test,maps/0746050.npy
746172,Donut,lot44891,e724f7b9d98d15609a5f21b52c76909f1afdf9efecacfaca43fcc226b1f28b45,train,maps/0746172.npy
746252,Random,lot44894,7b3691dc9599d651f0aef6d6013af6e833c4d567c31962f7f7d6df3b83e11723,test,maps/0746252.npy
746332,Loc,lot44897,5ea2aabe5454c23fbad09cc104a1198714ff5993595a2da5131f0327ee3841df,test,maps/0746332.npy
746378,Edge-Loc,lot44899,2d9bda4002477f54796c7cecf960f5ab05e3b98ffec1f06c606ecfd819cf5e6e,train,maps/0746378.npy
746445,none,lot44902,593757407dbcbc3f23a6b449a09d267bc3896ee8cdb5975c22f40ebca5ba9141,train,maps/0746445.npy
746523,Center,lot44905,9e86738054f48c726a483a06d5b9aa529304a29bc35899255bcdb05c1b8b463d,train,maps/0746523.npy
746540,Loc,lot44906,32dc7f4e2fa35fc226fac3fbebcdb88b91ca5aa67f69fc6ba8b111a3f93634ef,train,maps/0746540.npy
746551,Loc,lot44906,b5f8ea6ea7b9fa65a103882b5718ea93f604bfb1b11b415f59bab692736b335e,train,maps/0746551.npy
746727,none,lot44913,14a5bab486f1332b9a53cb8c0e751ebb9e30be9bec7d4a928ed4b2994fb0f35b,test,maps/0746727.npy
747002,none,lot44924,b0b7dd3d2a2c22fee95753f71f8cdcb26050bbf8c77eb9af1787723300604d64,validation,maps/0747002.npy
747146,Loc,lot44930,7c86d39e4ea76d313ca8ba9476d53ce2c899951328d4cb3fd35c4afbff7e3f94,train,maps/0747146.npy
747287,Edge-Loc,lot44935,2d7a0959dc4689576a2153738fdc1c0a1d8325f2ef949444c5a251e90715c4ac,validation,maps/0747287.npy
747563,Donut,lot44947,13fc2499716954856bfa359eea3f36d3172d3a0fada28b4cb45f76ae8dcfda6d,train,maps/0747563.npy
747647,none,lot44950,a6af2752d57e139857f9c4cfe76be2156480bbeb27c01a9db9e07d5d3ce1dd07,validation,maps/0747647.npy
747712,none,lot44952,c3b14e06694b6cb39175b63289b93cbf9292c895985005be0b2c559d6143e18d,validation,maps/0747712.npy
747871,Edge-Loc,lot44959,d748185eb11806167c2c491519fac6df394c4da0db1ea863cfca4f82ce3076f6,validation,maps/0747871.npy
747877,none,lot44959,913e02f807fb537ebe8be633c18b2d73b97409e8871bc1552106eccd1559ce75,validation,maps/0747877.npy
748448,Scratch,lot44982,1d6a024ab51416d40b1af7e2cc2cca2990e78ce57e46e1a27b895dbdc7569d4d,train,maps/0748448.npy
749014,Loc,lot45005,884009a93dfa1933e12cf1be59c79fb99aaa38d6213cbc30648faa0e7db5f0ef,train,maps/0749014.npy
749438,Near-full,lot45022,fcba70da3cdd3121d4bc8f802b1489dad4da9b1efe3f6806f2c1f8adf2f9ba3f,train,maps/0749438.npy
749477,none,lot45023,68b2a157bd62a76db64dc5db2d3caccd510d93670030446fcf80d45bb827bc4c,validation,maps/0749477.npy
749715,none,lot45033,10ee6bcec67f37c3d6eda2b01ab35e6bdc63c16cd1a0831c139d8051c45a41ac,train,maps/0749715.npy
749823,none,lot45037,7836acbc598d2be3d5b2423e2a8811ba9bedb6fa738e908e135f07421cd12a67,train,maps/0749823.npy
749887,none,lot45040,f6d77500f73e873a656e2481dafe793ded607600dce30cc604f44f10ad52d6e7,train,maps/0749887.npy
750152,none,lot45050,e8bdefdc9729a87ab5dafe48a7ca166e241d820bc68550fe699752f1cdf0b0aa,test,maps/0750152.npy
750319,none,lot45057,2b9f5597668f30b319de1961a58f1a7a1ab8d59568f916ca82d3bbef810d1153,train,maps/0750319.npy
750507,Edge-Loc,lot45065,0794f9fae50297f82a00328ca8b08dc45e94bea96fbb86dace1ad8b191af2fb5,test,maps/0750507.npy
750672,none,lot45071,9094113d315a9fa1e29573a13340fbaa5992dfe1dd7bed8637be78755d49e75e,train,maps/0750672.npy
750688,Random,lot45072,11c8aaee2fdb36e17f73b849dea6d554ff101230a34c82d940fb659684e91f83,train,maps/0750688.npy
750909,none,lot45081,c4804a78c2c6f4c1f1c3cd64dfaee75a76105c9e77a7d29ac3758227c2cedc4c,validation,maps/0750909.npy
751023,none,lot45085,45fa55d8901bce7b09fb40e5145712634faccd3edacfe20439379ffc682d0318,train,maps/0751023.npy
751058,none,lot45087,d7b042b0e5114f86975076eef72429e2d72c119a99f2f059553db403287cd13a,train,maps/0751058.npy
751168,none,lot45092,78fd82c08167f24e676c8a3faed053c8e3c20590bae3b9811bfaef594580f455,validation,maps/0751168.npy
751191,none,lot45093,685e16e892fd95cb711efd3e99fdaf85b5269d9a65c68e65ea48d94949c0aa39,train,maps/0751191.npy
751201,Loc,lot45093,0084d0bdad97548fa71bc9fa5cb7965aa567f55f5c9c2b2315c357b3045659be,train,maps/0751201.npy
751320,Loc,lot45098,7c735bacf1934da517f28b2a03f902b8a346b07591fbefc6cf407e1f64eb9e62,train,maps/0751320.npy
751334,Center,lot45099,9eed5713dee156df8a19894a46679b0f76433a95eceaebe84b8490b5a3ca4156,train,maps/0751334.npy
751371,none,lot45100,d09072afbfcd2ccffb47fd9b3332b1c338a14dd4cce94dfa88251ec351a8ed4a,train,maps/0751371.npy
751855,none,lot45119,ac41081157cf648b2aa61faee1522f27862273c813fac988f4ce923597ef9a8d,train,maps/0751855.npy
751939,Random,lot45123,e50c3ae52115b7931db2e6cf35a56582d49948becce9877597ff44115bf2d9f3,train,maps/0751939.npy
752019,Near-full,lot45126,b45dd3216e6fb8ded44f1d15f111787e5f5a17dff28b7154e64d57ec7d7a68a3,train,maps/0752019.npy
752345,Near-full,lot45139,6aedb1982ac29ac04bc30c9ea11d7eeabdb63f7e8795d44129f1afe915e8f0b3,train,maps/0752345.npy
752684,none,lot45153,646de1a25e102c9077b98b4e07b04b54902e986f26a3e43c3a6c495f87a2848e,test,maps/0752684.npy
752924,Near-full,lot45163,7037cff75a8639ed78baa04dafa2347f60dcfe691738707fe49c8830834ad748,train,maps/0752924.npy
753393,none,lot45181,520fdb39770ecf0649ab7bbf065ba68b8892161bc41a4cfc5bf69431a12491da,train,maps/0753393.npy
753719,Loc,lot45194,4b0da6d44783b99b62e33271514009d7338ee93d93bc0278d1c2b2a9dda44b57,train,maps/0753719.npy
753868,none,lot45200,37692b211cd4c192221935ed19468c88d8f2192e52c5ea3f52968ff199d84953,train,maps/0753868.npy
753875,none,lot45201,3aceca45bec0559bc41b4c79b1bb61a6bb362e462d8811a119cc82b99c08269f,train,maps/0753875.npy
753970,Center,lot45204,3462646afe36f33373b81f84a936c4077d5f3ccd9e8040b2d3ec2dc9105bad8e,train,maps/0753970.npy
754245,none,lot45215,f420570c6a481bdb0e74d06a5dc5145cfb11894a3b603e85909a803f44a27ea4,train,maps/0754245.npy
754828,none,lot45239,ec80396028241c5ea425af163784f731f22c0ae51a3c26e283f4ff16f99fd397,test,maps/0754828.npy
754888,Loc,lot45241,209dda75095b2fc33f6b2246c9f05adb84fb5fd09ed9db934e76ec89e8a02f94,test,maps/0754888.npy
754900,Loc,lot45242,dc602f11e6ea6075267f600c804da24935b8943f6b70feaa4e0e63d954f265c5,train,maps/0754900.npy
754937,Near-full,lot45243,c7c34905871e97b51e82de77fe3da0380896ff918ea8ca85a54714671d5264f1,test,maps/0754937.npy
754940,Near-full,lot45243,c973d51163b220b464b6edbf7e96f2ba755fcd6ee0836c76d4b2711738aa41a8,test,maps/0754940.npy
754941,Near-full,lot45243,b8b217e3898acb52032f6d4f3d808fdd95d7608516c44b3b560cc96417c4ba2d,test,maps/0754941.npy
754944,Near-full,lot45243,8c058bfae5a7bc692204f87fb6a23eaba51e9e7b2952737980487964e683ecde,test,maps/0754944.npy
755041,Donut,lot45247,29140a89da8a14385bbcfb13bf3f88ac157677cce30b9ce40967c1f58c9ca88b,train,maps/0755041.npy
755073,none,lot45249,2525a4807399aaad45052577ce00d0f1bf70fdd360c0bf2f2ed5dbe9c903dc14,train,maps/0755073.npy
755106,none,lot45250,81c24360a660d5cc0d22a293b6791a29b2deee0f4b493575d4729dac8dc0d2c7,train,maps/0755106.npy
755216,Loc,lot45254,952d0f7226498443df1e0d50a87ed018504a71eb93beb6607770e92f6f189109,train,maps/0755216.npy
755218,Donut,lot45254,c16d4a98e9230571e6cabd77264b3cba835461ab20a262bf6766e27a0727abe5,train,maps/0755218.npy
755239,none,lot45255,a635204955a92b218af848691b840884f29e6b7a94f1178ffb7170b9d7c4a8b1,validation,maps/0755239.npy
755261,Loc,lot45256,a983239c5c058843641789d3e95cecd4c8260b938fbf29a7a38f690df10d9b35,train,maps/0755261.npy
755278,Scratch,lot45257,3cd386045a9541a77d700d1c9ae661e9d8c2bbc48294599cbb3259b94f3cb176,train,maps/0755278.npy
755326,Loc,lot45259,cb7e6962574f40a5574e7536276535dbfa80daa69163853db52cfbcd9cfbe9f5,train,maps/0755326.npy
755330,Random,lot45259,c01adfaf3985646ef589cb0a47c8f34d0ed50517f63c60a89853c188e21bd938,train,maps/0755330.npy
755344,Loc,lot45259,7f6f3e19ecf2686a8921e0a614e515d4727b21a57bbe80e570e5de734531d265,train,maps/0755344.npy
755382,Loc,lot45261,fe1da31573b474f8c052c8284d27baaff6f3541a3c37b84f592422d598967164,train,maps/0755382.npy
755393,none,lot45261,5dfa8ff7e3ae5ceb92e3b23c708b2d2a1e0405208f923586295fe3d6d65b8880,train,maps/0755393.npy
755413,Edge-Loc,lot45262,13acab34864c666b48e36a3322dcccab06dc77b578a6f74778a98c0b8786d9a8,train,maps/0755413.npy
755445,none,lot45263,8742473de6ccd042a5ba5a2448b706e51e3ea151a39c4669285f3f48b0c8befc,train,maps/0755445.npy
755574,Edge-Loc,lot45269,36a7adcbce4700143bb9e23fe719df6fa8867ac44f82a839b667a7dd8edc3c09,validation,maps/0755574.npy
755591,Edge-Loc,lot45269,ba685dbe212fd912e1fb5be11d5b6581314d6497766c5f33b91752ac55a245a5,validation,maps/0755591.npy
755610,none,lot45270,10d3a2c83cd1e9d523f24f763c9dc86a37579eba789e65b25a06f73d5301a961,train,maps/0755610.npy
755805,none,lot45278,5bbba25e58b1fab37b6b3797a7c595e8ba70fb2fbbe3ebe5e75cf1d55f2f65db,test,maps/0755805.npy
755808,Loc,lot45278,101dce6e6255fabecf639297d6bdde97a6f895cdcbce6db4e7287b975f053bd6,test,maps/0755808.npy
755813,Donut,lot45278,2401a2777e9234b854b7aa045295216487204349afdc1b547dd23785bde959e9,test,maps/0755813.npy
755815,Donut,lot45278,043fa73108331037a0d7586d30838332f5df49b0944cb0271d4b60831b50a702,test,maps/0755815.npy
755840,Loc,lot45279,ae8b857451c729355b5d63ed01f2735d28d896dac4e8530b787831546db3912a,test,maps/0755840.npy
755886,none,lot45281,250c5e48d3aa544e09ee0312a5651eb81f5f1876a4f750d32bc5c52498e52adc,validation,maps/0755886.npy
755960,none,lot45284,714bfd83310a0debef858f66a254181be8f5722c31c05ebd030e9098e2cc549e,train,maps/0755960.npy
756023,Edge-Loc,lot45287,51cf5789ae594b82dd46a14424060fe992bdbf7394cc352658dea63b429c38db,validation,maps/0756023.npy
756065,Loc,lot45288,85b68ca94bfd3875f95a44e86b07ada6eb3aa7ef6b534b5a142dbd9e5b71f6bd,train,maps/0756065.npy
756186,Edge-Loc,lot45293,768f7cad6014e6ca31cbcb0f21b7c30496c703ba61447142eb333aca930b7726,train,maps/0756186.npy
756240,Loc,lot45295,846fd970ce2f76cbf5fd5ebb60b31a5e0f864eeb5f2f8c2c47f0986459354c19,test,maps/0756240.npy
756347,Random,lot45300,64a80957ff867d841b319919fc52eeb5b6771bf2ec22b649be006b6d1c56b963,train,maps/0756347.npy
756348,Edge-Loc,lot45300,2b5a007122e62c73c1993d49cb611aeb0b8f03a3a8c5734f48e27abe20960a55,train,maps/0756348.npy
756414,none,lot45302,35f64bc46f0e4cc69a150d3eefea984a95165a2d3c3743249396bfe6483ab421,train,maps/0756414.npy
756418,Loc,lot45302,eaccf55287461a8cc77fb2a02b9b3db81fa238f44b20c764e14c418d0f756747,train,maps/0756418.npy
756458,none,lot45304,2928933cc04e2ca32b9d9a4a518e552225c0eec815069a92db91fef3215720a7,test,maps/0756458.npy
756488,Loc,lot45306,d16c2ea04b3460f345f5a07cba904ad71c618fcb1c5dcc611df7ddd233fc703a,validation,maps/0756488.npy
756494,Edge-Loc,lot45306,18d49ff0be2392af13d854d137fdaf613ff9db5e255fe47716d9e83656ab6479,validation,maps/0756494.npy
756583,Edge-Loc,lot45310,75a88b1375a87d44c81f4fb5005758fde67acaee0d45fd8e036c285b676be5ee,train,maps/0756583.npy
756621,Edge-Loc,lot45312,23d83ae5ac8040eb8f0fdac58e46fe110f5f878810970fde6df44939c77d89a2,validation,maps/0756621.npy
756671,Edge-Loc,lot45314,8ed4b016a0bee0d87f272bfe1859401c04b803816e3f98b16a25a0a4878a1ef1,test,maps/0756671.npy
756694,Loc,lot45314,21d785317542b63eb0c15b5684f4c7a8b9b73ba315b8346993f39e3877f6c36a,test,maps/0756694.npy
756695,Edge-Loc,lot45314,300ed5d8f639add1b241fa87d927c7d0685cd1c542d28d55c834e0a267698eb9,test,maps/0756695.npy
756715,Edge-Ring,lot45315,35b280a3c159f377d008fa8987567e6a4b9b8b84963b504a9edcc59dd7ed35eb,train,maps/0756715.npy
756723,Edge-Loc,lot45316,cded726ebbf57fddca1a673ee38f75b38bdb9229180b1cbf69ea1b66c64fcee6,train,maps/0756723.npy
756725,Edge-Loc,lot45316,995a4cac22cdd549f17d746d625fc760ef49429d57a2223fbb0a0a2807e76e10,train,maps/0756725.npy
756726,Edge-Loc,lot45316,2de4d5ab91a9a955aacd081fdf187cb0a0bb4dc67004c9a4daa254e9b3f55013,train,maps/0756726.npy
756733,Loc,lot45316,b40f0ffd80c8536741b29910c4b13f062fb56a71881f954d50cabf8e0f2f96b9,train,maps/0756733.npy
756870,Edge-Loc,lot45321,b1fa5945194caa18c603263a7492011334c6d150a044074d5ca9dddf7d921de5,train,maps/0756870.npy
756892,Edge-Loc,lot45322,d5add44ef42d67701b68500df4fd45b16c8e3c2b041d446105493596aa61192e,train,maps/0756892.npy
757065,Scratch,lot45329,b5c25c3ff70607dedf6eb5df65a4c9d10369b3c110453812f48247a2f80a9e02,train,maps/0757065.npy
757080,Edge-Loc,lot45330,daa31a28b8277cd24fe04efff34a862c762080a117db17d4065b85861dca0f42,train,maps/0757080.npy
757082,Edge-Loc,lot45330,6e5e329428221e0dda943e2008aaea1952e920d3a305e24f1c71cbcaa932ff8f,train,maps/0757082.npy
757091,Edge-Loc,lot45330,0d3f05536638b8e230d6cf03f666baac0ded8afc821bd248f445cfa1b777be95,train,maps/0757091.npy
757115,Edge-Loc,lot45331,e1496791c0957ee7b8eaf5c47b6825204c462118bdd3b5738a5345a73c3ae2ff,train,maps/0757115.npy
757178,Edge-Loc,lot45334,ae085919b14d9c704251448ce744d28c4e6cf3c1a36c1f98b9704596f99f5962,train,maps/0757178.npy
757218,Edge-Loc,lot45335,5db7e82a56a72439554572784f18c4ecdc8b024186eae1c31eff0b8b091a3278,train,maps/0757218.npy
757237,Scratch,lot45336,cc616b9cdd29494dced6844b8dc5cfce12f2499573dd948dbcc4edf4294dcf50,test,maps/0757237.npy
757267,Edge-Loc,lot45337,ff8e5ffc9e8b16dfad776b75ca9d90c6e88edc10450d6cd6d2542db27e754aef,validation,maps/0757267.npy
757359,Center,lot45341,2be3f17173407efcb9136864610d43366c4981b7ed0a1086eab4a45759c22114,train,maps/0757359.npy
757363,Edge-Loc,lot45341,9a24c33df5836d8cdd94e7018abb88b83fed52bdad05e08dd6b3f02b4ca7d081,train,maps/0757363.npy
757435,Loc,lot45344,e2cec7b7cac996b3e77b6018bf2559704f3ad201feccfdc4f82fe53094a2a3a2,train,maps/0757435.npy
757634,Random,lot45352,fd69ef7c0d7c4d6ad21d720aa07a14ff51a85254276bb8efcacc33c99cfe76f6,train,maps/0757634.npy
757674,Random,lot45354,ee8ca362986bbdff138913a57a3a80bf8a68638951be2e0a4ca618ce0db456b4,train,maps/0757674.npy
757694,Edge-Loc,lot45355,9b84189bf5cf5ba08f9b3ee13872697def992458ca9d8aae2bf464b5861f9fad,train,maps/0757694.npy
757726,Loc,lot45356,8418625fd512d96e57b0b3a277ee2b9b0edd1b038ff1caecf46c2f16fa19f33e,validation,maps/0757726.npy
757850,Loc,lot45361,595aa61b5c6b7da2cd065a1a6e0a56acf6e6e587ec53c324a8f3420fa7374bd5,train,maps/0757850.npy
757873,Edge-Loc,lot45362,a0b96ad919ee41a0f6ab2613a4fb394f985d67594dc2fb05ebce390abe007964,train,maps/0757873.npy
757959,none,lot45365,0ac9f6d71cbf914a1329b241bb4b67d382cb1caa6c483299f4cf4e20ba0d0341,validation,maps/0757959.npy
757989,Edge-Loc,lot45366,07a7e0ba7a54264fc3afdae689a781b5689848602dfa231e8434e181d90eccad,train,maps/0757989.npy
758125,Edge-Loc,lot45372,aa6dbd20dfecbb8829656522fa046e9731a38272a39c24a8522b6b5a5d4d36fd,train,maps/0758125.npy
758192,Edge-Loc,lot45375,52f5460f26959af11ea1737b6de9ce00258188729ffc0927584b7e3db998dc50,train,maps/0758192.npy
758239,Edge-Loc,lot45377,76cabf83da5c5230de659b349a9f54c9b8fddc95679dba15364dc0c3cd8dbd5c,train,maps/0758239.npy
758313,Scratch,lot45380,5beab0c4ea71e793c3d6fbec92a05ab68ab0d864770ee83c0e11539a4beffc77,test,maps/0758313.npy
758334,Edge-Loc,lot45380,59acbebb60783f96c5eb1aa5cc7a59c2534911f34048dec99ac7b40de6415be1,test,maps/0758334.npy
758361,Scratch,lot45382,81924ec2dc01c17de440352dadfa1c7ca91c4664e0ba5cf0b20abcc3fa095e70,train,maps/0758361.npy
758362,Edge-Loc,lot45382,e964a5184f862f8e8a20ac2c4cc20d4c86a6e5cce3034d080b354d2b2701028b,train,maps/0758362.npy
758427,Donut,lot45384,ec7baf8018d5e662f6b10ecdce8414967e49e0c33edc1b6e2ea4729a30f0bf45,validation,maps/0758427.npy
758463,Edge-Loc,lot45386,0088b66318709aaee50907614ca33acb5f86d4e4128134c069fbf3b2919ef4fa,train,maps/0758463.npy
758589,none,lot45391,fc1dd583cbd2a9037bff0feb782042b43d8769f1de800fecd0341c3c4a3d2bb2,validation,maps/0758589.npy
758752,none,lot45397,202e136cfbed5fbd62cd40560cdbc738385e37f7d6b5a14ba4b7004b0cfdf227,train,maps/0758752.npy
758811,Edge-Loc,lot45400,ab88430272f20d14f47b0536e7b87d0f1115bb5d0bcc9622a69290c2de022f7e,validation,maps/0758811.npy
759065,Scratch,lot45411,f213c0d40545e822cc72f4de259e0f7b5adbc914e591507c903a1c0372dcf75e,test,maps/0759065.npy
759074,Near-full,lot45411,f241b8ee92db49424143584e20af01f97c7f513f88287f5a29e473b84ceb982f,test,maps/0759074.npy
759149,Random,lot45414,cbc5a78647ed88314149b829eba2be965c0214d91f58cdf1cbc6f79d8c0c23ac,train,maps/0759149.npy
759219,Scratch,lot45417,3fd235b36c7a2964e7c31ebb37843b976f7b7b2606332f9c61d0e05990c6e534,test,maps/0759219.npy
759260,none,lot45418,ef602ee0a2c16c9fda819183f98bb48357c2cb91fd7838e19c413ce70cb9ed61,test,maps/0759260.npy
759433,Near-full,lot45425,3d57c1af14f3a907ac675ff8c72365d6016080e179ae911c5f041ee3497b680d,train,maps/0759433.npy
759440,none,lot45426,4236e949cdd3d9a619c3c3dda002871c9beca4a119ff318344d2b8a41e228423,train,maps/0759440.npy
759635,Loc,lot45433,db172b68461916d30e999e2bbe1cb0ec6e150c83135c88da6abd2a931f34718a,train,maps/0759635.npy
759723,Scratch,lot45437,b02d4baba1eda5b426ffcb26ba5655648974c7c64fd239e286d083636227928f,train,maps/0759723.npy
759877,Random,lot45443,576c46d826b086e8e9ed80cb3e85421e9a32edeb8d221eb416ad751902f5ad55,train,maps/0759877.npy
759902,Center,lot45444,d1c29cfd8428a256d2fb1bf863b29c3652c08c3265ccaa15b9984c857253be25,train,maps/0759902.npy
759965,Random,lot45447,422edff6113104b539cd12d831c85aac8e5a86b0c10032a494c65b7db40870d6,train,maps/0759965.npy
759983,none,lot45448,18bc9594f98ab87cfb2237277f2628d8e0f327c8fb9c87997c3152b2a736f305,train,maps/0759983.npy
760111,Random,lot45453,75a9cd49e6b4357e04e7202e2f7a81f53c287dd59f79d735fc5fda749874dd75,train,maps/0760111.npy
760244,none,lot45458,71afe26e82467f3309f47630cccdbe965df4d32620a199e9b5bc5ba2bdf0fcf9,train,maps/0760244.npy
760358,none,lot45463,0210a49e28b6e3cffdda637f8e8f65f3be0600754e0c8aa14f361310d6aee16e,train,maps/0760358.npy
760379,Center,lot45464,10171b1025c3ecad09db25ac78455335c6bfd0b8c10cb7c99527f3357d10c105,test,maps/0760379.npy
760389,Scratch,lot45464,a919de8d193bde8d4664f03c952b9aa75e918818a9fba157fb3c94c342aed989,test,maps/0760389.npy
760439,none,lot45466,d481aae7360b48fe7915252e29b3221b08c1bd28370ec383b8e06ad1914bf1d2,validation,maps/0760439.npy
760470,none,lot45467,2ec382d35a4653a8a20a3302d910b51c3bcbec8d04a745de2b3b5dbae69b5cf9,train,maps/0760470.npy
760582,Center,lot45472,2fffe5c10eb0b4163e50cadbbbaeec3b80d130901849ad587d52750dd38d7a0b,train,maps/0760582.npy
760625,none,lot45474,07efe1f232ae3147dde1e531c814ad31f91c3eb228791c3797cfb332fc67eea1,test,maps/0760625.npy
760647,Edge-Loc,lot45474,dd488665687ea2c583ae3fce8edeafd2e6ce660791f48e1276fa23e84258e159,test,maps/0760647.npy
760845,Center,lot45482,cf6bb7a89f0b5b676d89dcac4c8e03edd24c117473d7b37d69743663cc797078,test,maps/0760845.npy
761004,Loc,lot45489,45fb413695cb9309c087924b3a2a086c8f673d6827ce4601406f4e894329f6b2,train,maps/0761004.npy
761120,Loc,lot45494,c0cc208397bd0ff754f4b30c37ad3b7d4048d3c110277ea35c94354df222bc96,train,maps/0761120.npy
761154,Donut,lot45495,f36ab83bcf989aaaf7b6c6e463994669c873bc5bf3f9e4b255343737116f27f9,validation,maps/0761154.npy
761277,Loc,lot45500,49e612cccb38ea6bd0c9360698cb0fa0ab457d29b2adbd4a9f5a94bea8ec5aac,validation,maps/0761277.npy
761490,Center,lot45509,51e38e7ba962d34361d5789676e22eae483786c90cd00d73b4b1874ec8c2e18a,train,maps/0761490.npy
761623,none,lot45514,85f102a528e7b660fe3ffdf8a300bd696ab8e4e56ffe2c4faf3e191b3e935daf,train,maps/0761623.npy
761709,Loc,lot45517,5969cc190983b5f99b042c8f2681dc66afcb95ff3a645a60361bbacb0310dc37,train,maps/0761709.npy
761836,Center,lot45522,ec96341a9d75461c35d68c3c1aaa6f1a3c88a5d410765709b4c4e4af2f7157ee,train,maps/0761836.npy
761925,Edge-Loc,lot45526,34885ce2ad05ab8c744af3ec99f78d9e876b2c5165c6819735adaa547385f666,test,maps/0761925.npy
762021,Center,lot45530,29bb8e80731e92418cec39d4d0d4807b1f5c1074ce41e8b57b7a989f505ef790,validation,maps/0762021.npy
762057,Center,lot45532,4ab8bfbed71305e0206c33aeb97dde67700107bbd78abba659e7958f51c1498e,train,maps/0762057.npy
762088,Center,lot45533,bd8e70d62a29298ee5857b7044050d366678e7edc312e7c5a675bc06c4395c05,test,maps/0762088.npy
762108,Scratch,lot45534,ac8c36556596f54797cd4ba5b3c700438a74f6a139816ba38010112745afa0b6,train,maps/0762108.npy
762198,none,lot45537,a3418d938539ca33731e95fedb47e896de0b81c4449cedae9f2d279e8d69e847,validation,maps/0762198.npy
762234,Edge-Loc,lot45539,b185e8823c92e4808af3b3a83f1db9e98556584e6fe545286ed3b1187995f5bc,validation,maps/0762234.npy
762249,Scratch,lot45539,f1c84e2201809a61f5415a3768b20cbc24a178dd5e0e9c3da3cc6e194f5fee91,validation,maps/0762249.npy
762300,none,lot45541,7c319e1dbf1e338491ccf6528f2342fb361f1c1286eaabe7a0d2f3ae3c98282f,train,maps/0762300.npy
762324,Scratch,lot45542,5eff329daec19e3cfd27627d4948e87225497461bdb14aad2a2b4c7124c7e1d8,train,maps/0762324.npy
762394,Center,lot45545,021a8f5a220818254594a2801c90c42eb57245246eba4d83813e5f9a425a0055,train,maps/0762394.npy
762415,Edge-Loc,lot45546,d1fbb12dd175c84636408e8f74482509e554a450a6b1564c48dba2eff92c9696,train,maps/0762415.npy
762512,Scratch,lot45550,7b5b34f5fd346133f760f847ec0db952759e1c7d5c55bf7b70af00d2c73e08e5,train,maps/0762512.npy
762522,Edge-Loc,lot45550,5b36b69c42ae638f754f96a9f1740896bef2592c6244fbf761324105f5b94ce1,train,maps/0762522.npy
762732,Center,lot45559,1a11115c40b3df01bac6f44ef986ec85f0481523153f80ce14af6180958a57b6,train,maps/0762732.npy
762774,Scratch,lot45560,912916670dbab789e11df5d68b37b143d633acf4a3b8e58229e5aa820efdb7d4,train,maps/0762774.npy
762781,Center,lot45561,73406ea1258daeeab94c7acef738e10b3707c5870d99fdd780aa3b2faf80177b,train,maps/0762781.npy
762905,Donut,lot45566,42ce6007607e664f0fe28e4cedd8848b071327d8d6cce394581e66ac4673603c,validation,maps/0762905.npy
762909,Random,lot45566,a01660805350461cad1777987ae16ef2014da3ed0ac969560f8dacf49d8e362d,validation,maps/0762909.npy
762914,Donut,lot45566,d4a72752365e05427ace64c9b2649f78560fab073d5d7b48d8fb8cd58486f43a,validation,maps/0762914.npy
762928,Near-full,lot45567,0768afd849265a2c836b9cd9a4ecc941c1934a17664b832554e1072ac0e66bb4,train,maps/0762928.npy
762948,Random,lot45567,007887fd92f3b5abb4819e8cce8eb7fe0b0ef810b9926f7388cbf1e25cda5db6,train,maps/0762948.npy
762960,Donut,lot45568,74dc7fd693f03a13eac22e3a749995e2994f4f86cbfe6d4802b268c509d1675b,validation,maps/0762960.npy
762971,Near-full,lot45568,ec525fdab129ccfbba0de3ced2c1ddc6364cbf9a12bbd01edbfc4698cf6c9c68,validation,maps/0762971.npy
762985,Donut,lot45569,5a68e16075fe7f9c8ada0d7ef83ca6146d7aad60d63dc54a645fcd0339c8948b,train,maps/0762985.npy
762988,Near-full,lot45569,1cb789a9510c5bf63716c6251b9b82e5971318337d12a4ff9561e4896dee5e14,train,maps/0762988.npy
762997,Donut,lot45569,571aff45ec9ebbf17a40acfcb2ba3db8a6097e931b50a7af88f3e23ec0aee873,train,maps/0762997.npy
763011,Random,lot45570,d78357f29cd50e0c90e18b1bb3fbb781ad86cf9e04035f18dc98d01647f05a7b,train,maps/0763011.npy
763028,Edge-Loc,lot45571,4b2e4d7f19177573d977c9b062839ce0435a929e063728707b7479011cf6649e,validation,maps/0763028.npy
763031,Random,lot45571,fa211a02487470bc4875bd6fc2ed7304db92a3954f3ea74078ef72302bf74b8b,validation,maps/0763031.npy
763042,Donut,lot45571,70dea71d8afc7389c71fa1d37f73da5ebb863f98defcb91c3cc2126b1ac9a827,validation,maps/0763042.npy
763059,Near-full,lot45572,dbdea433fed68d1b51f2893177907d69006c0123d2999c817204e1d2f6b553d7,train,maps/0763059.npy
763084,Near-full,lot45573,253c35fedb1b50c2bb47f09f2b4a7f8f85aff135950035606adfca92b3602ec6,train,maps/0763084.npy
763085,Near-full,lot45573,392d68865691c6680fd1741605b68ac0325ab7cffceeed44392f8846eccd76df,train,maps/0763085.npy
763093,Random,lot45573,e54533b3d88e8336ea4737bb996ae30780a2250f206e2bced88b18f53f3ea057,train,maps/0763093.npy
763098,Near-full,lot45573,b4c78193799262f6945d38ec2718f3bbae6fc7da17c89635ac6423bc4d72d2b6,train,maps/0763098.npy
763120,Near-full,lot45574,7d4026ffc528bc142a2de935427ed67adf07fbf89f9a0817030ef528c8f87c58,train,maps/0763120.npy
763121,Near-full,lot45574,e94b983b5709a92f4f43e8a7ae7b965b4b941aab23334c55c83cf52cb30f6be9,train,maps/0763121.npy
763147,Near-full,lot45575,0422e613ca952377b42d72094799469595e57d917adff77b3bd0f9cd8b5585e3,train,maps/0763147.npy
763150,Random,lot45575,e29be258323afdd67a18c11574344a7e4510c8e16bc340992de23cd2666858fd,train,maps/0763150.npy
763166,Near-full,lot45576,217328811788dbddec21f18558e3e6760b1e560971f9cf7f76c03aef1a59c73e,train,maps/0763166.npy
763173,Random,lot45576,2c78adca88db8bc7e2ef45ef403019899ac09581436a772ca660780d26a9e625,train,maps/0763173.npy
763189,Random,lot45577,a971bdeff4f7c0eed3334b57645b781f1a11afe834c1681532b7a510cd3c7c5d,train,maps/0763189.npy
763207,Near-full,lot45578,dd3de26b2a2a1cf1525d988a8df7eec4387991ce686d560f9fc54c2125acf173,train,maps/0763207.npy
763219,Donut,lot45578,758578ea1094b41c4e1030dab2a356c314cf69a30dcf769886cacbccad9396cb,train,maps/0763219.npy
763251,Near-full,lot45579,e593f4341adde46777065a974aaf29b9d76386dbaf340dc2c2e3376a27cc005f,train,maps/0763251.npy
763267,none,lot45580,c1c9e640cc6025a2313fa1b04e570f6321278054ed5ad634f1f93a9bf084003f,validation,maps/0763267.npy
763329,none,lot45583,38f26ca83820b1fb0790d8ae6802dae2143b0fed5b609b98f8fa29179f8179fc,train,maps/0763329.npy
763366,Donut,lot45584,a0a4e8ecca297a71a5707ae4ca5bb0ee892190f2cac6f25b3314904344df075e,validation,maps/0763366.npy
763367,Donut,lot45584,3b380cfe01376e5f5edabcd573c73839525614aaba7758294b7027f22a4b5f72,validation,maps/0763367.npy
763397,Scratch,lot45586,d37d9a083f37a85bbaff004124ae42a926c1579907e810a2d19cb7a9ce7a6765,validation,maps/0763397.npy
763490,Donut,lot45589,16a5ffcbf7359bcc475b8ad9af9b31bf251324f3dd5bdb5e61a864243cb8d44b,train,maps/0763490.npy
763505,Donut,lot45590,d6f5e767cb84290a01226ecae8bea6f6885b6f2703dad14121446c159a836327,test,maps/0763505.npy
763528,Loc,lot45591,3a7b7611761c3e45773a8e34683956d9879a61213b0cba35f21848f1e03fb7c3,test,maps/0763528.npy
763549,Random,lot45592,de1984522d52542f1563f21dd4d1c5ddcc1a38a4155a9d75c346fb547148ed96,train,maps/0763549.npy
763569,Donut,lot45592,73ea8a06e357e4d540d15d963277d8f241869274f0976739820dbd87595f6e1c,train,maps/0763569.npy
763622,Loc,lot45595,cf244f4ad29b38962cc75bca58c5474869a2930389c8e229fef9525d7f46a4c8,train,maps/0763622.npy
763662,Center,lot45596,abf19a4529ef3945e061a43a6617fcd7b170f6b92017241bf940495f85ee8d15,train,maps/0763662.npy
763664,Donut,lot45596,3c74a2dd1a1ae93946d49d2d086eb9cda17581347caa2a31b0d272559c59b4e5,train,maps/0763664.npy
763686,Loc,lot45597,9f69fc6da2653b305aed5851c972b496fe2d7d37c181448f7c97c3e6a634dd57,train,maps/0763686.npy
763695,Donut,lot45598,806689cb3567331d3d2a1f68dd7451cfba2027375dcc42ab7f2e416996be73e2,validation,maps/0763695.npy
763788,Center,lot45602,fa8c32a3bee685906dd99ca0474b43891296bdb6fc9eb28024478c37b444b708,train,maps/0763788.npy
763806,Edge-Loc,lot45603,a53849d6d1f3a738a12b202c75bc004597a869bf9e737cb0ae39528508eb61a3,train,maps/0763806.npy
763833,none,lot45604,4b7cf0769604f43fd61dd38f40ff36a87262918a5d7751d845d64b51ee860218,validation,maps/0763833.npy
763859,Edge-Loc,lot45605,4161283c05ec12e4c131d6909439a3a1839fbfe71288de1bb0b80dee79658b35,train,maps/0763859.npy
763885,Edge-Loc,lot45606,94413f9f56084af6e3daf50b98463afafcaf9559f81f9a8aeeb4426bc95ef39f,validation,maps/0763885.npy
764026,Edge-Loc,lot45612,a48872067832faae7e89de96e1b0ccdb6c4fe6e1e8469ba1a457789ba04cc868,train,maps/0764026.npy
764097,Edge-Ring,lot45615,40119d3bb1d18f0715e01bb94b63f159cd4fc487bd51d2006b50a98180a97c28,train,maps/0764097.npy
764118,Edge-Ring,lot45615,4bd712cc6c1c2c1cd7cf3f5b78de21a6c2cb87aaad1c5e34ac02f737052eb910,train,maps/0764118.npy
764160,Edge-Loc,lot45617,29dda69fa91335902d745b8aaa5255f6e9f9add0579a62410eb4e9f71cca4025,validation,maps/0764160.npy
764270,none,lot45621,abb450f02009d17eed42572c806766a8c926c74e048570b1707c7982ed0cc07b,train,maps/0764270.npy
764275,Center,lot45622,b90d39e524c66f21717780dc62e0e8f50c1415f7acc5fac4ad2956097c0bc846,train,maps/0764275.npy
764287,Center,lot45622,43f93c87001b1935e137fdec8473c3f2d020ffefce2a24711977891c62542df1,train,maps/0764287.npy
764291,Center,lot45622,a5e2739243389817502258c14ad2d9e9027c07b35db4b788715bab3165b68b72,train,maps/0764291.npy
764298,Loc,lot45623,1228727460f7f0ec01499fe8228296fce9c89fc9d6d4eeadbc2ee2f634318b4c,train,maps/0764298.npy
764347,Center,lot45625,9b174768b8022195b916e90b6267faafedc87298af445e87f12a7d7245631e95,validation,maps/0764347.npy
764380,Center,lot45626,5e99dfec82ccaa42c84e9142b0bcd4729018e9cb5180bf3c6ce56a47fc6286e8,test,maps/0764380.npy
764385,Edge-Ring,lot45626,dd8fc548830ba760c4d6656ff97c276128a0c9f28aa013742fe28f169d2001e0,test,maps/0764385.npy
764392,Center,lot45626,992819b5f4884f6e5b0c0522714ce9726129d8cc4a008b98187c8b0a456d37eb,test,maps/0764392.npy
764396,Center,lot45626,e9ba24b499b2274eac14c4ba9556f761f0857669f9ab24968404489b7c092abd,test,maps/0764396.npy
764429,Center,lot45628,04513e66fa3b65303d4873067fac75323f554277e17b7c2acb19dc729cadeb85,test,maps/0764429.npy
764446,Center,lot45628,1d5bfa6f0437859a87ecfb6a757281c47d51a00831f342aced37406584c9fe78,test,maps/0764446.npy
764449,Scratch,lot45629,43f4398efeb063dd60127ddf6edc58a345ccb83972a0530e6738b9edf00fef41,train,maps/0764449.npy
764461,Center,lot45629,c79c79b56757db2c269d304190bbd625ab3ccecdb93c5f71498347e519dfbea0,train,maps/0764461.npy
764464,Scratch,lot45629,d7ea3b1cdc39b3f3341ec5c4d649984f806262617bc930de5f2822157f569645,train,maps/0764464.npy
764477,Edge-Loc,lot45630,d2e41958c303b680eff3c68562fc71183a8c3f57e2163807b1571d7f9d1e1dea,validation,maps/0764477.npy
764482,Edge-Loc,lot45630,046b846f6a9a122244634445783fc49c87359e28ace4a94d6fc7c59aaac66f46,validation,maps/0764482.npy
764490,Center,lot45630,213cd62deb31be99446232dda606eae843c85a518fbb946ac044ef6e8525e40a,validation,maps/0764490.npy
764497,Center,lot45631,11f2e0c5168a2d0a1112adca0933cd2aa2cb4c72f34a4796e1840fcd621d4572,test,maps/0764497.npy
764500,Center,lot45631,a3b2b9c70b8de3ca4fbc4e813dfda0925b9d6bf47a783eb8977919e82279ce55,test,maps/0764500.npy
764501,Loc,lot45631,547a8ae9b40ffe490308db287904886dd37f237cb4d6d8533ac12b85d3c2e8bc,test,maps/0764501.npy
764506,Center,lot45631,b9e0c1823bb7d0c9e6caeb220d7670340c3658c395f6e3b3c06558d9ff763151,test,maps/0764506.npy
764513,Center,lot45631,3cc4a1fa609f8a89e5e4a5be5cdd346d53887561f428a1d7a05c92671878a98a,test,maps/0764513.npy
764531,Center,lot45632,284fc85d85b6e2ace594e8379f7a8d1dc66d92c99935212d0ce918049fafc4f6,train,maps/0764531.npy
764534,Center,lot45632,7291e21e1b2894d81770c5ee0155ba6230a112adb06bc72f040a42f8a2bfba78,train,maps/0764534.npy
764536,Center,lot45632,94d33a9a8852387f32f8c00453cee1f43a4563edb99403291166184e36ee725e,train,maps/0764536.npy
764547,Scratch,lot45633,3e3625c3d8f347e9c21211e3f359c52e3a7a180e706f014b70118ae47422ec17,validation,maps/0764547.npy
764559,Center,lot45633,127dd677e05e659cceb1d2a5919f33089f0e901c872580299e4946f2d5f89cb1,validation,maps/0764559.npy
764560,Center,lot45633,1f2625f2f2cd97170e4f5b6722b2cd605264297098d853a62a5acaeb37cc5b96,validation,maps/0764560.npy
764580,Random,lot45634,be8d4fe65caa48a1cf7de57189982363c7ac888d91b6a82180610156390e6ad3,train,maps/0764580.npy
764585,Random,lot45634,555f5ca8b587d551f8f7e1c76e64954fe4c3a8dcac08f83e7f8d8de2c49a3f68,train,maps/0764585.npy
764586,Random,lot45634,60be1e7c1f201e312ba55fbf9f0eb60325e162d17144564950c9798bc305604c,train,maps/0764586.npy
764587,Near-full,lot45634,78c55d885228ef70f30f5e835c9279b52199017f6f382c2b5b3a521412c1e38b,train,maps/0764587.npy
764588,Random,lot45634,812346f8c8c49c8f3c5b781eed5c6b9842e67f020dfbd8e9355a5c685605014d,train,maps/0764588.npy
764593,Random,lot45634,18c7a9457043e4b1626d2812f833a99c9cac459b83b8e1ecaf9450d4f8ea098b,train,maps/0764593.npy
764594,Random,lot45634,9b0bec6b177dfd2fe85aaa583a3d9bec4b2e9945a62a88975224d531bd8f4b0d,train,maps/0764594.npy
764596,Near-full,lot45634,20d2fbbc2964325fab6457d3722a28bc46319b034c17af7f5558737a8fd492fe,train,maps/0764596.npy
764597,Random,lot45635,c3421b3e8493516afa7c7d48829c5f4258197e684728313b49bd4ad2a1fee979,train,maps/0764597.npy
764600,Random,lot45635,a9960c31de675c45d4115c61303c2719c1f4d7a0e28d5a4d17278a2f07656bdf,train,maps/0764600.npy
764601,Near-full,lot45635,0c1dbdb5c1468602e524285b74f1cb0a772ba49dae10795df3ee095129b97e32,train,maps/0764601.npy
764611,Center,lot45635,e390b7d765852d5b85642b5f3cfc079dc8f3b30756be3478c3c5cdf6762dbda0,train,maps/0764611.npy
764614,Edge-Ring,lot45635,5c53b4eb06b207f65db7d944dcdf9bf9036b27a2c96c9a8b0e656c73452de5d5,train,maps/0764614.npy
764615,Scratch,lot45635,10161cb67e93e73fb6303a1a3c76e064926887ba58e5bbbea83850d095ec3620,train,maps/0764615.npy
764617,Center,lot45635,b8312fa2a294184494cfe5f2fa5106d8c4babd169a1f524c7ce1be56482ae762,train,maps/0764617.npy
764654,Loc,lot45637,cbbb5aee186035a64ba2b92d133b66f0e28f60b799d98d98252d029e3e8c6161,train,maps/0764654.npy
764656,Loc,lot45637,cfa222e1d9e1cbadc872629267e5ba2d7663d5e827078ebbb4fb2f55863855c0,train,maps/0764656.npy
764657,Loc,lot45637,9630bc3f6b6a80f1e8cbc5fff05f748b91eed4052e711683646d7d4a62ff9c2b,train,maps/0764657.npy
764668,Loc,lot45637,4b155bcdf228eb186ace0cb028947065982328558e711b7b1bde03216358771e,train,maps/0764668.npy
764683,Center,lot45638,147fd7849deabc95e0f76b16719c8ea3be0824e8bf8576f28e0e2d5404358a10,test,maps/0764683.npy
764688,Center,lot45638,cd368f538421610fd43d6400097bade0288df416975c6f79841c71fc84958887,test,maps/0764688.npy
764691,Center,lot45638,67105901ef735d7f2ba935b1dda4cd85ed82339774764c1e4179859357ac5423,test,maps/0764691.npy
764728,Center,lot45640,f7ada99a0d6f3601d24d332121b5099bacf3134a079b61a0940013159eb2a462,train,maps/0764728.npy
764751,Loc,lot45641,224e3a46ff32ec4bcb3bdac3c1c8ebdf574024df6ebe527764c30a7250414dae,train,maps/0764751.npy
764775,Center,lot45642,3349f1bbffa7d9268d68256b294c5bdc891cd7b719b5e99b27dd1a904ced331c,train,maps/0764775.npy
764804,Center,lot45644,c3dfab3961aadcb368239f3df6eb092ded19091ee9e9d6f41aff8b5208deed55,train,maps/0764804.npy
764807,Random,lot45644,83bc2b979767aa0471e0c78da8f3a706d0b955e4942f77aea705ff2de5eab553,train,maps/0764807.npy
764830,Edge-Ring,lot45645,1f32117e852c16d68446eb120326ff403455f7b71344f7f57f0cba987958913e,train,maps/0764830.npy
764833,Edge-Loc,lot45645,81fe1c0bfecdd03ff7bf93470ec96316142903a0f3dac16d7b117b4c186b96da,train,maps/0764833.npy
764834,Edge-Loc,lot45645,7586721d92750af8b3a062d4eaa4bc41b0e9582e3a3d422f390d7c667c1c2541,train,maps/0764834.npy
764862,Center,lot45646,1c44a3243a0dddca175e9fc1979bc7a915bd7bcefc130f65eca32fb0d5c82cf5,train,maps/0764862.npy
764870,Loc,lot45646,bcbc3ad7558d5099733e576d42ace63a675fea42dee4801d4a8e4c09b7d2deb8,train,maps/0764870.npy
764880,Edge-Loc,lot45647,a69e3ee7a187af58e7f41a6b9fbe4ff264b2b7a00305dce439233366f6a6955c,test,maps/0764880.npy
764978,Loc,lot45650,d0d15f0726f11deca62fed792b2d451ed3499d1e02ee3e0a2c9d05e8dfedb696,train,maps/0764978.npy
765010,Near-full,lot45652,66babf0f71a12c293e2ffe7eff220297c60b104bd5676f80c4f6b1e753af8b26,train,maps/0765010.npy
765044,none,lot45654,b6bee3bf30adcbf6f059af6dd9d50d14f6a22f14f80ca1425b5557e7c86e302f,validation,maps/0765044.npy
765139,Edge-Loc,lot45658,9400e86365a9c4e7fdd39fb20cdaa975ccbedfcecaf0fbaaab84b22f142370b9,train,maps/0765139.npy
765245,Edge-Loc,lot45662,91b5ded13bce5ce40e4e117c8955b04f54ab44fd9cbfaa6c0dbf3280151f7f58,train,maps/0765245.npy
765332,none,lot45666,84ababbb75f5ae4eb5cf31ea945311fd20486ecc1bd1973302b9a94bffd9d0d0,test,maps/0765332.npy
765438,Scratch,lot45670,812cdf22e5835ce0bf252fd8a230d81a2cbdee05d08675bd00ab8b569dbe6c1d,test,maps/0765438.npy
765606,none,lot45677,c96cea9b11477a8e8048309f7737619383695d9e46c73e6b82cb278b055bc0df,train,maps/0765606.npy
765852,Scratch,lot45687,142d2473267482211c1d92565287eca7a1cd2ea553c539a30c736f6d5cf24aca,validation,maps/0765852.npy
765855,Random,lot45687,4f922283173b3a88fb46d5bcd732df936f8b649f3c66bc7575f2372f18fb9398,validation,maps/0765855.npy
765937,none,lot45690,54d675b7374f7f9001e1e47291abbee857fb059e40ca677a7da3a080880961a9,train,maps/0765937.npy
766293,Edge-Ring,lot45704,5eaae94de74f71c21a35ed12b5b7c15438359ff9e01735d739ad04bddc5ee93c,test,maps/0766293.npy
766307,Edge-Loc,lot45705,982b5ba4785133eacef93f66cde5ef861f08ca9454ae33ba7f10749792a8767a,validation,maps/0766307.npy
766365,Loc,lot45707,13e860c51f7bb4f6ff6f0a82da339dbc10b38d6ed2a7b86aee0f4b5ec3387a17,train,maps/0766365.npy
766392,Edge-Loc,lot45708,6c196a626c7ad36e6103e12d0e0f4d6f7ad5c6b7882dfecf29b9aab860b02313,test,maps/0766392.npy
766401,Edge-Loc,lot45709,473b6cb4e25e4a41755a4b32a8c36d2438461281cbbca8f8ee632929248acb68,train,maps/0766401.npy
766405,Edge-Loc,lot45709,9f34d9041b76a56a18f91ca428e61d8603fb6145fb53ad48915ef47e339f3cf7,train,maps/0766405.npy
766487,none,lot45712,9ba1aead6ff9e95bcce450fb4b5b353c032cafa50f75f220cc93cfa82c3f9fa1,train,maps/0766487.npy
766504,Edge-Ring,lot45713,a454346dba90534279a9f9d16721f6b54b2c46092412751ca27da05c72bdab06,train,maps/0766504.npy
766590,Random,lot45716,5e1a6605ebc7a7a76baadfbd8fffa950ee092399e240719e0c47fd85efc0d956,test,maps/0766590.npy
766604,Random,lot45717,787daac9eb01bf5f1040773432000da8d5eaff75df4fad150bc3edbe4e7e2746,train,maps/0766604.npy
766621,Edge-Loc,lot45718,60fef50b6c19491e92658c07aa4351299b3e1a3e3576636c58d9169a7dab8824,validation,maps/0766621.npy
766648,Edge-Loc,lot45719,7b817169dee0655cddc1c255cac0d68d35e1fc119c4d15f5c6f30b73c66eea93,train,maps/0766648.npy
766673,Edge-Loc,lot45720,8ff0a5369a3ee397d1bd54afe26ee04a5cd2db15ff83b65ed5496e5339015ea7,train,maps/0766673.npy
766734,Scratch,lot45722,27f3193e7b2227c350b7571b7dd33e8662121d5a0a827a7f4329d6d5e2f06360,train,maps/0766734.npy
766742,Edge-Loc,lot45722,4584efe05c454bd0191decdc585067ed3bd5b608e4e38ad09cd3943c661b88ad,train,maps/0766742.npy
766750,none,lot45723,ddf6fc59ad270a174b8b0aac14956e1877a62a24ad1e79522e1be0a32bd8a609,validation,maps/0766750.npy
766768,Loc,lot45723,e1c196c844103d976460a4cd9d82870f3417ac8817bc2cbf5d9f8265a3fb8626,validation,maps/0766768.npy
766789,none,lot45724,fdc566a294f5b35695dfa20747e7aab916fb4f978e944a6e4f3d747fc6416d96,validation,maps/0766789.npy
766801,none,lot45725,dec68cec6a1ab129a39035195165a56259c4a128d52e7d8aa4f5a881ac0092de,validation,maps/0766801.npy
766850,Edge-Loc,lot45727,c6660a2a55c80d0b4d33811f3803a10d81405b829d69343f441a599c27546646,test,maps/0766850.npy
766892,Edge-Loc,lot45728,47bc31e2aaef5e17dcb30562142019473669f7b79e6ebebfec1c345f6d3026a3,validation,maps/0766892.npy
766921,Random,lot45730,1386f331a41c14685dde4b11800f6dc75713ebddc0a4412035bed96231c4ea4d,validation,maps/0766921.npy
766924,Edge-Loc,lot45730,ee574322c4feba579666e40cd61803306ebdcb9813d2621abb833035aa4c12f2,validation,maps/0766924.npy
766925,Random,lot45730,d349c7af0a62510fd80b29216215cb7eaa728bd2aef88ffad007cdc4f3b5d571,validation,maps/0766925.npy
766980,Loc,lot45732,039d6e1d364645db444c7af3a64df5ef0a94d6c7e3b4d0da130161bb6b4d0649,test,maps/0766980.npy
767048,Edge-Loc,lot45735,ac6c18169ea270bb01a277ccc7cac2e1da9360cd8decc1d973d2ea40d031067f,train,maps/0767048.npy
767049,Edge-Loc,lot45735,5d204a34ac2565b549de1f6d8c6aacc7ba6061ddbad613244c8e21574ec00e00,train,maps/0767049.npy
767108,Edge-Loc,lot45737,ee406fa361665bb8ecd15552765235b5106d963e8214bd553de5f0a6cc61d0ee,test,maps/0767108.npy
767138,Random,lot45738,25effaba55d2c05c7cfa72fc3b77c7f359b4ed80b01cd8f44628bee2676c8133,train,maps/0767138.npy
767247,none,lot45743,a591116971bf767e4efe27af6294b6676a8325bc17f9fe1aaa2223454375150e,train,maps/0767247.npy
767331,Edge-Loc,lot45746,8fcc624465381b1100876d205e8784310a462cc62411ec0ae8d9e765808050a5,validation,maps/0767331.npy
767482,Edge-Loc,lot45752,e104c0eb8af11ae3e0ac299de6e0defed50769536d3ed26c6a129f0b8223cd33,train,maps/0767482.npy
767514,none,lot45753,7e07516702bad31d595cd33d2b84419551a19b53223913020f1ab8828ac849ec,train,maps/0767514.npy
767554,Edge-Loc,lot45755,4d99cc5145c34a6d3a5560b7fb127f6874a6a206cc572c0407b1616316c4c373,validation,maps/0767554.npy
767574,Edge-Loc,lot45756,0c22e64e1896459fe5bdc1c9c33b8f8caa35c3d205619429a74154b8372e2b30,validation,maps/0767574.npy
767647,Near-full,lot45759,d48988bff2cf53bbf1309493556f934931522b1fb93b754b39e4a26a41eeb7b1,train,maps/0767647.npy
767679,none,lot45760,057457c6bcdc593cbf7e3195521e9c9fc88ad77c74ef3bb1bca1f98091edfd43,validation,maps/0767679.npy
767686,Random,lot45760,b2dd2d40d02624e8d281acd7ab09d04cce22b43a491920f47d4e1b11b9882d3e,validation,maps/0767686.npy
767710,Loc,lot45761,dca43eb7a02ff2eb2e1166a84c268cdc02c32ea99ed123e8c5e43cffa7a3b15c,train,maps/0767710.npy
767729,Edge-Ring,lot45762,e54cf4f4ea46920c967f3b2d7a0057a803caf5a2eab80b44800883e4e2b04989,train,maps/0767729.npy
767770,Scratch,lot45764,53584324065c2d6357e0ddded8873154ae996db7c1934dd5547cfd8074524c03,validation,maps/0767770.npy
767781,Edge-Loc,lot45764,06fe7bb647ca1a8211d13c1d4f6899188151d00e05894b969d4e1f9d17470ca9,validation,maps/0767781.npy
767783,Scratch,lot45764,8e9c2c93b52a50bbcb131d12e5990408df8a791cfe5ba8d780956bb8be203658,validation,maps/0767783.npy
767801,Edge-Loc,lot45765,6cb9d0e2e5dec676abf868831e10f694b0ae7376bf8b548a0a8a7bf9f3b8fa77,train,maps/0767801.npy
767875,Edge-Loc,lot45768,6a22a08ececcc29030b881c256954ec0237746f42aa7ba6e1042d6e709b05da2,train,maps/0767875.npy
767923,Edge-Loc,lot45770,f889122d8c4987861565328c77280a890a450df3ded4df38abf79854aca11b16,train,maps/0767923.npy
768075,none,lot45776,7224e5e3dc95c0ec309279b43a3e3e421503d74d540c92de840fb0970130d846,test,maps/0768075.npy
768133,Edge-Loc,lot45778,b0dd88ba6128cff7b1dac0ab67d687166326010e98107117ddf845873c152292,train,maps/0768133.npy
768257,Scratch,lot45784,26e985d34387dc1c452337f1e3b63dc9b385a769547f36f053a384b09089eb87,train,maps/0768257.npy
768415,Loc,lot45790,07e25a25600606a295b5b96adaf0d71660f98211bced54a2f5da08c92d050fbb,train,maps/0768415.npy
768423,Edge-Loc,lot45791,aa3443a92f42758a987d27dec26a03412d6943fc6de84453e986d0e89bf9f738,train,maps/0768423.npy
768443,Loc,lot45791,fb4238d10a012941031d56327cf191b1af75f19078c521fa4baecaaee419e868,train,maps/0768443.npy
768449,Edge-Loc,lot45792,ee33890a6d5786deac12a4a5c52040112f5fc435fc350f34f5e3e8957755c773,train,maps/0768449.npy
768478,Edge-Loc,lot45793,a67a74eaec825f079a6ef4037c954d1f63fbdb8d99e7f03808fa243572f74b55,test,maps/0768478.npy
768484,none,lot45793,9758d48c0bb15228c783e311f67340237e8a5fb3bc97c200dc8beb0b0b0c191a,test,maps/0768484.npy
768528,Edge-Loc,lot45795,c3852ed0b177ab845a70772c9d967b9988ffb92f4d203d3a9e3e4805a75081b6,train,maps/0768528.npy
768569,none,lot45796,fb847d83f3bf49374d1743e160d968e8f5dba89bfa44834cddd6c0a63540b70c,train,maps/0768569.npy
768614,Edge-Loc,lot45798,230a3110d1074d6795c1396740941b8815d9f36d6a76ef50e52a2c97c9d901c0,train,maps/0768614.npy
768636,none,lot45799,ee3c28f72b70ce53b546fba84d1d0cb52495ef556716b2d99a751f3e841383c9,train,maps/0768636.npy
768708,Random,lot45802,a95e18b1f30724f4ef864b6e5d618de214c025d5a17a8bef24142b732b4d89d9,train,maps/0768708.npy
768798,Edge-Loc,lot45806,8008df00bced3fded0bf5807172ddc99b60202759beceee389ab84f924e791af,train,maps/0768798.npy
768868,none,lot45808,2620578ff40133d10b83651c33481fb74c6eeba943588c37a9d3375a491fffa5,test,maps/0768868.npy
769028,none,lot45815,e51d86deac43701af3dc509ac9bf6be81edd1cf6aa135710e77000d1ad35bddc,test,maps/0769028.npy
769084,Donut,lot45817,77c66de3d79b0dd17568035aaf5f720280794aa8ebd72e92f60c1ba3b9568dcb,train,maps/0769084.npy
769108,Donut,lot45818,375e2ba9ccc1633b3ac7d4c96f075a6439d58dfbc5d4263448e80804cf392a09,train,maps/0769108.npy
769530,Scratch,lot45835,21954f4b055368b621fa548d62b61917786b896679d46d32d774e8125e2aac23,validation,maps/0769530.npy
769564,Scratch,lot45836,651a1593e0330a4907c0971817f54d062d51dbf9701b55afc5b9d0d000036f32,test,maps/0769564.npy
769649,Edge-Loc,lot45840,855ba7a8a873fe7a7f2cba2b95df867ee5356d01f933ef78aed94b4197446fd0,train,maps/0769649.npy
769955,Edge-Loc,lot45852,501e5ce62e6763053cd44269ecf4d8cd7dc523c0f2587efdff654dc909828bbb,test,maps/0769955.npy
770044,none,lot45856,ec76eb4f56d355574713e8d2e50c688d7a6aa8fe0e9da758ccd954b5985e89c4,test,maps/0770044.npy
770086,none,lot45857,e20ceb19f60c154bdf1e148f1c5fbd53b93e14791548683ad57da4a850170b7e,train,maps/0770086.npy
770142,Scratch,lot45860,9c830053a018451cb869cec44cb7578649c8e63a8fa3ac6cc834d1c5ca60b956,train,maps/0770142.npy
770221,Scratch,lot45863,0ab8225b2ca2b377af40141701cac51f68d4e8fac0c4d8993399199e9019898e,train,maps/0770221.npy
770225,Scratch,lot45863,6f937d14da763ce1ca0a08f45311ed0f1c9651319476c62eaa9a80586fe6e819,train,maps/0770225.npy
770360,Edge-Loc,lot45869,6ff966de3d48c509caaf08d04501e5f0ebd49763ca523dfa211df1aed20c1b3c,validation,maps/0770360.npy
770556,none,lot45876,8636c750b0fb2c36281f54cfb6de7ad03d1b86a3e9d4adc25a5e49e7a40d5441,train,maps/0770556.npy
770646,Edge-Loc,lot45880,4db1d86153b4b6245c561d786cc17e1ccfb5919e79e3ed4f4085b001a3f90a2f,train,maps/0770646.npy
770675,Edge-Loc,lot45881,9f866ee377cdddcf65b087cd463f18ddd43616295d5d88ee0cc4355cd6630360,train,maps/0770675.npy
770687,Scratch,lot45882,b71b94435adf9dd4770b668a1b0d44c58d8d600771a9f7ee70763657d527b74d,train,maps/0770687.npy
770815,Edge-Loc,lot45887,d5d3cc8a75b0a556690b4e9854ae4d2fa8f96e5ae2ddf3689610b1927b03707c,test,maps/0770815.npy
770822,Loc,lot45887,cb0a623330776dd383bd5f4a6c5979d587ec4d679f03682e27fb6a3126d2502d,test,maps/0770822.npy
770839,Scratch,lot45888,41ba04e07920e552ad9f80f85ad2390e28259e145da52ff74a528fb69f1f0fdd,validation,maps/0770839.npy
770905,Scratch,lot45890,18c34bdcbb8c331a8d86d96cd804a18a12772a6c1974c3346afc340c72e24a31,validation,maps/0770905.npy
770925,Scratch,lot45891,53291f4b2a543a25eae58659bdc0a5661419e0e576c22013bfa3639380b3ed9c,train,maps/0770925.npy
770929,Loc,lot45891,4581f8c8a7ba6fc94c7b27e9f34cdc245937a111dc1b16b45911266df7dd102c,train,maps/0770929.npy
770950,Edge-Loc,lot45892,1f596f35b3628c9a21706f2d3dc04405b7169e475f6ce011b9ca4cf9d92331f5,train,maps/0770950.npy
770965,Edge-Loc,lot45893,93dc07fc12ea1ba707293e85e96504eb697138b69ffa9f599f7d8e2ebfb5281e,train,maps/0770965.npy
770979,Donut,lot45893,d71519359e77a9e04f333b9e07fd4058239a938d391027e4f1d0d25d4d9a4137,train,maps/0770979.npy
770990,none,lot45894,85a23050f84b6b594a78259c88ff2501f3bae15e5e075a49acbd66ce06aa5d29,validation,maps/0770990.npy
771006,Scratch,lot45894,5df8b7a295bccc2411ebe22b3e3e32ecfd3f8f5ae6dfa4e52a498ae8423eb234,validation,maps/0771006.npy
771037,Donut,lot45896,b21a049111dbf38b72b42aa46d365f603ef0437cdeb72b995a6471b9e433ae82,train,maps/0771037.npy
771130,Scratch,lot45899,75ef6dcc800da3aa8644e0cab2904fbe477d389fd1b74cf64b5f5ac69524c106,train,maps/0771130.npy
771175,Edge-Loc,lot45901,6c45a775290cf5e7b2b77a928ae638079f17bd7e832d545e6c55ea11cb7c3642,validation,maps/0771175.npy
771405,none,lot45910,812bc04378507ebf4c7b43f6251781fcda51b3176aeeca80dee6685e7ed7dd55,train,maps/0771405.npy
771542,Scratch,lot45916,53666016a3f1d429a817a8f777b1dfed2d24441e8f486cfeb63aee0b14897096,train,maps/0771542.npy
771617,none,lot45919,12616b96a377e33047cb6d4b81a87906765bb5aaf1656f287d8210a39af40512,validation,maps/0771617.npy
771629,Edge-Loc,lot45919,b2bc555b1fc39e685006a263e728f9e6c4f8e4f1fb50f7eceac974c61bef6006,validation,maps/0771629.npy
771665,none,lot45921,8520726bda7b625a54d68fa97d12ca8457a101471ce9906f584a10a07f3a350b,test,maps/0771665.npy
771789,none,lot45926,02abcec0bcfc362ed9007a86f8a6354033d70d59aa250fb0f5ca730ddfb9b09d,train,maps/0771789.npy
771820,none,lot45927,7c35ce855dd70f12f3ae08e85e280b0c481853eada708d200f6ad5a3cd633bc0,train,maps/0771820.npy
771837,Random,lot45929,1c724716e4bfad6bd6e1e9670012aae3b7d93500e29b01ebac30e5d395b165d1,train,maps/0771837.npy
771847,Donut,lot45929,409560100e189f8c684aa83dd1d3277838581e9601a3ec1c5864273f2e46435e,train,maps/0771847.npy
771849,Donut,lot45929,bce69c8165eba248b568adcb0f12eed91a117df46f4843ce152faefd85eccdb8,train,maps/0771849.npy
772114,none,lot45940,daf9bacfaca04a099522342c843dbb91a5b06177274442081a4541810afd80bb,train,maps/0772114.npy
772173,Loc,lot45943,3b36e234155481aab2e16fca9aafbdd329f9c8b6670b98e4c6a4d5237b640065,test,maps/0772173.npy
772244,none,lot45946,36c008b234bc3d88b06b1aa8d586fa3e6e17649ae42a3d7568dc84cd19ad28e4,validation,maps/0772244.npy
772265,none,lot45947,1e2c1380536661084ebf6821aa78ac5e9875703964fb9a2cc9e5443e81060724,train,maps/0772265.npy
772361,none,lot45951,9d25e02e909984e239bd02915ac9d86aba94355101093fab673045806f9d8938,train,maps/0772361.npy
772428,none,lot45954,ea53dce6a235d6f60c6812ea294278fe89411c59e697f0aca4c3a05a7c15ae28,train,maps/0772428.npy
772453,none,lot45955,761caea71dd9ac383c6bb979b3f6222c3bf29cbdad4a76e63d76228230e09cf3,train,maps/0772453.npy
772566,none,lot45959,ae6c40addb12b0a12b8c264e4539960c4c041c69dfa2da0f46a61c41f3954793,train,maps/0772566.npy
772594,Scratch,lot45960,0c654f0e7476f04ab09691adf8bcc4c4907b3238f676e529c8c0c88c62e4bfb6,train,maps/0772594.npy
772692,Scratch,lot45964,182087032a8809ba752452e1a6ed0dddf9ac513f64c67c6770ff17e0d4ebc38f,train,maps/0772692.npy
772701,Scratch,lot45965,33eb35c18ea7d88c08720995d9cf3cf02d3cdae0a4635d1e87da148ec99fe40e,train,maps/0772701.npy
773035,Scratch,lot45978,33ab4041ad833954f2b8195f733e8e5500e44a747045234fa5708213a8076690,train,maps/0773035.npy
773126,Loc,lot45982,43a276d8cdaaf2aaac0581de0f0c6bbc3eec2b7a99c4d9f84615e2c3e941d312,train,maps/0773126.npy
773196,Random,lot45985,f64b9270303c3bfbb092e083efdd085ab0c1b5661f7848fbf4b85064a0f30fc7,validation,maps/0773196.npy
773205,Random,lot45985,ce1133e799d59921ac9f23f62c65fe4f94cc6fc19089ef3baab703745a018cf9,validation,maps/0773205.npy
773209,Random,lot45985,a384055902826ef59dd1e23ab4883c8468c53a693f90ce4f1cc8def9d1ccb7ff,validation,maps/0773209.npy
773211,Random,lot45985,8f1dffd434b5b9c64b0cfc5ad99bcb3e665f8fd1d8c81b7a6ee6645033472bb9,validation,maps/0773211.npy
773214,Random,lot45985,118492355e2fcab9c25019b5daf6a01aefb84430e389bd9e08c394ae65683f7c,validation,maps/0773214.npy
773215,Random,lot45985,1d03145f70a22837fde8409dbe31d85a3695285373a72377e2cdf6938439c296,validation,maps/0773215.npy
773217,Random,lot45985,8d93d988c9f1dd9915b6d8fe0faf01c48ab3aa02431a9eb89c07bf640d09cae6,validation,maps/0773217.npy
773582,none,lot46002,474df6a75ae0b65ad8d190e7150826fbb026b8a5a3be1ab7446e111d16bbca7a,train,maps/0773582.npy
773664,none,lot46005,7b98a3b4b3dedd048682fa2ce89e24a4ef3ba432913544e88a7fd43dcfa834ab,train,maps/0773664.npy
773684,none,lot46006,20dffd8ed2337ba62cb6a1ed9e6c6a3177032fe5a83d79d5cd01a36c641f3937,train,maps/0773684.npy
773730,none,lot46008,0b3bbe36389facc0a6828b009ca6816204145b3f0ecea4244d46a333d1819b01,train,maps/0773730.npy
773912,Near-full,lot46016,04aa124d8aaea6a5762ad6cf211807bbfeb12756c02b88b0962d61a5ab043700,train,maps/0773912.npy
773919,Center,lot46016,82a92222f024b9deab52f1846ff5774a022d1cf9b20f1e3aaafc5dd4ad99e411,train,maps/0773919.npy
773979,none,lot46018,3dbae1665ab7ef24890bc0092eb7783b6c4f94321def23da7ae7cd6e762b3d68,test,maps/0773979.npy
774000,Loc,lot46019,026c9e6b8698f4a1fd1d5c22c2ce873d5e6a6d24e5c306034a69c436d40c8a7b,train,maps/0774000.npy
774012,Loc,lot46020,2e127f00913d131d57e99fc29d3efb113b6e1ef582e685da842f8e9337cdebd5,validation,maps/0774012.npy
774221,Random,lot46028,98bc648adbd556a3be4f757d7b7f67d2c480381d91a1a3d3e033ae3282914ecc,validation,maps/0774221.npy
774224,Scratch,lot46028,44ca45d90cbfbd9852d24a860481d7ef7a1a77ceb689945b9cb82371dfece201,validation,maps/0774224.npy
774225,Loc,lot46028,8e45d34400d5a63b4cd9d1829f099f7f544c412071ea5aef9c721007060a18dc,validation,maps/0774225.npy
774230,Random,lot46028,2341254a1a9f88bf5dbde610b3346460355b1374b22b8c1923e2ecf387f0a44b,validation,maps/0774230.npy
774282,Near-full,lot46030,b10942cf21a8167cb5a857e7ea9da6a1d54f7e42f6e43b11c71c8acabf679181,validation,maps/0774282.npy
774363,none,lot46034,895914f42d7d5fe3719a132c9692a9eb2b10365790732a13e86b64938f0d0e17,train,maps/0774363.npy
774386,Edge-Loc,lot46035,7e58094baabeb3f3e89cd9f59b3bc6d49f72d92180ba10c231d53d2dfd42f29b,train,maps/0774386.npy
774501,none,lot46040,8119e391e9b2ee5d5564f5a2ccae55758d2e0f94f589a5d49318530491473399,validation,maps/0774501.npy
774540,Center,lot46041,eb2b58e081b5084c1968654fdd3b5700d4bd22652e255eb9607b117910a1ba48,train,maps/0774540.npy
774668,Loc,lot46046,cc862e0f475ff833e21d082c22283bdb4528ef8d7964fe33ca3bc8be4037e528,test,maps/0774668.npy
774716,none,lot46048,2b72d48c07d5702835355e13b15e1637dfb2bcaf62224870f10e9dde40d387bb,validation,maps/0774716.npy
774843,Center,lot46053,c0e8e75bd4afe672e654ceeb2d085c15101f62f8fcf3da01c877f57171a1a929,train,maps/0774843.npy
774934,Scratch,lot46058,9b78195444e329966e8c117f02646a07e977c4b42d7ba2564e5e3b352bcd2e49,train,maps/0774934.npy
774980,Center,lot46060,a29847086fff3c8a7a145aeb43ef5878ec7e0a2a3f1aa4d13411fd3193000fe0,validation,maps/0774980.npy
774981,Center,lot46060,151d72313fa518b0cd32e86b2866a408c6e3bdd29c40a82d1e930282dcd3d70a,validation,maps/0774981.npy
775022,none,lot46061,1ad26c0b5fcde55010fdbe6a3108b96bd0931a1cf3a27cb5df67521e63e0610e,test,maps/0775022.npy
775135,Scratch,lot46066,14c14ace6e699bf9b49c19603092485cfe9bb68d7ed177afcfdd83a6d8799851,train,maps/0775135.npy
775210,Edge-Loc,lot46069,77d7058b6cccca1cd8ade0edcaf8a96beb32f52c8177768572f49d60e2936768,validation,maps/0775210.npy
775400,Random,lot46077,68d2e9c3928329d89bb770acf26155d25b8748bae846378327a30fdc51286e73,train,maps/0775400.npy
775520,Edge-Ring,lot46082,b24f13f911977a79017c018817193569ced9a825e7ab9fc314078a606f11e4c7,validation,maps/0775520.npy
775793,Random,lot46095,e9212b0c20fdf6a5418047556222d795d0ab1c02aa1b02e44e36ca1f27ae8ae6,train,maps/0775793.npy
775856,Loc,lot46097,a1fe33301f227c246429d0744c594345acb3501c1bc790a7e15c28ee3a2e45ba,test,maps/0775856.npy
775957,Scratch,lot46101,e52df9932740e6a78dded70c3210a4bf8b1723f7a60c6cefa4f7155b96cc423b,train,maps/0775957.npy
776003,Random,lot46104,d7b29f9e1ca8ca81ded1dc28f1678a09c844a5d36a5ec69f682ae4407385a007,train,maps/0776003.npy
776005,Random,lot46104,b4f0026c87c3a8648d9476751863944a2f070dbe08962f69ec399c68bc9fa723,train,maps/0776005.npy
776006,Random,lot46104,3618ce343f233cc9023643be37b16d7c6d202f5a44599a54e94cbb730b642be6,train,maps/0776006.npy
776010,Random,lot46104,c34c9e33721a3a74f26f6e8f8729179605a850280f643e2513f1549e48b2ffc2,train,maps/0776010.npy
776015,Random,lot46104,0bee164415f22fcf6e73ac2b2641c6b05f07a714d4325e05ab4fbe3ab028fbc7,train,maps/0776015.npy
776019,Random,lot46104,8e76e7e4dab018658508f77af37c653b2473d0cf4341bdd70486a566dd108a8e,train,maps/0776019.npy
776021,Random,lot46104,ceed8ddd467193b4dc6993b4f48e85302cd166550e59f232491933fbc63ba910,train,maps/0776021.npy
776022,Random,lot46104,5b6719008fa1b775467ea9f619d26220ea2bda5ce5ba0a39b007f9f82eb4adea,train,maps/0776022.npy
776023,Random,lot46104,4a277e392724860ba89e03691aafd1be539cebf5f00eceb755d7f9723f866c6c,train,maps/0776023.npy
776026,Random,lot46104,d2fb291f5b977fe82f634fa04c4e2bdef7f960ff75ff3a01ad2855a693dae702,train,maps/0776026.npy
776044,Random,lot46105,86e5f5d6e21b8672be40b28dee4f8bca062834e0ddfd9aa86023c4a673ffde26,train,maps/0776044.npy
776046,Random,lot46105,60877d9e514be07931d38abab43e21a6556283651170269417dd6b2a78f16e5e,train,maps/0776046.npy
776178,none,lot46111,56f043bd66c7e45917cc6744ea998b1330b9c82c81d1f09eeee9eb7029134a49,train,maps/0776178.npy
776334,Edge-Loc,lot46117,012cacc2bd4de5f90131ffd2c1d642ef8668f42a25065d9d562d275a41f70f23,train,maps/0776334.npy
776349,Edge-Loc,lot46117,342b887235313530dc73f7d4b32da80749636449eb92a7b3bd7566c229aff4cc,train,maps/0776349.npy
776406,Edge-Loc,lot46120,1f14f5e70898a03441e8435e738d20fff3197b5272d3cb8fa05e2e4b28f588af,train,maps/0776406.npy
776421,Edge-Loc,lot46120,4c6772895aea2ddcfc215f8cae6430898c22630df5530f2971dc4e3d4a3a57cb,train,maps/0776421.npy
776451,Scratch,lot46122,aa97b53671e87b34826d0bbaa5a94be233d34cc344e95f8fc02f353f789ec49b,train,maps/0776451.npy
776507,none,lot46124,fc3e6726d47125191ff22c9d022de74c36676b7014b226c4639a7fd223b628ce,test,maps/0776507.npy
776520,Loc,lot46124,c9e8facca1605ed8112f4cb603b71bfea93de26b76de5f2e102ee1724c7f3d4e,test,maps/0776520.npy
776605,none,lot46128,6d665fe1ab1ce16d47bd08c1c2bf66703f716b4191e85343ddd580ae99e1f031,train,maps/0776605.npy
776652,Scratch,lot46130,1b2f4863db2db16502687049a4515074d46fa7755af58feca39325124f4c39f2,test,maps/0776652.npy
776671,Scratch,lot46130,464d074ecae21c9635644c60471b458d49c7d025130b10d18bb90f857578e96a,test,maps/0776671.npy
776723,none,lot46132,97d652bb2772f9734cdb1ce83d0c9dfbcfd5dabe4c3253e7679d7a8150b52446,validation,maps/0776723.npy
776914,none,lot46140,b32b93fe542047ac71f4a4f0c0327f2f65c2cbd732bea437cf5713bea6d784ed,validation,maps/0776914.npy
777035,Scratch,lot46145,523d207fda385c962fb560a3bbd323bc2c4de24cc19cde4d07bac99672d3b2e3,validation,maps/0777035.npy
777090,Edge-Loc,lot46147,8b098a08e5d3d827b0bdc85ca7a55ebfa8303429ac45196a2a18adc347fd3578,train,maps/0777090.npy
777280,Loc,lot46155,97c4f07ca60cd581cd2e047915deace17e0ca9820c97552d015e8a9952dd885d,train,maps/0777280.npy
777535,Loc,lot46165,8ac181fedede61a793d3dea8150932386d511fb750aab1fe708fb16af3fe9854,train,maps/0777535.npy
777548,Scratch,lot46166,78e68a766dc3d01cfb40774184a42b20dbf53cc681d4b1c52b3bcfc76e4eafa8,train,maps/0777548.npy
777600,none,lot46168,323ad716765864e4e7b3db640b27a903c779c5def8008d31fcf8bef337279f8b,validation,maps/0777600.npy
777757,Loc,lot46174,c6681861478b7b77df609ed4e7397602f3478d3105e9117040ef36a506ccd7f3,train,maps/0777757.npy
777813,Scratch,lot46177,298e0e7c2a21aefafa80b43bfc3abdf3e58f6d612cb22101151bb624e63ae987,train,maps/0777813.npy
777853,none,lot46178,6e85b77c79cf20fc411748f52f3fbca002efd1b16efc6a37b9feb5d4981c8a67,test,maps/0777853.npy
777900,none,lot46180,af6fa2def654cb7b50d93850d2ce33a22db2086427af821b2dfb28597eec8e1d,train,maps/0777900.npy
777958,Scratch,lot46182,105b0dc1aff245e32ee5f12cb3ef4e632734325c664ef840a9d946fa80fe4291,train,maps/0777958.npy
778135,none,lot46190,ae67c09fe65b5b7b4cfb24dbd7f91b9d25cb9e29c6156e151995642b8076605c,train,maps/0778135.npy
778152,none,lot46190,92563190f396b1e09fb0c200d8cd73e9c44b06b4fb03c5ab3b79934092f5fdd6,train,maps/0778152.npy
778156,none,lot46190,5cde714f52a3c9a6200115c25b81a9806fbdb8dc0c5b23bc3889f279710f0e3f,train,maps/0778156.npy
778340,Scratch,lot46198,6206788eb23af2208756bb1ee46967a37258a9863c63c6754a92a6faf12f0cf9,test,maps/0778340.npy
778344,none,lot46198,a8d17d543086729d360ae3204b031d071c5ff69b26630fe1fc37faddc4e9f9c1,test,maps/0778344.npy
778402,Scratch,lot46201,bdfcf3d202eca471f8a7534d3af3df6fd6a3c4f7f13cfad555ca8e7a5d6c260d,test,maps/0778402.npy
778647,Scratch,lot46211,d1e9569f38361f79ba7a9ad6cb0ae28e27127ffcc8d4a63a169a1ee139b26ae3,train,maps/0778647.npy
778691,Scratch,lot46212,bd6f969e72e0299ba1b1e31f020889e8a2c0feb845891eb2657183f325731683,test,maps/0778691.npy
778884,none,lot46221,6f3f09c6c89c5e6b247c717e7fe52d98e6df9876d23e61bf8e198b4b622f0e09,train,maps/0778884.npy
779033,none,lot46227,67dd1fc592b871e216473b68ce21123a5b7d621d6f0a58193c188a47622163f1,train,maps/0779033.npy
779184,none,lot46233,9ad5d70acbd3f61f5428f3238a40c1331a19f19e3227fb162fa6d1021a75d730,train,maps/0779184.npy
779342,none,lot46239,5b43b6e6bc6020215046dd709446a0107dd54f9625db13d30114da5f059ff6a2,validation,maps/0779342.npy
779543,none,lot46247,dc691a5d24ae69c442f084f9ad45010b614772ffd95a35e3d07f5ec2fd059463,train,maps/0779543.npy
779615,Scratch,lot46250,571667d3ec5928ca73db423524f7be349695d9112aa35043e48139911e39495f,validation,maps/0779615.npy
779627,Edge-Loc,lot46251,1dd67c1b32cf8eefc50fd7a4df63208eabe37beef4af243646dfa0155021b8eb,train,maps/0779627.npy
779836,Scratch,lot46259,f4c5097c8e3814257f3876b0387a04e1c1fa055f37f647cb104baa25d1d6d683,train,maps/0779836.npy
779866,Edge-Loc,lot46260,96ae7400935f05cd6cd0b28b8848063bf710a97b33898b4f1daf2896bc7f77c8,train,maps/0779866.npy
779923,Scratch,lot46262,91e1550a98790772b283cd4b0677b5c6abef3cd622b17ebc6d159d7725dcf07c,test,maps/0779923.npy
780101,Scratch,lot46270,e81bd0cf8df11475c856d89540a751a1296b1157f4ee8327149398a6983f8537,train,maps/0780101.npy
780106,Scratch,lot46270,beb67aa20ca5a4d29c4e8eec22c973d07c9128a76f0fc786db4ef57f2751ac1a,train,maps/0780106.npy
780316,none,lot46278,a10ef300af1fa009504435189aaad0a692ef3ecb01f7275a5cf585874fd058b4,train,maps/0780316.npy
780531,Edge-Loc,lot46287,1042005b7450e45ab285157d47464621ba66b4d0a2b84c8fbe47839b199a5dae,test,maps/0780531.npy
780638,none,lot46291,461a588e0428a3de337f1a8d5cde288b9a74d46df9b0e607c39ad9890e801d80,train,maps/0780638.npy
780683,none,lot46293,396be8e4b6e8b171fbd046640d7d4ab33d5c6d90588e85fc74dc42094fd63d57,train,maps/0780683.npy
780712,Edge-Loc,lot46294,bb1ce68122a11d4091a1191ca8a7856d5c0848ca5ffccb66d0edd4a6b71e3a9d,train,maps/0780712.npy
780979,Scratch,lot46305,6faf41f470dd8c210c86a18bcd9e808e2f9874d39bfbbe527c2dd1de96cbd198,train,maps/0780979.npy
781019,Loc,lot46306,e445ea3ded1476bd655a7761c800ba074c18060d07653b416a712e7ef87c2543,test,maps/0781019.npy
781026,Scratch,lot46307,53aae019b7ca764de06fd62f444152abd26993284886775941131b125d368e15,validation,maps/0781026.npy
781033,Center,lot46307,bd2d93e79d52ec3e66d1bed35b32fe2738da9b912308e9b5311d9dcdcc3bd43d,validation,maps/0781033.npy
781133,Scratch,lot46311,6f5f796f1e882879f48b140b7a3c3184b269861ca0a0cf41575e433a6113bfe2,train,maps/0781133.npy
781188,Loc,lot46313,6e516ad6e83cedbfd6f91ab8ebb91ce04477fdef1a866dc768b1df4a1b28ab0f,train,maps/0781188.npy
781236,Scratch,lot46315,0ff08a0bf55a53cdf1a4df535a14609de06ffb29fb73abce5b786ceeff637624,train,maps/0781236.npy
781388,none,lot46321,df8793af9c8a73060fd2448a6c5d35aa91a50e48e4f2efd3479f5aefe78e6101,train,maps/0781388.npy
781498,Scratch,lot46326,91753427610a75cdd8d65e8764e5297ca07c809155d24c3562adb0c2ca6d5c34,validation,maps/0781498.npy
781568,none,lot46328,ac8949ccfbe555fd25e68d45a91bf0f8832b8b425a7d7ea9ca83d08066d1d046,train,maps/0781568.npy
781669,none,lot46332,32f60744f63aa31d2b176d2e531c2da98cd48d7964b717641dc767beca97c07d,train,maps/0781669.npy
781866,Loc,lot46340,8bbb19040be5719c654e222ff71b88ff7326603342353e4a8665e1568bd525fb,validation,maps/0781866.npy
781918,Loc,lot46342,333334d63b7da1246e2b1452ee1e4ab9cc31950191f4261b1daea8196fba94d0,train,maps/0781918.npy
781925,none,lot46343,b3bb5fe96d7b17940fd2d7ed33f1c5f291437a7e9760eb06c9c0a81c0c83474b,train,maps/0781925.npy
782040,none,lot46347,8f6c9b7e6e7d3923586fefc93b0fa77bcc3282456f31bd244176bc9c8b6a3bde,validation,maps/0782040.npy
782048,none,lot46348,51f401a61005c5968db66ca03d70d864a1434d9a8534d28aa6e6fab0da68d0b9,test,maps/0782048.npy
782152,none,lot46352,df7a97e5efcc704f013e0942ea587cea09443eb53bb72465fdb7c9ef1c1bc265,train,maps/0782152.npy
782299,none,lot46358,0d5d360ca164c53126fec3643e88920708b559f4fe750ffd706d486856dd4ec9,train,maps/0782299.npy
782473,none,lot46365,0af474576fe029fd9e1474ef48f2b7823ffd018b175f67134a88c05bd1988620,train,maps/0782473.npy
782516,Edge-Loc,lot46367,157f4b36fa188f951e6d198f35a54dc015cdfb2873d6c3eff5d57edc62e5b9d0,train,maps/0782516.npy
782576,Scratch,lot46369,4c6bfdac44a538b1162d97eb8c11b413127d8c53a281dcc6f00d1fc865c67983,validation,maps/0782576.npy
782753,Donut,lot46376,38cc4e3168626e0f18f478ced4bbbd1cf512ddbbcc51d6d7958056fd2239e439,train,maps/0782753.npy
782771,Scratch,lot46377,c0bbede4f6adccd34e209a9605c53d9940afe5b9946cc969f463d614a50701ef,validation,maps/0782771.npy
782873,Random,lot46381,3478d13e6b051413baa00758bce619419544af96ac1fb04dcb763329824bda83,train,maps/0782873.npy
782891,Loc,lot46382,8688e8e8749d17c79e8452e053cf2be53d28de735d19bd56af3b943e7b0e8d29,test,maps/0782891.npy
782920,Edge-Loc,lot46383,f1c59cdeb13eb4fa756d0326b38b604bf8487d128bd1a61eb9b91f87e84704cc,train,maps/0782920.npy
782928,none,lot46383,e1498355d5676827950be8917a3ce44b218647568993442a88e7c156701fc0c7,train,maps/0782928.npy
782961,Scratch,lot46385,8233a2fec23624d085145420fdc764f6e9ff7d332987ae629df82d2b2358d8f0,test,maps/0782961.npy
783159,none,lot46393,8ef4b4bba8ab2a2ceb73de21c28f07b5011ff6d933ed6451756ca3b2a6ef776e,train,maps/0783159.npy
783281,none,lot46398,b5941aa1b8b8aad3c2c13dc8a804aa8429404ed88c0829a065a08eb87a041858,train,maps/0783281.npy
783339,Scratch,lot46400,0a2c0488b29bcb1e336a9c65e013416ec4954a59262ff060794356dba380996c,validation,maps/0783339.npy
783582,none,lot46410,a0e1fa1c8236d4c32d0a350e662cdaaa2a7e3b22db4f5e052919928aa97fc8fe,train,maps/0783582.npy
783778,Edge-Loc,lot46418,2fd0a7a8461f3f1f750ee72dbaba213315c45c68fe61f77aa1760457836c6dd4,validation,maps/0783778.npy
783952,none,lot46425,325131748ed7ee1ef999757fcde7fe1706ad8983b6177f1ef593d9bea86957c2,validation,maps/0783952.npy
784411,none,lot46444,1824f2c933ddcb8e6b6be53134eaad839b6363a78b2b90a9c3f377c91ba76f5c,train,maps/0784411.npy
784574,none,lot46451,d2dc7d380235530a84b3684a16233dd87cf23ef7bb0d0ca33e5235343a0718b3,train,maps/0784574.npy
784712,none,lot46456,ebbeae4304cace04e99bdcce767ee7d75716a6a45b99d01adefcfa4fe94d2eee,validation,maps/0784712.npy
784973,none,lot46467,e3231c5484571e9c57e0b20f274cac281898b1e0a7266c514efcecafbb61729f,validation,maps/0784973.npy
785237,none,lot46477,52f1a57af9293a564a579fd3f2dc6ab641572d3fa9031a334f145f6ee60eca27,validation,maps/0785237.npy
785611,none,lot46492,c42a8978c32317b28cda015682ebcf4e668061ffa76e2b40d484d5137dc21cb3,train,maps/0785611.npy
785759,Near-full,lot46498,f9bc0025228de9635fb65f16a49b9c6637ea58b83fdad84042578661a47631dc,train,maps/0785759.npy
785836,none,lot46501,41e99519d8d0080dd2af03e8ac58f5aa33f8ac039b515554d9f4eb270aa5d7d9,validation,maps/0785836.npy
785955,Near-full,lot46506,d4bcdcb1a0882f27ac7f4be568a6db2fb446a4e23d4ec6fdbb45d2d3341385b3,train,maps/0785955.npy
785991,Loc,lot46507,1e21a6f110d362f749971a92e7a25ae7be62a482ae86a4115bdbe3f29219f43a,train,maps/0785991.npy
786181,none,lot46515,ca2434514a26d6248a8c8ce853cc2febc9a1f1aa559452a090542a45a88b13bd,train,maps/0786181.npy
786339,none,lot46521,111ebc5a22bcd028900849139f14b099dceb0a832830bdc57d010689a9f32452,test,maps/0786339.npy
786522,Loc,lot46529,4be248c96b3fdbfc9ef11fe737bb19e1339d642e30f0a54acc4f5f289a7b8ffb,train,maps/0786522.npy
786780,Scratch,lot46539,a5adf6946f0020e824bc6f3fbfae52a0a8a80ee1e0361b5ecde4930d087946f7,train,maps/0786780.npy
786860,none,lot46542,cf783f34f0962310c1f5ce0d64293895d6b1afb7f6e64292d22f2db2a1641927,validation,maps/0786860.npy
786991,none,lot46548,fc64c5a74c51189f6d4a21524ad92943f1ca966a9de333abbf9f32082c594e5a,test,maps/0786991.npy
786999,none,lot46548,236f5bcf18766166b66827693797ac053f1030c6367c8ac3de4c11d84a73d184,test,maps/0786999.npy
787023,none,lot46549,489039ea8e99a8ac099bcb127e9434c29c0a24636eb605431a0c3aa198427e6a,test,maps/0787023.npy
787064,Edge-Loc,lot46550,375660c62cfa5859b15edc3db7848bb2181ff7cbfffab5c57e0c0d475c266a70,validation,maps/0787064.npy
787274,none,lot46559,68904187dea4441222fe2b5708c586a078940ac1e34647b89df6e2cc284fb3cd,validation,maps/0787274.npy
787285,Scratch,lot46559,f7c47e0c34b309b331b5e416cacc069caed47e8fb20da10f3b6eed3ccee32433,validation,maps/0787285.npy
787327,Edge-Loc,lot46561,7a88eafa3e92034c815a07363795a435989aa3f8251db9705578ee5bd50bec20,validation,maps/0787327.npy
787351,none,lot46562,a6ceda1d54ec0f8c441d221e5e3fb33001df473041abd9354e8fe21282f226df,train,maps/0787351.npy
787391,none,lot46565,3e0cfe4c50fc0b1043297185d2cb0c9bddea85f53133d9f949b848592671c082,train,maps/0787391.npy
787592,none,lot46573,98da1d40a7a28c5d0ad33726fede9a268446afa831b5a66e6f7f4809a632a5b5,test,maps/0787592.npy
787665,Scratch,lot46575,c38ea4425311aa528f557fded6e5d4fe5575c2ce1d1c1c2c237d9b31429ede37,validation,maps/0787665.npy
787739,Edge-Loc,lot46578,b68bf9df1aa33f61343437f79fa821eacb1fe2dfc1381591d93523f047c8bea8,train,maps/0787739.npy
787833,Edge-Loc,lot46582,0de1e17963fe22a8d60573b2131e4b2119ec55586ffc9f8051682f31d8a6908f,test,maps/0787833.npy
787836,none,lot46582,4f2738bb7c22cf2823984aab172e1be0ba15664276ab02715308b4bdfdf138d2,test,maps/0787836.npy
787868,none,lot46584,8062e7bf372605f4c910c528f7d8158fa1e2fa7c5b795af637fe1eef45df550f,train,maps/0787868.npy
788013,none,lot46589,95af17f6a1e62763c9b167b3569376af280d0f8fcc8194890d3d2cdd8f59f3ef,train,maps/0788013.npy
788253,Loc,lot46599,68ee7c5954f4864fff05fcc28fd883af47bc0a50c6ad02f2d48349fa1e6433db,test,maps/0788253.npy
788331,Edge-Ring,lot46602,6703c55b9e2ab5448203fa5a23729c6d638987e4b545ee06be2067daa0fb5436,test,maps/0788331.npy
788332,Edge-Ring,lot46602,f031a56c91da34cc97b79cbde10793f9fdb94f255222d92b46ee380f74ba309b,test,maps/0788332.npy
788338,Edge-Loc,lot46602,8bb368efda8b9b0055a3b22d8cb19a22ac65a4305ee96864b775c0890a44a6f8,test,maps/0788338.npy
788453,Scratch,lot46607,26731eec9f6f0eba3ec2901dc4656697ca10e1056f8612f6874d9979916fec0e,test,maps/0788453.npy
788469,none,lot46608,800eca12130ada0af29b2361c984d2950f25ae1720703ade672d0873317380d4,train,maps/0788469.npy
788675,Scratch,lot46616,77ac187b6ed2ae38eb078ddb05bd7e9f593e3e07b78e441e78ffd3d4c652efdb,test,maps/0788675.npy
788706,Scratch,lot46617,cd2b4e8296cac50bd43a98ee5857e0e7e4ff8cb72ef42f1450056b2dc27a63bf,validation,maps/0788706.npy
788757,none,lot46619,979d124ead5ff9add69e412bf1fa92c71f95f8178821752840781ac1a6e75225,train,maps/0788757.npy
789145,Loc,lot46635,edfc1fc6356c2ef3f633c75b2a67e0cf135b00b2c97e0c8259d796625b2e14cf,validation,maps/0789145.npy
789237,none,lot46638,043f60ec59050f27772de78c1318d3e9a3a976fdb13b793090402d89c0d05b57,train,maps/0789237.npy
789330,Loc,lot46642,b81a3a668fcd74efd6affa6b649876506981827444255d2797252cdfa562b2cc,test,maps/0789330.npy
789498,Scratch,lot46649,a834da6aa5d21b43f82f98c6c8f94ba557a59a8e6d9da2e2fb12599a1f594889,validation,maps/0789498.npy
789606,Loc,lot46653,a02d170e2b5b03cc9f932781c41c0266998ce728553f62c76d8ee1bd434c0a1a,test,maps/0789606.npy
789739,Scratch,lot46659,d46985512d9caec9abb651220dfb830a2081cab7d298ae812fa45c213890b80b,validation,maps/0789739.npy
789802,none,lot46661,4f6cc86ab378c0de2c74afb555467baded7355257e2c83ad600c265c8f5385bb,train,maps/0789802.npy
789919,none,lot46666,254f53f990c4d538dbfb6b763127b704564c6fa08c5f653f9af978bcbe10717c,validation,maps/0789919.npy
789966,Loc,lot46668,dc0ad9442272aa54a037717e21cfe55b7b8b9b178359192b7b4645b471dde595,train,maps/0789966.npy
790020,Loc,lot46670,c356dbee39b218b0271d1146e1d5711def5d6438caafc847a7c4930de523dacc,train,maps/0790020.npy
790061,Scratch,lot46671,a19898c230ca39a0e0e67e8fca8c91f125b5f23fe85c09f2e7c1d22805afa82d,validation,maps/0790061.npy
790152,Loc,lot46675,fccd0863c90eeab8ca9cfcfb574aa8090bfdee2b508c8f82c2eef936042ffed9,validation,maps/0790152.npy
790203,Scratch,lot46677,f6b0dc93cfccd73511c9d5a30472a2a2239519b22b97cd448e0d3902a7db13d5,test,maps/0790203.npy
790210,none,lot46677,2620df966ab8cddf39504a40dace89efeb18ea6f78a9fab29c0c198dc8cded23,test,maps/0790210.npy
790266,Scratch,lot46680,7d0dabefbc01566c182a1e612522e7642772fd3705c32a3c8f48f75d8ba5be04,train,maps/0790266.npy
790399,none,lot46686,b1914fa242d919e3f890d004148ade74e0adada940bf21d5e8e9ee24daa8dc34,train,maps/0790399.npy
791005,Loc,lot46711,883a5b4f3e96da65c61867861408b5bfac4c304ba25277ff21da66f4264d3f6f,validation,maps/0791005.npy
791228,Scratch,lot46720,0f240af918a05c6f8399002bd48dadc89263726d14dec75b1826a8f4fbfb6da3,train,maps/0791228.npy
791433,Loc,lot46728,c60c56ffaf6c028c297e2832a58e95207779d0745c2d50961c1c96a970306268,test,maps/0791433.npy
791571,Edge-Loc,lot46734,408a66889cc25fd858e902b77416b49c4831363e68b41d9d72b1c71182b53705,train,maps/0791571.npy
791844,Edge-Loc,lot46745,0cc902b959ff9b47c1d99564e777a62ff3befdce9d7db1f14bea3dbfe40d6bfa,train,maps/0791844.npy
791885,Edge-Loc,lot46747,3fa5a2dab02a8875d3c59f4e9f9b1fbdb7ee6b1c5bb45ff0469b42f3f7f3bd5f,validation,maps/0791885.npy
792150,Loc,lot46757,2ef97fa57b3058882bb23d4935956d283aad6c5713ccdbd2069e3ad0bcfebaf8,train,maps/0792150.npy
792415,none,lot46768,6e2d8bb166084daabeff577339137d4c7b092dc2e882d541a2de61c07b877c18,train,maps/0792415.npy
792506,Edge-Loc,lot46772,702eb8b8a7d56f5648ef68eb58da5eed7233420c704ad80af992ed8d89b931e1,validation,maps/0792506.npy
792713,Scratch,lot46780,d71a63b1c250872dcebac61f4a193973cc5ea207a33c290009b03f864b14b857,test,maps/0792713.npy
792746,Loc,lot46782,15a6b3f5eebc8108a94d6759b10213173918d99c4d7fe15a839fab1be756e51a,test,maps/0792746.npy
792749,Scratch,lot46782,6fdf30c629f62d050f9815255a6082893e34050149cc371b1f6426a14dfac1a7,test,maps/0792749.npy
792820,Edge-Loc,lot46785,c814e4732aedbaf9389187da0bc73ce1c034a4e4ad67f6bdb5ded6fda8a0de68,train,maps/0792820.npy
793010,none,lot46792,9cddf34e5ec0c36279c1a0f85509accab45fbaecdc8b9367bd6228ca10beab8d,train,maps/0793010.npy
793078,Scratch,lot46795,cacd3d0d17ddf7991dd8184d91bf19439380f2933ce394b94814f0247cf2aca9,train,maps/0793078.npy
793532,Edge-Loc,lot46813,253b656fa960b2e09ea92c78e5631f4afe8bc17086a1fe72e6fcfe8519731aa7,train,maps/0793532.npy
793537,Edge-Loc,lot46813,d9372c9dc3826f358f2523b9d047d59e580e6c12ac2fa4ebc7311e13fc21a906,train,maps/0793537.npy
793740,Scratch,lot46821,62b84931082af5b1db48427701516f69a9f0bd5bfc4c4d81f3dc2a46e97a63fa,validation,maps/0793740.npy
793781,Edge-Ring,lot46823,4c5ba6347428ee6bafbe2e3d4ac0aea461f8f26d8df892c8b9180138fe7a2d10,train,maps/0793781.npy
793797,Edge-Loc,lot46824,16f63f1a75a5a2ef0e04d5c0839eb827756ab12095c7ecaa07efe420d3e0cd83,train,maps/0793797.npy
794067,Scratch,lot46835,0e7d32697050fc1b24f1abe4f75966b175036a2f6b9755b2106983aa2e3f621b,train,maps/0794067.npy
794205,Near-full,lot46840,4d0a5ffc55cacbb5de318ab2af97f5d6e8d352e08647d8b1d809b3ad3a61d8c5,train,maps/0794205.npy
794373,none,lot46847,3852a011c1fa86fc3fc5dd78e205d58bc4014d5bc0929f0cba640c40c9a21668,validation,maps/0794373.npy
794534,Scratch,lot46853,117402fb27ac422b2102d0ce76892e9d0497afc4a514f630bdbf32105244bab0,train,maps/0794534.npy
794642,Random,lot46858,238129856130e475dd78caab1e1c9fa2da0a6cdcf577711349129a6e655ade65,validation,maps/0794642.npy
794652,Edge-Loc,lot46858,a2d6aa0fd57cc43f45716b696ba4a91d8cadfb4c809c951c49957338778f0ae9,validation,maps/0794652.npy
794671,none,lot46859,a192590c8e60bac0fbfd6c55197d00dfa65fc47a4e91c485661f69721663cf23,validation,maps/0794671.npy
794837,Loc,lot46866,c0a957e10662d8f0b4069865996ea5550a1b206b16b9822bbad6aee093a67788,validation,maps/0794837.npy
794936,Random,lot46870,813b5250b41fc7fe27cbc86df871cf6a753e9c5855df95c98a7e2660364b151e,train,maps/0794936.npy
794993,Random,lot46872,c77be1de02bf993ca9a5d02e02654d6faf35f888ed81df17f175ffc8a778a4c5,validation,maps/0794993.npy
795244,Scratch,lot46883,6b2e1c78dc047fbf17d49fabe4cd14a7741ddcb4a94cb1d58930d363fd7e8945,test,maps/0795244.npy
795589,Edge-Loc,lot46897,001f207719285930471cfda42b0178c126287b9ef83008a13a4b255918300297,test,maps/0795589.npy
795929,none,lot46910,95223c6fc800739a578bd81d6374aa042f90878047b6a0077d261971af5883a3,train,maps/0795929.npy
795930,Edge-Loc,lot46910,aabc652a8086e92a53d1b5213b5fe567541802cfffb83f4548d62c95b66797d5,train,maps/0795930.npy
795972,Edge-Loc,lot46912,0af81845b6fe9276c01e245aea4a6905a9634b3de31e1b55c9092256110952b1,validation,maps/0795972.npy
795973,Scratch,lot46912,1d4fb910d0221cfc4abe115bc5a7b18cd8322f2c9a2c68159dbc594e631686b5,validation,maps/0795973.npy
796188,Loc,lot46921,05eeac610955b7a6778f0f97482b7fc31b2224604cc6df0a5f1f9a11a755ef65,test,maps/0796188.npy
796318,none,lot46926,6353e9b439e01364b7c88f326a4db0fe94034b7d58f40e8df87af1c96fb4f52c,validation,maps/0796318.npy
796322,Edge-Loc,lot46926,5bd6f4fa0c23f68d171d15fa211b15bbb8cb0de7dc250a760c139474913d5021,validation,maps/0796322.npy
796407,none,lot46929,1cde061c02cbcb4ced69b68b0ed741c1a4b71c37746261e6ec427312d8bd6f38,test,maps/0796407.npy
796527,none,lot46934,793818e3ac5ad2e0e4fee50e2a9256a7e3a01953bbb1486ef4db04dbd7bb24dc,train,maps/0796527.npy
796631,Edge-Ring,lot46938,cd9cf0a1f4ffc6c652830c3fcfeeed63c821c4163cc790c4b2fd22c918dd9e0b,train,maps/0796631.npy
796883,none,lot46948,77abed87904072adcf0efdf4f02a6df7c21b4bff56c7f096b5664fd30f1daa37,train,maps/0796883.npy
796988,Edge-Loc,lot46953,a21522e1bd2ce6c21cce8f94130c6512ed7d53da285cf61d471599de24e73c83,train,maps/0796988.npy
797079,Scratch,lot46956,b64eb761e72ff7f2ce6ca1a915b116d6a0672fc05514112e607f8a721e829f1b,train,maps/0797079.npy
797094,Edge-Loc,lot46957,929e21aa0514c9dae03a58af4d4cda8d3e5baeede6e4a064cf156ef9b67986fc,validation,maps/0797094.npy
797294,Loc,lot46965,bd61d2f0ea04f961080bea65d9e05e869d305953c944d5fda9f69fa795dd4bf8,train,maps/0797294.npy
797319,Loc,lot46966,c83743d4cd5f0191361c9cdb5d0da9e11b393227bdbbf7fd860180a32cb0686d,train,maps/0797319.npy
797392,Edge-Loc,lot46969,865ede92ac77712b983767b3d8d7511e8447891e917fcb58a47f250c094bb662,test,maps/0797392.npy
797452,Scratch,lot46972,ad91cef5d325ecad38456ceeb6ac415ee2f9a433e6b4c628cadee6f4cad72b37,train,maps/0797452.npy
797458,none,lot46972,4dc078719f2d0cb2c134a5a105eb1bcb5833ff8025814025e82f2d21f8575ab2,train,maps/0797458.npy
797840,none,lot46987,15f30c3e31b6838c86000c8bed3ce0b0da8ad352adc175215b475eeb567c8444,train,maps/0797840.npy
798098,Edge-Loc,lot46999,d49ff68e71ec12786fdcbc9c903bf81f8ac839ddfdc8c28966dddac208bd24b0,train,maps/0798098.npy
798201,Near-full,lot47003,1b51d205d4140bc037a268f9581f08ccc10b061c9119bf17a4e0b87a9c3f5346,test,maps/0798201.npy
798215,none,lot47003,96a3477c2940222572e8a69e649a228a9b4b3770a1696ef03413003ed0130a89,test,maps/0798215.npy
798224,none,lot47004,87c64a24afd23debe6d15e36ac77f6091a0047858a8f962e2a0fba0cb25c16cf,train,maps/0798224.npy
798249,Loc,lot47005,91262bdf2f5cc4b09af4c50d57735213f4fd21868e8e5b5f98deab065be36e93,train,maps/0798249.npy
798369,none,lot47009,1d80f776539a648fc01dbb09003b7bcd79a23761b9e30237b23ad682caf66252,validation,maps/0798369.npy
798381,Scratch,lot47010,80c48d001fccfa17293838a7147a8174dbb5e83762b229d703bc9185e2f1f8f2,train,maps/0798381.npy
798408,Loc,lot47011,7428a1b66b319c64b763e6eb17eac433255d93198b4e46eac37a1b4a2a8e724d,train,maps/0798408.npy
798582,Edge-Loc,lot47018,875179c5552cb0ceed4183af5fd70c158dd3e044ee1ea9ee1035df8f1a322a25,train,maps/0798582.npy
798788,none,lot47026,99c443d8b278fecdbbe2ab443eb1225f4a9a0deb06881746414179835426ea0c,train,maps/0798788.npy
799326,none,lot47048,ba5421031cd52af743321346f0b5058f962430196e3e52614e56a20b916b8d06,validation,maps/0799326.npy
799329,Scratch,lot47048,c1e552494a2ece400b141abc6db39a232cf6dc80266ec150bca7783ce9bd5ab5,validation,maps/0799329.npy
799435,Scratch,lot47052,90d2cb764904e6d6fed38dc6a2db1ef476ec1f97e419ee006a6022851bc67930,test,maps/0799435.npy
799470,Random,lot47054,ef611cd55e07bcf1ad2b6f421e9ef0640aacfeb075b5eda372ec3458dab372d5,test,maps/0799470.npy
799474,Loc,lot47054,a421ecdeb6ab66e57acf59ec7cda2a39d2fe8c2819d2c1dec48cadca921d3fa8,test,maps/0799474.npy
799495,Scratch,lot47055,e94e73e054f0e0188b8c31dd799c67a8dfc7d8e89f493fcb7c727f74f61b2dfa,train,maps/0799495.npy
799596,Scratch,lot47059,81bf3968a6be0b3a082b7e63f9c7ba9c053fe57500ad6577044dc9cefa3be223,validation,maps/0799596.npy
799920,Loc,lot47072,913d1af53a18b30faa34bff9f243bf541824a402de889790ac5ca848c7d0c753,train,maps/0799920.npy
800188,none,lot47082,eec0d70377b0cdf380f19b928b7865fd5a2d8ae382bdb6d9ea3710c0b959738b,train,maps/0800188.npy
800275,Scratch,lot47086,729e58b0518ee480857feac2087c1089721aa25b16237717dc39284e01f9d0ec,train,maps/0800275.npy
800321,Scratch,lot47088,43c5d0f074eb7333b8610e4ffe49975665ff4414562c92d4f565ea4d5c1e2bb2,train,maps/0800321.npy
800436,Scratch,lot47092,b60041048145d16e750199d92de8adb7717e3a11be46c3dbb1d7822ab3a36997,train,maps/0800436.npy
800704,Scratch,lot47103,25a63cb497d6cae21901a18801cea3848fbfcf18fb76322d1110c16650854304,train,maps/0800704.npy
800769,Scratch,lot47106,087d86dc6d67f37affd1c5874c35d915c57e093e7574f10dc97f7fd1f009e986,train,maps/0800769.npy
800874,none,lot47110,2e41a57d5fad082d663b45a90da410187f25d10ae74ad65bf34845289d87e305,train,maps/0800874.npy
800986,Donut,lot47115,392de1e46db0eff485cc14227742c730f10477659c57cdc504af82738ab5fc08,train,maps/0800986.npy
801030,Edge-Loc,lot47117,d0ec1c6033cbfd2b224a08091c1401f9f84b8c373e535e632c42e7fa26f06acc,validation,maps/0801030.npy
801042,Scratch,lot47118,b698127883deaed09535b57bfb9e1d76a0ab024bb9a20c13ae81d90ad8109a0c,test,maps/0801042.npy
801122,Scratch,lot47121,2c588578a5e3b2dd9ae4971ee452bfd4cb8079b835b402f068cb0060e0c4337b,test,maps/0801122.npy
801141,Scratch,lot47122,7c3e2b252bb6eb8bca1d4b2065af94a175359c56bb59d38ad87f273c065f1be4,train,maps/0801141.npy
801342,Loc,lot47130,aad172a7924b399e24aa1fcb48bfe312f5d3a1558f8df74877f901ce38450b0e,validation,maps/0801342.npy
801403,Scratch,lot47132,deece035844c96cf5795e43cec771840f4f670b9b6410708978b1aa1dc37c405,validation,maps/0801403.npy
801455,Scratch,lot47134,88e2e9e23710f085ded5241198e91f5f47390ab46e40b5728bb5b1ef6a836132,train,maps/0801455.npy
801714,Loc,lot47145,82b278bfc0fb00c93064bf5690b81cbdce6a5acd7b70c13f22a957b0a74641a3,test,maps/0801714.npy
801807,Scratch,lot47149,77a4232c57f1a4b3121358be755271a74e1afea430de1d7020d95a0c54ee9c16,validation,maps/0801807.npy
801912,Edge-Loc,lot47153,7b30cc8ca739dbc21149a119d0e731469cfd8abf67e658391b340f41abe433b9,train,maps/0801912.npy
802058,Edge-Loc,lot47159,5a1f7f02be7ced94af6516518c7fbbc722c722cf0251b753df2f3f3de78a4e0b,validation,maps/0802058.npy
802091,none,lot47160,a248b27657a345520fb6fd62998a6e50e15d9d8780c9fd6a00a15a8870443426,train,maps/0802091.npy
802095,Scratch,lot47160,15d37c7d5482d14d5af2026c02dd1144f4e6d76defd99518fb31f2611aa1f281,train,maps/0802095.npy
802395,Near-full,lot47172,77b7dd8e2f009eae668180cc5b6464e1e6f3450d24b2550c05d1ce9e2a5559d0,train,maps/0802395.npy
802418,Loc,lot47173,a0966a5f1fe4211f33801835b402e309988259c5d51608e6e45b7b77dad2d5b3,train,maps/0802418.npy
802445,Edge-Loc,lot47174,a10e95d3bc0427fd21ea9cb7e29e23ce7a575279a444187e8882d99f5a22cc60,test,maps/0802445.npy
802531,Scratch,lot47178,75a8604622bf01448b4620ea1c80b4da5fe561b1f8c6e33c4b678ab7c1f3aaf2,validation,maps/0802531.npy
802580,Near-full,lot47180,cf56ccd2a89d91506a35cc7ed0ef74e35ee3a0e4d34fe56810b943f70520afd2,train,maps/0802580.npy
802771,Scratch,lot47189,9774151391a4d3172e44306b6f0fa2bccb3ff2e58232fd35aec4f9cdcd164798,train,maps/0802771.npy
802798,Scratch,lot47190,0382bf9ecb1d44e063ccf8a20445d2557ac525acb729e7df6cbab4cb44968d12,test,maps/0802798.npy
802891,Scratch,lot47194,c27a49aeb364ef6166b3ef18d6d426d13d3cc4f1df0a6856d9b9f74f609f680f,train,maps/0802891.npy
803201,Loc,lot47206,c56c9ebf4a9c653b2c2ce427d1c1353f9280090be43381350a5205e68c34e981,train,maps/0803201.npy
803230,none,lot47207,fdd939f7c3a5059d813a30e7d14fa79fbb98044066493a16250a0cce43b04153,train,maps/0803230.npy
803446,Near-full,lot47216,7b3896931ba7cd87c515b95dbf78d5671806ef17e24995c1c030cc94a0b45fff,train,maps/0803446.npy
803674,none,lot47225,cbbde38f3f458c0732dec955f8f6092915c5cb7cdf28006c55524c55991ed958,test,maps/0803674.npy
803727,none,lot47228,ae0c11fd7dd2087ddf997e0aaa2ba9cc4404142855554400fad935c1e42ea8e7,train,maps/0803727.npy
803766,Center,lot47229,b35bc7947951e850996347f9bc3b21d5defb486fe9e9db74246d08a249553095,validation,maps/0803766.npy
803913,none,lot47235,03d81f7b9266e3a7b707300122218841bf9f528b787231afa51f2729881fe7b9,train,maps/0803913.npy
803917,Scratch,lot47235,cb780bfc7805780ce1bf88a87288f303a4c98890d285262ae42a61cc544854cb,train,maps/0803917.npy
803937,Near-full,lot47236,089d220388cae423adad0b5794f61d4544283b2acce62c5cedb265cf72def370,train,maps/0803937.npy
804003,Random,lot47239,c18df87fedab1694b5e04ebac73f51c22f5a828bfa8d230abd262fcc9110e0a1,validation,maps/0804003.npy
804061,none,lot47241,29e192000fd030d7f804c37eeda310358fed2283c32dc73112655186b938e257,train,maps/0804061.npy
804420,Loc,lot47255,abf72cff9daaa8b9eb84e4fe7347493f406fe887149291228167c57a4ef583bf,train,maps/0804420.npy
804485,Near-full,lot47258,1c4b895369c819b2cbc6d3f0c27d600850b05746800d85cf1d1e394da836a068,test,maps/0804485.npy
804553,Loc,lot47261,238fa2fda38cbd7e98a739c4c69cae9791338a66ca710fa1654614de87eeee36,train,maps/0804553.npy
804663,none,lot47265,f71324b2d98ceda2cede332822d5a16315880a257d23c7e7893e3b91a3f50f11,train,maps/0804663.npy
804674,Scratch,lot47265,0166c0b1ab3e42938833bf99f554f1e51713a28bf01338466b1dc42b1617b042,train,maps/0804674.npy
804688,Edge-Loc,lot47266,adc3a7921d731668142e311aa3cd91d04f808361a830058e8c870596467a1746,train,maps/0804688.npy
804699,none,lot47266,707e2e2973639601ef3c7a7b43cde72026a20fb8a191b9e30ec31a8eb90368fe,train,maps/0804699.npy
804770,Scratch,lot47269,e11db97cabf1bb791886272959ad0e76bdc103857129780c694d2287aa4885ec,train,maps/0804770.npy
804851,Loc,lot47273,6192e5ba8cfb572f2b498a7d68569e003e749daa773710b97b62ac6d4273ca22,train,maps/0804851.npy
804895,Loc,lot47274,17e404482e78d8e44486fedb48e95eb2d967c67b88ff1b2c62c226adfc78f7c0,validation,maps/0804895.npy
804963,Scratch,lot47277,344883efd7b0369cdafea6c2ea0a64573486c92c32e09ca89f3f19e3a2d58a2a,train,maps/0804963.npy
804978,Scratch,lot47278,3197b7e54e995a7e9db3d8b05abe9aa2364260c8f735205494ca78c9ca627a95,train,maps/0804978.npy
805050,none,lot47281,c758c1a0672a46937d0ae8cb312dd084e4f1a7691ee0ce951b2445a33c63c399,test,maps/0805050.npy
805084,Scratch,lot47282,774676b1b82f0b16619df1264b1e4e88dff4baccfc2b72917d73bf9ab8dad5bd,train,maps/0805084.npy
805199,Center,lot47286,73bf5e76822ed58e4521328005312ef6cd2adc25fb89951dabb004d1709b1cd6,validation,maps/0805199.npy
805294,none,lot47290,70953a8c86f044a531b6344fcb30a8b65135e56ca4672f13460e27f3be99df22,train,maps/0805294.npy
805384,Loc,lot47294,9f71a2bf1b3437ac7c30598062c9054c27fc93d42d1255bed9e2abd8ee56c763,test,maps/0805384.npy
805473,Scratch,lot47297,4d798b3c1e32babdc23c10f13368bf06052b612712451d9ce50b80cf825707f9,train,maps/0805473.npy
805567,Loc,lot47302,03023a1974b3e92f252b12358adfed5ea61375c56bb07841a5ce401118ba598d,train,maps/0805567.npy
805616,Scratch,lot47304,d89650001e0d5596f088ab609e69c986eb5a314f2be902d3fd18735a059768dd,train,maps/0805616.npy
805654,none,lot47305,fe9d279e88b5fd17a5e3aeae9284c1b6b1482d7521341553f82d41df325a273c,validation,maps/0805654.npy
805730,none,lot47308,cf33354a0084e3082bb2a3745a978eb9a18368212d2da1af476eb8c3564c159d,validation,maps/0805730.npy
805907,Center,lot47316,e72e084fd9f76b2b2fe9b7e746d9ca813ddf75ceae38a93945bf6a48724d5d38,validation,maps/0805907.npy
805942,none,lot47317,12fd5896903bc16305fb5e3610638d9a0ebd8b62808395b96f98d41bcfef731f,test,maps/0805942.npy
806050,Scratch,lot47321,1985258456bc223157bddb1594d34aaa30dd54580e5a9c3bf782d2a2212ef12d,train,maps/0806050.npy
806056,none,lot47321,1d55d0d96df4ab34f905ed653a840e8b37170027a899dc1731d9f8b584934060,train,maps/0806056.npy
806174,Edge-Loc,lot47326,548c453608e9727ccf9241fde13d26ef38cd5edd94a0b91b8bbda81d94e25512,train,maps/0806174.npy
806182,Edge-Loc,lot47327,a40b0ab2ffbf43ec35f9c69fff15158957f3d40b32004d84dfb063d1f1962b03,train,maps/0806182.npy
806217,Scratch,lot47328,e8b2bcab661c8511ec9d703ba8373751c5d833369ddeca2d6121f63ccc74c060,train,maps/0806217.npy
806261,none,lot47330,83ab85d132c4c862de96ee3377aa603e8b2c41594d0d4517b74acfe2238cd228,test,maps/0806261.npy
806408,Random,lot47336,e671f7ebb97fe587aa833159fa15bf98b9ef6cbfdfaf286c3042ceab26680af1,train,maps/0806408.npy
806444,none,lot47337,ac78b9c1e7419c77c113e975707edbfe82441657848d7766a813419e590fc4ae,train,maps/0806444.npy
806454,Edge-Loc,lot47337,e6c2936959495e0b72aa8b855a972fea8942064270f017fd7a60cf047563fca9,train,maps/0806454.npy
806478,none,lot47338,43208094c04cc56a31e5ab3f9a5ab369ea97e0477531a1c4bb6ca89d1d3cd854,train,maps/0806478.npy
806527,Scratch,lot47340,e57cd5bc42663fe175ccf53c2b7b907203660c1faf67dbde91b9a93ca8c7d8c3,train,maps/0806527.npy
806734,Center,lot47349,44c835ae2b7d0f0ad3c4ae346191a44cef288fdca52b8b6ba467d4b46ef76652,test,maps/0806734.npy
806860,Loc,lot47354,3cde5f7ca550b719be08f132294bbd0d6626a64736dd4a834de31abc7b7da07f,train,maps/0806860.npy
806869,Edge-Loc,lot47354,7a8c0c6b1c665672ff942e3c56cd11635d5c6158750e743aca812e6a48265b86,train,maps/0806869.npy
806914,Scratch,lot47356,3bc1da126c9cd1dd836c0e49fa2696cf45ad5f2786e622c1564fb01ddfebb11b,train,maps/0806914.npy
807057,Scratch,lot47362,7ba34dde9c34e3170666152739eff6af100d87aa7bdb488b90faf3cb499b5893,train,maps/0807057.npy
807101,Scratch,lot47363,bd1f0eb142c3134518fea900df090954daafde774a884c177a8f47ec85f98ba5,train,maps/0807101.npy
807162,none,lot47366,e859a9057c295d6ff84144547e9e32de07c06cedb8f38bd6b41a63415833bcab,train,maps/0807162.npy
807259,Center,lot47370,2727b8f047f12b87a6807edf61575950202cbc5521fb31c56ed47dcdaa91a0b5,train,maps/0807259.npy
807279,Edge-Ring,lot47370,837f98f119d846603657d9d6c3129b0882bb1c79f84e1fb5831455893dcd6112,train,maps/0807279.npy
807317,Edge-Loc,lot47372,8bc073c3a2fbe3f0c9d9299ca14ec23967e4ca04b6e92df02b8fa94bae5a1c29,train,maps/0807317.npy
807333,Loc,lot47373,d4988a99e97fcf6f0a20f9070c598755ad49458223e189b858b218adc3bd8e8e,test,maps/0807333.npy
807401,Loc,lot47375,25ee68b7046579e0ca859829c176b166dbd6ea4a7e041c066bb63d9891dbf5a2,test,maps/0807401.npy
807462,Center,lot47378,94fed29f23ca30f5cec133742fb2df592dcfe6017abbb64223a499207f29d619,train,maps/0807462.npy
807708,Random,lot47388,b7a87149019cd2f18a2b8aaa5b7edfa89ed3b992f6609d6015ba8d3ddbacca09,test,maps/0807708.npy
807834,none,lot47393,bac3b554c801a69c27e64b7cef2bfedad10a9f5a84faade35d61428e70175baf,validation,maps/0807834.npy
807855,Scratch,lot47393,aa221a95cdb17c64e0649d1bae8778bf49a05beb7ef963f6c83ad322eb98d9b4,validation,maps/0807855.npy
808161,Near-full,lot47406,42da308956b546ae2df6e77659cc3c726708cfa1b63284a92f9d3504f69d6f80,train,maps/0808161.npy
808164,none,lot47406,659809185e5ee61006c8e8d2504a56bb72eebc6e2874c2530fba94e2658cb542,train,maps/0808164.npy
808270,Center,lot47410,1d6d7df4665a066a1fca326cf956f7cabb38dc073317b2492a153783a29d33f1,train,maps/0808270.npy
808333,Scratch,lot47413,78941537cbc3d0f846e76248eda0f354fa335795e48b0862746500c2f89dbb62,validation,maps/0808333.npy
808443,none,lot47417,220a318b3daf493fef876d5a038c1f5881708ddf17ab239de34e34fe3bc5c0fe,validation,maps/0808443.npy
808650,Scratch,lot47425,2e908ddb6f3b7371fc34f50d17064bb5133f76f1641a4ac17c0474fea9ba8546,validation,maps/0808650.npy
808812,Scratch,lot47432,a6fac9abe7a5e55ff21fbe7026ae2f7ab5f669a719f9278ddb7c8a833d1ae88a,test,maps/0808812.npy
808830,Loc,lot47433,8be0377b405116fd693fb34c5d0e4da20bdaf2c76be43ca1b48ff5098eaeac17,test,maps/0808830.npy
809008,Near-full,lot47440,d0ca6dbfe2da43c04f1daff97ec269a26bb762f7de6408f01afdca5426292bbf,train,maps/0809008.npy
809041,Center,lot47441,9b9d12d2d9d2cdcd152e1f683c201920e0b63b723f52194c27b98aa15664f2bc,train,maps/0809041.npy
809106,Near-full,lot47444,ee35affa8d968cc76801017beb90c9176dd4bea72ec6f4aad494dfbb2aac4ed1,test,maps/0809106.npy
809154,Loc,lot47446,7fbe37758be5901c2e75d8b0b20f8868e220d9d8a3ad906ab4a9d8fd669f7c24,test,maps/0809154.npy
809157,Near-full,lot47446,ea34263c48e993aa7a0f0e03c579cffec13f7c81eca34a36dd7cc8ae5a7ec460,test,maps/0809157.npy
809163,Center,lot47446,8340e88097538935652218458ae0990e0a7987bb145f0d414b2f772176a4d807,test,maps/0809163.npy
809326,Edge-Loc,lot47453,78b2b735939d797f0bc235cceea52f275de6764f462ff8bcb57bc7668607310d,train,maps/0809326.npy
809328,Loc,lot47453,a8cd03b72d7c9105f38b693e28da4d1315600ff0a929f66079f6c4db178440b5,train,maps/0809328.npy
809507,Scratch,lot47460,98cdda8b8fecc16cf51420ec4c70de6f12eba1c9f0231eb132730b7fb9fe11fc,train,maps/0809507.npy
809513,Loc,lot47460,2eeb3ef81536a0a53b23d7714a5180b2adec3e83568223a171bafecf3407fed7,train,maps/0809513.npy
809594,none,lot47463,5082fef604795e6b3641a15ac4f87d82705405aaed43e1e3973748740750dc7d,train,maps/0809594.npy
809600,Scratch,lot47464,37b72625ffbe6608675d84674b1c022b24a066b024f71fd69221be0ab821e33e,train,maps/0809600.npy
809651,Edge-Loc,lot47466,93aefe103bda7dc8fe466e098643426420847a19c693735806e11e2017972b43,test,maps/0809651.npy
809655,Edge-Loc,lot47466,20944389527df3e452021538543cd0a4de8e4c3774621f4e92605228062a4f94,test,maps/0809655.npy
809662,Edge-Loc,lot47466,78def530500981f08475eb9edcf939eb61cdb8fb1d4fbe539cb7499e1c11ecb8,test,maps/0809662.npy
809701,Center,lot47468,c358f3195402bf59872dbee3b08acb5084b7e8484bce760de0e90afea9658b47,test,maps/0809701.npy
809702,Edge-Loc,lot47468,8f350f7d1a292b60b9fd902a84e562aa36088d005ee18afbd96675f9ab47522e,test,maps/0809702.npy
809714,Edge-Loc,lot47468,e2ddf0038e51a97725efeae847b9ab355d6edd39a879b215fc19126e8f89a3db,test,maps/0809714.npy
809773,Center,lot47470,2993099d210cf99c5ce591a114c0dfc9222ec20b58cfa4e5fcc65a41838729a5,train,maps/0809773.npy
809775,Donut,lot47471,6d162d5f4dd0006ce9cb98aaf5515ffd0f53efcca1b1156ed960f8e522b96c65,validation,maps/0809775.npy
809781,Loc,lot47471,af71a11e1dd3d02a648804c99c9628d3edc8e1d7da23dd16f8ff2c278da478ed,validation,maps/0809781.npy
809785,Loc,lot47471,50add3b659251605c4a43d8c1f5d6fb45e1054fb6de78c63fbd07cfd89f6bf63,validation,maps/0809785.npy
809789,Loc,lot47471,82e0f273696d5e2b5a7e12adc646b2e4d971245ca3324cc470dd3d4964c04f58,validation,maps/0809789.npy
809878,none,lot47476,23c796b8202762aaf9580fe178607f2751e97b42046eaebd6614f58d7f3b4e2d,validation,maps/0809878.npy
809885,Edge-Loc,lot47476,3e9b50243ece4f018ef6840994d705f449aee6977bdbf3b631808f5b21ab0cc0,validation,maps/0809885.npy
809955,Edge-Loc,lot47480,46a8b82eec2a9746c98a54fa8d90c465bd6d541db87d36453992a28c4d6913a5,test,maps/0809955.npy
809956,none,lot47480,67f529c51b1cf79069b8e0f4531ebf407e2a044c9c73c4220416130184be9e59,test,maps/0809956.npy
809992,Center,lot47481,dd5318c513cc6ae302ac5414626065e9e198f27435e6c8977229046fbecee4a6,train,maps/0809992.npy
810038,Loc,lot47484,8860823945375e391ef461fe3b8e7ffbe078fe10f401efc82d113f2ad57bf1a9,train,maps/0810038.npy
810071,Scratch,lot47485,be485f8ec0cbf09d74cf4356713099bd3273f0a626959a78053a1fb08fe3f5bc,train,maps/0810071.npy
810073,Near-full,lot47486,0e2436ff847888181fac94f29fc3d69cde3bb4eafe113bf68922a1fdb8385405,test,maps/0810073.npy
810091,Scratch,lot47486,da6dc0f8c9519a6c443f07aec9a9f117b96ff4fea19f60283dea4d0a08b1a271,test,maps/0810091.npy
810123,Scratch,lot47488,e944d3ddb4249149e7aaa9cfb7815c5972ac93a7b505639d14c705f460a2fa4f,train,maps/0810123.npy
810124,Edge-Loc,lot47488,0d826319a7728c02cb1fc7409114dd4d8e708cd3b15954e845b75adaf503d137,train,maps/0810124.npy
810163,Scratch,lot47489,6f43ed3e57767ac02155efa7d3190d38436ff98432ac732a93e81456349f0872,test,maps/0810163.npy
810196,Scratch,lot47490,1e6660038d92e646cc8f72e94418e5145c5f44db7ccaaa6f71a21eddca944193,train,maps/0810196.npy
810206,Scratch,lot47491,2535427ae3dfd98842f2e6c13405dfd12005518b6af31383eb17aeda25af47d9,train,maps/0810206.npy
810229,Random,lot47492,6368b6cda2843f345e8abd7477f7741e050b140b75ed65e2ce7f32a53bb89e7d,train,maps/0810229.npy
810301,Scratch,lot47495,a3398387ba49a1ecd668f3b69e323b7f53705f0b5e6b85e97f5b3dcc1c99bec9,test,maps/0810301.npy
810308,Center,lot47495,771380b087ba2f49877e4ef0028b385e103f3aec9013e9bce7926ee876b47b0e,test,maps/0810308.npy
810351,Loc,lot47497,86f04d4ddc6b58ba7bfaee7cdfece8321d59e5d1718a9963900df3887d56d207,validation,maps/0810351.npy
810354,Random,lot47497,0d787e55e4a5f6fafb8110e2f2d726d883eea02c18787432caf3d4a6c0c7a9a4,validation,maps/0810354.npy
810366,Loc,lot47497,c15154e8522ed6120d710cc04f9dee257c13ba3229895d8e6442882ee1304986,validation,maps/0810366.npy
810407,Near-full,lot47499,d2b727e9172622d7a36a042bb0f41c662712db8ea4d196f423f45049bf3c1d52,train,maps/0810407.npy
810481,Scratch,lot47502,71a943d80e166dd76d0962b9399a6c1337a059f4ce93da577025f75933210435,train,maps/0810481.npy
810586,Loc,lot47506,829e70c2da69341bb64f90cb13f432c7b17da4c5df5f2ac8ff5877fa092eb6b1,train,maps/0810586.npy
810604,Center,lot47507,8724da228649c302a68d5267c54048d45ab86dcfede4b952eb09ff6c72006755,train,maps/0810604.npy
810626,Edge-Loc,lot47508,29ea80731897db0a63a58893d359c77f269222c04265298dcc5c9c9e530329af,test,maps/0810626.npy
810634,Edge-Ring,lot47508,07f00ebba95dd623b3560d220a8b0ece37035c8e5344559c185f77de5d235e4d,test,maps/0810634.npy
810635,Edge-Ring,lot47508,c9bb5ea71b6c74cd1578b721bfa24e33e25d49c598958a542d22e186e107fc31,test,maps/0810635.npy
810650,Edge-Loc,lot47509,54f88312d30b8399632ea2556411bd4e758d5ea1726a74a446da696ed0017253,validation,maps/0810650.npy
810697,Edge-Ring,lot47510,2df2cd324351c4f524628b4dc6688029d401870520d03246fe6835130b287082,train,maps/0810697.npy
810727,Scratch,lot47512,c6ff3febf32d857e731858f2f7a15b1716d578d498dac3872504822312db1967,train,maps/0810727.npy
810760,none,lot47513,abe00ba12bf699739b4d112bda64f2034914e9eb25cf67e7aff5b490d1de5670,train,maps/0810760.npy
810787,none,lot47514,85da514e28a8707a4a1b79438247cdf77c817fdd96ae6dccbd34b0b688acae19,train,maps/0810787.npy
810827,Edge-Loc,lot47516,021b1d1f9fff53062ee19bf6ae59c1cf9edc814d5d67ec1441fe81cc64234b82,train,maps/0810827.npy
810829,Edge-Loc,lot47516,433fdda55ceb985a687f2f686645a115bb706c683c318442ef7f3912edf79e22,train,maps/0810829.npy
810832,Random,lot47517,2ddfaef2693929484e02271d8a5f242743438d3037cc7ef15c88b0e89174b5e3,validation,maps/0810832.npy
810836,Random,lot47517,639227eb50260609c3816a05283c8ec455aa81c8f4f76b8c3cd172364345f98b,validation,maps/0810836.npy
810841,Loc,lot47517,761905ec6e2bdf7b0ce5350a2ac96d78af29c70fc8233533a0d250dfbe81122d,validation,maps/0810841.npy
810843,Loc,lot47517,a9527ee52fe991ec90fcdbe9339842966397a9779c2ae4ae65bb36ad7b28f02b,validation,maps/0810843.npy
810871,Edge-Loc,lot47518,2d1685c3c849520063e46dba21a6ed898a59376b0e2596b1171a5662ee49cc82,test,maps/0810871.npy
810979,Near-full,lot47523,24c51d94a931318af972255a85a2667b83c64d278f085273dcfd07a14146b456,train,maps/0810979.npy
811018,Scratch,lot47524,5acca8fff5979a88705f646081f41a0e713d54c5a32fcf06479f76baddb4e514,train,maps/0811018.npy
811074,Edge-Ring,lot47527,09b99dff6250b5952fc4aede85b951693edc1b98e44bb28f3c4827b6f0eaa352,validation,maps/0811074.npy
811133,none,lot47530,fe75ad11c8bfea029a8673d5402e0b9dbef459159ff8c258ae86c259b8bd0b0d,validation,maps/0811133.npy
811235,Edge-Loc,lot47534,dd4112e93c0d92574665e61ecd221d4f66fafd9d1e9d55981c899551dd8137a8,train,maps/0811235.npy
811253,Edge-Loc,lot47534,89011ce375ce1a18ed1cd0620ec9eaaaa1814a7023883708c0ddc26a840475eb,train,maps/0811253.npy
811362,Scratch,lot47539,b9306fdc64c05c492e2873a0595c6f3d75ae5ea639b93b74de40714431fb985f,train,maps/0811362.npy
811365,Scratch,lot47539,47a27fd22f636fcabf1e2763c9a88b2dabf85e8169275303462dddb8100f1740,train,maps/0811365.npy
811423,Scratch,lot47541,b7d7ed972d9abd50e801d3f7a7a8c8cd86d320aef869ed3cd794133670c89076,train,maps/0811423.npy
811446,Edge-Loc,lot47542,b3984e4bdcefcdd745cdd6718193dd1c70b07bb4395a1f9258a571f03f0e79a6,test,maps/0811446.npy
811447,Edge-Loc,lot47542,3404deb26426dd2c510f7bcd7420f711519a6d90681bc3c365632baeafa1c8c0,test,maps/0811447.npy
