source_index,split,model,true_label,predicted_label
599,fresh_audit,selected,Scratch,Scratch
700,fresh_audit,selected,none,none
787,fresh_audit,selected,Edge-Loc,Loc
893,fresh_audit,selected,Center,Center
1213,fresh_audit,selected,none,none
1221,fresh_audit,selected,none,none
1874,fresh_audit,selected,none,none
4173,fresh_audit,selected,Edge-Loc,Edge-Loc
4233,fresh_audit,selected,Random,Random
4596,fresh_audit,selected,Scratch,Scratch
4853,fresh_audit,selected,none,none
5313,fresh_audit,selected,Edge-Loc,Loc
5315,fresh_audit,selected,Loc,Loc
5321,fresh_audit,selected,none,none
5548,fresh_audit,selected,Loc,Random
5713,fresh_audit,selected,none,none
6085,fresh_audit,selected,Edge-Ring,Edge-Ring
6257,fresh_audit,selected,none,none
6273,fresh_audit,selected,Edge-Loc,Loc
6304,fresh_audit,selected,none,none
6572,fresh_audit,selected,none,none
7626,fresh_audit,selected,Edge-Loc,Edge-Loc
7849,fresh_audit,selected,Scratch,Scratch
8206,fresh_audit,selected,Edge-Ring,Edge-Ring
8554,fresh_audit,selected,Edge-Loc,Edge-Loc
10906,fresh_audit,selected,Edge-Ring,Edge-Ring
10917,fresh_audit,selected,Scratch,Scratch
11928,fresh_audit,selected,Loc,Loc
12027,fresh_audit,selected,Loc,Loc
12990,fresh_audit,selected,Edge-Loc,Edge-Loc
14176,fresh_audit,selected,Edge-Ring,Edge-Ring
14177,fresh_audit,selected,Edge-Ring,Edge-Ring
14184,fresh_audit,selected,Edge-Ring,Edge-Ring
14186,fresh_audit,selected,Edge-Ring,Edge-Ring
14187,fresh_audit,selected,Edge-Ring,Edge-Ring
14188,fresh_audit,selected,Edge-Ring,Edge-Ring
14190,fresh_audit,selected,Edge-Ring,Edge-Ring
14193,fresh_audit,selected,Edge-Ring,Edge-Ring
14194,fresh_audit,selected,Edge-Ring,Edge-Ring
14196,fresh_audit,selected,Edge-Ring,Edge-Ring
14197,fresh_audit,selected,Edge-Ring,Edge-Ring
14528,fresh_audit,selected,Edge-Loc,Edge-Loc
16297,fresh_audit,selected,Edge-Ring,Edge-Ring
18230,fresh_audit,selected,Edge-Loc,Edge-Loc
21103,fresh_audit,selected,Edge-Ring,Edge-Ring
21104,fresh_audit,selected,Edge-Ring,Edge-Ring
21105,fresh_audit,selected,Edge-Ring,Edge-Ring
21107,fresh_audit,selected,Edge-Ring,Edge-Ring
21110,fresh_audit,selected,Edge-Ring,Edge-Ring
21112,fresh_audit,selected,Edge-Ring,Edge-Ring
21114,fresh_audit,selected,Edge-Ring,Edge-Ring
21116,fresh_audit,selected,Edge-Ring,Edge-Ring
21117,fresh_audit,selected,Edge-Ring,Edge-Ring
21118,fresh_audit,selected,Edge-Ring,Edge-Ring
21119,fresh_audit,selected,Edge-Ring,Edge-Ring
21120,fresh_audit,selected,Edge-Ring,Edge-Ring
21124,fresh_audit,selected,Edge-Ring,Edge-Ring
22068,fresh_audit,selected,Scratch,Scratch
22274,fresh_audit,selected,Scratch,Scratch
22869,fresh_audit,selected,Edge-Loc,Loc
24701,fresh_audit,selected,Edge-Ring,Edge-Ring
30235,fresh_audit,selected,Edge-Ring,Edge-Ring
31094,fresh_audit,selected,Edge-Ring,Edge-Ring
31095,fresh_audit,selected,Edge-Ring,Edge-Ring
31101,fresh_audit,selected,Edge-Ring,Edge-Ring
40799,fresh_audit,selected,Edge-Loc,Edge-Loc
40805,fresh_audit,selected,Edge-Loc,Edge-Loc
43936,fresh_audit,selected,Edge-Ring,Edge-Ring
44520,fresh_audit,selected,Edge-Loc,Edge-Loc
44695,fresh_audit,selected,Edge-Loc,Edge-Loc
45127,fresh_audit,selected,Loc,Loc
45767,fresh_audit,selected,Edge-Loc,Edge-Loc
45787,fresh_audit,selected,Edge-Loc,Edge-Loc
48789,fresh_audit,selected,Scratch,Scratch
51393,fresh_audit,selected,Edge-Loc,Edge-Loc
51455,fresh_audit,selected,Edge-Loc,Edge-Loc
54330,fresh_audit,selected,Edge-Loc,Loc
57722,fresh_audit,selected,Loc,Loc
57731,fresh_audit,selected,Edge-Loc,Edge-Loc
58542,fresh_audit,selected,Edge-Loc,Edge-Loc
58557,fresh_audit,selected,Edge-Loc,Edge-Loc
61044,fresh_audit,selected,Edge-Loc,Edge-Loc
62798,fresh_audit,selected,Edge-Loc,Edge-Loc
62800,fresh_audit,selected,Edge-Loc,Edge-Loc
62802,fresh_audit,selected,Edge-Loc,Edge-Loc
63219,fresh_audit,selected,Edge-Loc,Edge-Loc
64655,fresh_audit,selected,Edge-Ring,Edge-Ring
66672,fresh_audit,selected,Loc,Loc
66673,fresh_audit,selected,Loc,Loc
67349,fresh_audit,selected,Loc,Loc
68488,fresh_audit,selected,Edge-Loc,Edge-Loc
70149,fresh_audit,selected,Loc,Edge-Loc
71509,fresh_audit,selected,Edge-Loc,Edge-Loc
71791,fresh_audit,selected,Edge-Loc,Edge-Loc
71938,fresh_audit,selected,Edge-Loc,Edge-Loc
72032,fresh_audit,selected,Edge-Loc,Edge-Loc
72052,fresh_audit,selected,Edge-Loc,Edge-Loc
72154,fresh_audit,selected,Edge-Loc,Edge-Loc
72287,fresh_audit,selected,Edge-Loc,Edge-Loc
75099,fresh_audit,selected,Edge-Ring,Edge-Ring
75188,fresh_audit,selected,Loc,Loc
79205,fresh_audit,selected,Edge-Loc,Edge-Loc
80008,fresh_audit,selected,Edge-Loc,Edge-Loc
80009,fresh_audit,selected,Edge-Loc,Edge-Loc
80022,fresh_audit,selected,Edge-Loc,Edge-Loc
80249,fresh_audit,selected,Edge-Loc,Edge-Loc
81423,fresh_audit,selected,Loc,Loc
83369,fresh_audit,selected,Edge-Loc,Edge-Loc
84487,fresh_audit,selected,Edge-Loc,Edge-Loc
84914,fresh_audit,selected,Center,Center
85058,fresh_audit,selected,Edge-Ring,Edge-Ring
85216,fresh_audit,selected,Center,Center
85221,fresh_audit,selected,Edge-Loc,Edge-Loc
85343,fresh_audit,selected,Center,Center
85907,fresh_audit,selected,Edge-Loc,Edge-Loc
85932,fresh_audit,selected,Edge-Loc,Edge-Loc
86065,fresh_audit,selected,Edge-Loc,Edge-Loc
86428,fresh_audit,selected,Center,Center
86744,fresh_audit,selected,Edge-Loc,Edge-Loc
87428,fresh_audit,selected,Edge-Loc,Edge-Loc
90026,fresh_audit,selected,Edge-Loc,Edge-Loc
101929,fresh_audit,selected,Scratch,Scratch
103352,fresh_audit,selected,Loc,Loc
108668,fresh_audit,selected,Edge-Ring,Edge-Ring
108793,fresh_audit,selected,Loc,Loc
108803,fresh_audit,selected,Loc,Loc
108809,fresh_audit,selected,Loc,Loc
111811,fresh_audit,selected,Center,Center
111816,fresh_audit,selected,Center,Center
112008,fresh_audit,selected,Center,Center
117651,fresh_audit,selected,Center,Center
117652,fresh_audit,selected,Center,Center
117653,fresh_audit,selected,Center,Center
117654,fresh_audit,selected,Center,Center
117655,fresh_audit,selected,Center,Center
117663,fresh_audit,selected,Edge-Loc,Edge-Loc
117682,fresh_audit,selected,Center,Center
118812,fresh_audit,selected,Edge-Loc,Edge-Loc
118986,fresh_audit,selected,Loc,Loc
121573,fresh_audit,selected,Center,Center
124909,fresh_audit,selected,Edge-Ring,Edge-Ring
134806,fresh_audit,selected,Loc,Loc
135849,fresh_audit,selected,Edge-Ring,Edge-Ring
135855,fresh_audit,selected,Edge-Ring,Edge-Ring
141173,fresh_audit,selected,Edge-Ring,Edge-Ring
141174,fresh_audit,selected,Edge-Ring,Edge-Ring
141175,fresh_audit,selected,Edge-Ring,Edge-Ring
141177,fresh_audit,selected,Edge-Ring,Edge-Ring
141178,fresh_audit,selected,Edge-Ring,Edge-Ring
141180,fresh_audit,selected,Edge-Ring,Edge-Ring
141182,fresh_audit,selected,Edge-Ring,Edge-Ring
141183,fresh_audit,selected,Edge-Ring,Edge-Ring
141188,fresh_audit,selected,Edge-Ring,Edge-Ring
141190,fresh_audit,selected,Edge-Ring,Edge-Ring
141197,fresh_audit,selected,Edge-Ring,Edge-Ring
141473,fresh_audit,selected,Loc,Loc
142571,fresh_audit,selected,Center,Center
144053,fresh_audit,selected,Edge-Loc,Edge-Loc
145753,fresh_audit,selected,Loc,Loc
149388,fresh_audit,selected,Center,Center
149392,fresh_audit,selected,Center,Center
150499,fresh_audit,selected,Center,Center
151464,fresh_audit,selected,Center,Center
151831,fresh_audit,selected,Loc,Loc
153630,fresh_audit,selected,Center,Center
159554,fresh_audit,selected,Center,Center
161208,fresh_audit,selected,Center,Center
164102,fresh_audit,selected,Scratch,Scratch
165671,fresh_audit,selected,Edge-Loc,Edge-Loc
169800,fresh_audit,selected,Center,Center
169818,fresh_audit,selected,Center,Center
173339,fresh_audit,selected,Random,Random
175002,fresh_audit,selected,Scratch,Scratch
175255,fresh_audit,selected,Loc,Loc
177754,fresh_audit,selected,Scratch,Scratch
180771,fresh_audit,selected,Scratch,Scratch
181416,fresh_audit,selected,Center,Center
186023,fresh_audit,selected,Edge-Loc,Edge-Loc
187539,fresh_audit,selected,Center,Center
187543,fresh_audit,selected,Center,Center
190290,fresh_audit,selected,Center,Center
195365,fresh_audit,selected,Edge-Ring,Edge-Ring
195367,fresh_audit,selected,Edge-Ring,Scratch
200269,fresh_audit,selected,Edge-Ring,Edge-Ring
200270,fresh_audit,selected,Edge-Ring,Edge-Ring
200271,fresh_audit,selected,Edge-Ring,Edge-Ring
200272,fresh_audit,selected,Edge-Ring,Edge-Ring
200273,fresh_audit,selected,Edge-Ring,Edge-Ring
200274,fresh_audit,selected,Edge-Ring,Edge-Ring
200275,fresh_audit,selected,Edge-Ring,Edge-Ring
201253,fresh_audit,selected,Edge-Loc,Edge-Loc
201255,fresh_audit,selected,Edge-Loc,Edge-Loc
203568,fresh_audit,selected,Edge-Loc,Edge-Loc
205847,fresh_audit,selected,Edge-Loc,Edge-Loc
206683,fresh_audit,selected,Edge-Ring,Edge-Ring
216237,fresh_audit,selected,Edge-Ring,Edge-Ring
216238,fresh_audit,selected,Edge-Ring,Edge-Ring
216239,fresh_audit,selected,Edge-Ring,Edge-Ring
216240,fresh_audit,selected,Edge-Ring,Edge-Ring
216242,fresh_audit,selected,Edge-Ring,Edge-Ring
216245,fresh_audit,selected,Edge-Ring,Edge-Ring
216250,fresh_audit,selected,Edge-Ring,Edge-Ring
216252,fresh_audit,selected,Edge-Ring,Edge-Ring
216254,fresh_audit,selected,Edge-Ring,Edge-Ring
216260,fresh_audit,selected,Edge-Ring,Edge-Ring
216741,fresh_audit,selected,Edge-Ring,Edge-Ring
216744,fresh_audit,selected,Edge-Ring,Edge-Ring
216745,fresh_audit,selected,Edge-Ring,Edge-Ring
216746,fresh_audit,selected,Edge-Ring,Edge-Ring
216747,fresh_audit,selected,Edge-Ring,Edge-Ring
216751,fresh_audit,selected,Edge-Ring,Edge-Ring
216753,fresh_audit,selected,Edge-Ring,Edge-Ring
216754,fresh_audit,selected,Edge-Ring,Edge-Ring
216763,fresh_audit,selected,Edge-Ring,Edge-Ring
216765,fresh_audit,selected,Edge-Ring,Edge-Ring
217233,fresh_audit,selected,Edge-Loc,Edge-Loc
219898,fresh_audit,selected,Edge-Loc,Edge-Loc
221330,fresh_audit,selected,Edge-Ring,Edge-Ring
221334,fresh_audit,selected,Edge-Ring,Edge-Ring
221337,fresh_audit,selected,Edge-Ring,Edge-Ring
221340,fresh_audit,selected,Edge-Ring,Edge-Ring
221341,fresh_audit,selected,Edge-Ring,Edge-Ring
221342,fresh_audit,selected,Edge-Ring,Edge-Ring
221345,fresh_audit,selected,Edge-Ring,Edge-Ring
221346,fresh_audit,selected,Edge-Ring,Edge-Ring
221347,fresh_audit,selected,Edge-Ring,Edge-Ring
221351,fresh_audit,selected,Edge-Ring,Edge-Ring
223204,fresh_audit,selected,Loc,Loc
226890,fresh_audit,selected,Edge-Ring,Edge-Ring
226892,fresh_audit,selected,Edge-Ring,Edge-Ring
226896,fresh_audit,selected,Edge-Ring,Edge-Ring
226897,fresh_audit,selected,Edge-Ring,Edge-Ring
229327,fresh_audit,selected,Scratch,Scratch
231478,fresh_audit,selected,Edge-Loc,Edge-Loc
238112,fresh_audit,selected,Edge-Ring,Edge-Ring
238114,fresh_audit,selected,Edge-Ring,Edge-Ring
238116,fresh_audit,selected,Edge-Ring,Edge-Ring
238119,fresh_audit,selected,Edge-Ring,Edge-Ring
238120,fresh_audit,selected,Edge-Ring,Edge-Ring
238121,fresh_audit,selected,Edge-Ring,Edge-Ring
238122,fresh_audit,selected,Edge-Ring,Edge-Ring
238124,fresh_audit,selected,Edge-Ring,Edge-Ring
238127,fresh_audit,selected,Edge-Ring,Edge-Ring
238129,fresh_audit,selected,Edge-Ring,Edge-Ring
238130,fresh_audit,selected,Edge-Ring,Edge-Ring
238132,fresh_audit,selected,Edge-Ring,Edge-Ring
242475,fresh_audit,selected,none,Scratch
243211,fresh_audit,selected,Random,Random
243470,fresh_audit,selected,Edge-Ring,Edge-Ring
244586,fresh_audit,selected,none,none
245447,fresh_audit,selected,Scratch,Scratch
251895,fresh_audit,selected,none,Center
253351,fresh_audit,selected,Edge-Loc,Edge-Loc
253401,fresh_audit,selected,none,Edge-Loc
255183,fresh_audit,selected,Center,Center
255186,fresh_audit,selected,Center,Center
255187,fresh_audit,selected,Center,Center
255188,fresh_audit,selected,Center,Center
256083,fresh_audit,selected,Edge-Loc,Edge-Loc
256084,fresh_audit,selected,Edge-Loc,Edge-Loc
256086,fresh_audit,selected,Edge-Loc,Edge-Loc
256089,fresh_audit,selected,Edge-Loc,Edge-Loc
256094,fresh_audit,selected,Edge-Loc,Edge-Loc
256843,fresh_audit,selected,Center,Center
257470,fresh_audit,selected,Loc,Loc
259640,fresh_audit,selected,Edge-Loc,Edge-Loc
260008,fresh_audit,selected,Center,Center
264063,fresh_audit,selected,Scratch,Scratch
264692,fresh_audit,selected,Edge-Loc,Edge-Loc
264693,fresh_audit,selected,Edge-Ring,Edge-Ring
264694,fresh_audit,selected,Edge-Ring,Edge-Ring
264698,fresh_audit,selected,Edge-Ring,Edge-Ring
265615,fresh_audit,selected,Loc,Loc
266122,fresh_audit,selected,Edge-Ring,Edge-Ring
266124,fresh_audit,selected,Edge-Ring,Edge-Ring
266131,fresh_audit,selected,Edge-Ring,Edge-Ring
266132,fresh_audit,selected,Edge-Ring,Edge-Ring
266135,fresh_audit,selected,Edge-Ring,Edge-Ring
266141,fresh_audit,selected,Edge-Ring,Edge-Ring
266144,fresh_audit,selected,Edge-Ring,Edge-Ring
267349,fresh_audit,selected,Edge-Ring,Edge-Ring
267350,fresh_audit,selected,Edge-Ring,Edge-Ring
267353,fresh_audit,selected,Edge-Ring,Edge-Ring
267356,fresh_audit,selected,Edge-Ring,Edge-Ring
267358,fresh_audit,selected,Edge-Ring,Edge-Ring
267359,fresh_audit,selected,Edge-Ring,Edge-Ring
267361,fresh_audit,selected,Edge-Ring,Edge-Ring
267362,fresh_audit,selected,Edge-Ring,Edge-Ring
267366,fresh_audit,selected,Edge-Ring,Edge-Ring
267367,fresh_audit,selected,Edge-Ring,Edge-Ring
267369,fresh_audit,selected,Edge-Ring,Edge-Ring
269692,fresh_audit,selected,Loc,Loc
274566,fresh_audit,selected,Center,Center
274567,fresh_audit,selected,Center,Center
276745,fresh_audit,selected,Scratch,Scratch
279585,fresh_audit,selected,Loc,Loc
279606,fresh_audit,selected,Center,Center
279610,fresh_audit,selected,Center,Loc
283019,fresh_audit,selected,Scratch,Scratch
283485,fresh_audit,selected,Scratch,Scratch
284508,fresh_audit,selected,Random,Random
286028,fresh_audit,selected,Scratch,Scratch
287658,fresh_audit,selected,Loc,Loc
290476,fresh_audit,selected,Center,Center
291574,fresh_audit,selected,Scratch,Scratch
293341,fresh_audit,selected,Loc,Loc
293716,fresh_audit,selected,Scratch,Scratch
297682,fresh_audit,selected,Loc,Loc
300547,fresh_audit,selected,Edge-Ring,Edge-Ring
302401,fresh_audit,selected,Loc,Loc
302405,fresh_audit,selected,Scratch,Scratch
305256,fresh_audit,selected,Loc,Loc
307380,fresh_audit,selected,Edge-Ring,Edge-Ring
307381,fresh_audit,selected,Edge-Ring,Edge-Ring
307956,fresh_audit,selected,Loc,Loc
309066,fresh_audit,selected,Loc,Loc
309685,fresh_audit,selected,Loc,Loc
311874,fresh_audit,selected,Scratch,Scratch
312019,fresh_audit,selected,Scratch,Scratch
312020,fresh_audit,selected,Scratch,Scratch
314940,fresh_audit,selected,Loc,Loc
315987,fresh_audit,selected,Loc,Loc
315988,fresh_audit,selected,Center,Center
316023,fresh_audit,selected,Loc,Loc
316274,fresh_audit,selected,Center,Center
316284,fresh_audit,selected,Center,Center
316287,fresh_audit,selected,Center,Center
316291,fresh_audit,selected,Center,Center
316293,fresh_audit,selected,Center,Center
316766,fresh_audit,selected,Edge-Loc,Edge-Loc
322344,fresh_audit,selected,Loc,Loc
328538,fresh_audit,selected,Edge-Loc,Edge-Loc
330347,fresh_audit,selected,Center,Center
331071,fresh_audit,selected,Loc,Loc
339250,fresh_audit,selected,Loc,Loc
341057,fresh_audit,selected,Center,Center
348160,fresh_audit,selected,Loc,Loc
348163,fresh_audit,selected,Loc,Loc
348807,fresh_audit,selected,Edge-Loc,Edge-Loc
355420,fresh_audit,selected,Scratch,Scratch
360662,fresh_audit,selected,Edge-Loc,Edge-Loc
361114,fresh_audit,selected,Scratch,Scratch
361736,fresh_audit,selected,Loc,Loc
361740,fresh_audit,selected,Center,Center
362485,fresh_audit,selected,Loc,Loc
363100,fresh_audit,selected,Loc,Loc
363267,fresh_audit,selected,Edge-Loc,Edge-Loc
364967,fresh_audit,selected,Scratch,Scratch
368713,fresh_audit,selected,Loc,Loc
369106,fresh_audit,selected,Edge-Ring,Edge-Ring
370304,fresh_audit,selected,Loc,Loc
370313,fresh_audit,selected,Loc,Loc
371014,fresh_audit,selected,Loc,Loc
375726,fresh_audit,selected,Edge-Loc,Edge-Loc
377022,fresh_audit,selected,Edge-Ring,Edge-Ring
377023,fresh_audit,selected,Edge-Ring,Edge-Ring
377161,fresh_audit,selected,Edge-Ring,Edge-Ring
377163,fresh_audit,selected,Edge-Ring,Edge-Ring
377167,fresh_audit,selected,Edge-Ring,Edge-Ring
377170,fresh_audit,selected,Edge-Ring,Edge-Ring
377172,fresh_audit,selected,Edge-Ring,Edge-Ring
377173,fresh_audit,selected,Edge-Ring,Edge-Ring
377177,fresh_audit,selected,Edge-Ring,Edge-Ring
377178,fresh_audit,selected,Edge-Ring,Edge-Ring
377181,fresh_audit,selected,Edge-Ring,Edge-Ring
379782,fresh_audit,selected,Edge-Loc,Edge-Loc
380439,fresh_audit,selected,Loc,Loc
380947,fresh_audit,selected,Loc,Loc
382233,fresh_audit,selected,Scratch,Scratch
383671,fresh_audit,selected,Edge-Loc,Edge-Loc
385534,fresh_audit,selected,Loc,Loc
386874,fresh_audit,selected,Random,Random
387008,fresh_audit,selected,Edge-Loc,Edge-Loc
387038,fresh_audit,selected,Loc,Loc
387041,fresh_audit,selected,Center,Center
387042,fresh_audit,selected,Edge-Loc,Edge-Loc
387044,fresh_audit,selected,Loc,Loc
387054,fresh_audit,selected,Edge-Loc,Edge-Loc
387201,fresh_audit,selected,Edge-Loc,Edge-Loc
388082,fresh_audit,selected,Loc,Loc
390074,fresh_audit,selected,Loc,Loc
394026,fresh_audit,selected,Center,Center
394204,fresh_audit,selected,Loc,Loc
394406,fresh_audit,selected,Center,Center
394922,fresh_audit,selected,Center,Center
394924,fresh_audit,selected,Center,Center
398459,fresh_audit,selected,Loc,Loc
405124,fresh_audit,selected,Center,Center
406368,fresh_audit,selected,Random,Random
411121,fresh_audit,selected,Edge-Loc,Edge-Loc
413103,fresh_audit,selected,Loc,Loc
415975,fresh_audit,selected,Edge-Loc,Edge-Loc
417017,fresh_audit,selected,Edge-Loc,Edge-Loc
421153,fresh_audit,selected,Loc,Loc
422856,fresh_audit,selected,Edge-Ring,Edge-Ring
422858,fresh_audit,selected,Edge-Ring,Edge-Ring
422859,fresh_audit,selected,Edge-Ring,Edge-Ring
422863,fresh_audit,selected,Edge-Ring,Edge-Ring
422864,fresh_audit,selected,Edge-Ring,Edge-Ring
422868,fresh_audit,selected,Edge-Ring,Edge-Ring
422870,fresh_audit,selected,Edge-Ring,Edge-Ring
422872,fresh_audit,selected,Edge-Ring,Edge-Ring
422873,fresh_audit,selected,Edge-Ring,Edge-Ring
422875,fresh_audit,selected,Edge-Ring,Edge-Ring
422877,fresh_audit,selected,Edge-Ring,Edge-Ring
423284,fresh_audit,selected,Loc,Loc
431176,fresh_audit,selected,Edge-Loc,Edge-Loc
437477,fresh_audit,selected,Edge-Loc,Loc
437957,fresh_audit,selected,Edge-Loc,Edge-Loc
439655,fresh_audit,selected,Loc,Loc
439657,fresh_audit,selected,Loc,Loc
439659,fresh_audit,selected,Loc,Loc
439662,fresh_audit,selected,Loc,Loc
439663,fresh_audit,selected,Loc,Loc
439667,fresh_audit,selected,Loc,Loc
439671,fresh_audit,selected,Loc,Loc
439673,fresh_audit,selected,Loc,Loc
441824,fresh_audit,selected,Edge-Ring,Edge-Ring
442222,fresh_audit,selected,Edge-Ring,Edge-Ring
452455,fresh_audit,selected,Edge-Ring,Edge-Ring
459338,fresh_audit,selected,Edge-Ring,Edge-Ring
492257,fresh_audit,selected,Scratch,Scratch
508704,fresh_audit,selected,Scratch,Scratch
515945,fresh_audit,selected,Edge-Ring,Edge-Ring
524127,fresh_audit,selected,Center,Center
524131,fresh_audit,selected,Center,Center
524134,fresh_audit,selected,Center,Center
524141,fresh_audit,selected,Center,Center
524147,fresh_audit,selected,Center,Center
524150,fresh_audit,selected,Center,Center
524383,fresh_audit,selected,Center,Center
524396,fresh_audit,selected,Center,Center
524400,fresh_audit,selected,Center,Center
525090,fresh_audit,selected,Center,Center
526441,fresh_audit,selected,Center,Center
527444,fresh_audit,selected,Center,Center
528081,fresh_audit,selected,Center,Center
528083,fresh_audit,selected,Center,Center
528393,fresh_audit,selected,Center,Center
529099,fresh_audit,selected,Center,Center
529830,fresh_audit,selected,Center,Center
530527,fresh_audit,selected,Edge-Loc,Edge-Loc
532016,fresh_audit,selected,Edge-Loc,Edge-Loc
539335,fresh_audit,selected,Edge-Ring,Edge-Ring
539338,fresh_audit,selected,Edge-Ring,Edge-Ring
543902,fresh_audit,selected,Edge-Ring,Edge-Ring
548461,fresh_audit,selected,Scratch,Scratch
556467,fresh_audit,selected,Loc,Loc
558449,fresh_audit,selected,Center,Center
560417,fresh_audit,selected,Loc,Loc
561585,fresh_audit,selected,Center,Center
569082,fresh_audit,selected,Center,Center
571700,fresh_audit,selected,Center,Center
573220,fresh_audit,selected,Center,Center
573741,fresh_audit,selected,Center,Center
573742,fresh_audit,selected,Center,Center
573748,fresh_audit,selected,Center,Center
573751,fresh_audit,selected,Center,Center
573753,fresh_audit,selected,Center,Center
575218,fresh_audit,selected,Edge-Loc,Edge-Loc
575715,fresh_audit,selected,Edge-Loc,Edge-Loc
577174,fresh_audit,selected,Edge-Loc,Edge-Loc
577382,fresh_audit,selected,Center,Center
579678,fresh_audit,selected,Edge-Loc,Edge-Loc
579688,fresh_audit,selected,Edge-Loc,Edge-Ring
586705,fresh_audit,selected,Center,Center
586707,fresh_audit,selected,Center,Center
586712,fresh_audit,selected,Center,Center
586713,fresh_audit,selected,Center,Center
586715,fresh_audit,selected,Center,Center
586834,fresh_audit,selected,Center,Center
586835,fresh_audit,selected,Center,Center
586851,fresh_audit,selected,Center,Center
586855,fresh_audit,selected,Center,Center
586861,fresh_audit,selected,Edge-Loc,Edge-Loc
586880,fresh_audit,selected,Center,Center
587120,fresh_audit,selected,Center,Center
587130,fresh_audit,selected,Center,Center
587553,fresh_audit,selected,Center,Center
589830,fresh_audit,selected,Center,Center
589831,fresh_audit,selected,Center,Center
589833,fresh_audit,selected,Center,Center
589835,fresh_audit,selected,Center,Center
589840,fresh_audit,selected,Center,Center
589842,fresh_audit,selected,Center,Center
589894,fresh_audit,selected,Center,Center
589905,fresh_audit,selected,Center,Center
589908,fresh_audit,selected,Center,Center
590360,fresh_audit,selected,Center,Center
590651,fresh_audit,selected,Center,Center
590654,fresh_audit,selected,Center,Center
591158,fresh_audit,selected,Center,Center
591159,fresh_audit,selected,Center,Center
591165,fresh_audit,selected,Center,Center
591168,fresh_audit,selected,Center,Center
591221,fresh_audit,selected,Center,Center
591222,fresh_audit,selected,Center,Center
591223,fresh_audit,selected,Edge-Loc,Edge-Loc
591225,fresh_audit,selected,Center,Center
591228,fresh_audit,selected,Center,Center
591378,fresh_audit,selected,Center,Center
591379,fresh_audit,selected,Center,Center
591382,fresh_audit,selected,Center,Center
591385,fresh_audit,selected,Center,Center
591387,fresh_audit,selected,Center,Center
591587,fresh_audit,selected,Center,Center
591965,fresh_audit,selected,Center,Center
592554,fresh_audit,selected,Center,Center
592581,fresh_audit,selected,Center,Center
594703,fresh_audit,selected,Edge-Loc,Edge-Loc
595617,fresh_audit,selected,Scratch,Scratch
596352,fresh_audit,selected,Edge-Loc,Edge-Loc
596360,fresh_audit,selected,Edge-Loc,Edge-Loc
599243,fresh_audit,selected,Loc,Loc
601800,fresh_audit,selected,Scratch,Scratch
602595,fresh_audit,selected,Scratch,Scratch
602601,fresh_audit,selected,Edge-Loc,Edge-Loc
604392,fresh_audit,selected,Edge-Loc,Edge-Loc
611879,fresh_audit,selected,Loc,Loc
612291,fresh_audit,selected,Loc,Loc
612295,fresh_audit,selected,Loc,Loc
612299,fresh_audit,selected,Loc,Loc
615443,fresh_audit,selected,Edge-Loc,Edge-Loc
616703,fresh_audit,selected,Center,Center
617978,fresh_audit,selected,Loc,Loc
620832,fresh_audit,selected,Loc,Center
627957,fresh_audit,selected,Center,Center
627976,fresh_audit,selected,Center,Center
627978,fresh_audit,selected,Center,Center
627979,fresh_audit,selected,Center,Center
627980,fresh_audit,selected,Center,Center
628147,fresh_audit,selected,Center,Center
629187,fresh_audit,selected,Center,Center
629192,fresh_audit,selected,Center,Center
629197,fresh_audit,selected,Center,Center
629199,fresh_audit,selected,Center,Center
629204,fresh_audit,selected,Center,Center
629207,fresh_audit,selected,Center,Center
629231,fresh_audit,selected,Center,Center
629233,fresh_audit,selected,Center,Center
629241,fresh_audit,selected,Center,Center
629243,fresh_audit,selected,Center,Center
629250,fresh_audit,selected,Center,Center
629251,fresh_audit,selected,Center,Center
629465,fresh_audit,selected,Center,Center
629485,fresh_audit,selected,Center,Center
629834,fresh_audit,selected,Center,Center
629864,fresh_audit,selected,Center,Center
629872,fresh_audit,selected,Center,Center
630251,fresh_audit,selected,Center,Center
630311,fresh_audit,selected,Center,Center
630315,fresh_audit,selected,Center,Center
630915,fresh_audit,selected,Center,Center
630916,fresh_audit,selected,Center,Center
631095,fresh_audit,selected,Center,Center
632935,fresh_audit,selected,Loc,Loc
637418,fresh_audit,selected,Loc,Loc
639458,fresh_audit,selected,Loc,Loc
639483,fresh_audit,selected,Loc,Loc
639674,fresh_audit,selected,Loc,Loc
639683,fresh_audit,selected,Loc,Center
639903,fresh_audit,selected,none,none
640006,fresh_audit,selected,Loc,Loc
641193,fresh_audit,selected,Edge-Loc,none
641377,fresh_audit,selected,Edge-Loc,Edge-Loc
641514,fresh_audit,selected,Loc,Loc
641720,fresh_audit,selected,Loc,Loc
641918,fresh_audit,selected,Center,none
642310,fresh_audit,selected,Edge-Loc,Edge-Loc
642537,fresh_audit,selected,Edge-Loc,Edge-Loc
642546,fresh_audit,selected,Edge-Loc,Edge-Loc
642998,fresh_audit,selected,Scratch,Scratch
643436,fresh_audit,selected,Edge-Loc,none
644385,fresh_audit,selected,Loc,Edge-Loc
644397,fresh_audit,selected,Loc,Loc
644398,fresh_audit,selected,Edge-Loc,Edge-Loc
644633,fresh_audit,selected,Loc,Loc
644651,fresh_audit,selected,Edge-Ring,Edge-Loc
644684,fresh_audit,selected,none,Loc
644691,fresh_audit,selected,none,Edge-Loc
644856,fresh_audit,selected,Loc,Loc
645020,fresh_audit,selected,Scratch,Scratch
645154,fresh_audit,selected,Center,Center
645364,fresh_audit,selected,Loc,Loc
645383,fresh_audit,selected,Edge-Ring,Edge-Ring
645445,fresh_audit,selected,none,none
645713,fresh_audit,selected,Loc,Loc
645841,fresh_audit,selected,Loc,Loc
648265,fresh_audit,selected,none,none
648271,fresh_audit,selected,Loc,Loc
648276,fresh_audit,selected,Loc,Loc
648915,fresh_audit,selected,Loc,Loc
649539,fresh_audit,selected,none,none
649817,fresh_audit,selected,none,none
649819,fresh_audit,selected,Loc,Loc
649880,fresh_audit,selected,none,none
649930,fresh_audit,selected,Center,Center
649949,fresh_audit,selected,none,none
650116,fresh_audit,selected,Scratch,Scratch
650122,fresh_audit,selected,Edge-Loc,Edge-Loc
650796,fresh_audit,selected,none,none
650803,fresh_audit,selected,Edge-Loc,Edge-Loc
650805,fresh_audit,selected,none,none
650872,fresh_audit,selected,Edge-Loc,Edge-Loc
651249,fresh_audit,selected,Edge-Loc,Edge-Loc
651378,fresh_audit,selected,Center,Center
651470,fresh_audit,selected,Edge-Loc,Edge-Loc
651513,fresh_audit,selected,Loc,Loc
651592,fresh_audit,selected,none,none
651594,fresh_audit,selected,Loc,Scratch
651816,fresh_audit,selected,Center,Center
651824,fresh_audit,selected,none,none
651923,fresh_audit,selected,Loc,Loc
651936,fresh_audit,selected,Center,Center
652490,fresh_audit,selected,none,none
653699,fresh_audit,selected,Edge-Loc,Edge-Loc
654874,fresh_audit,selected,Edge-Loc,Edge-Loc
654887,fresh_audit,selected,none,none
655409,fresh_audit,selected,none,none
655507,fresh_audit,selected,Scratch,Loc
655529,fresh_audit,selected,Edge-Loc,Edge-Loc
655676,fresh_audit,selected,Loc,Loc
655917,fresh_audit,selected,none,none
656588,fresh_audit,selected,Loc,Loc
656596,fresh_audit,selected,Loc,Loc
656761,fresh_audit,selected,Loc,Loc
656770,fresh_audit,selected,none,Center
656791,fresh_audit,selected,Loc,Loc
656797,fresh_audit,selected,Loc,Scratch
656798,fresh_audit,selected,Loc,Loc
656855,fresh_audit,selected,Edge-Loc,Loc
656865,fresh_audit,selected,none,none
657219,fresh_audit,selected,Edge-Loc,Edge-Loc
657232,fresh_audit,selected,none,none
657414,fresh_audit,selected,Loc,Loc
658156,fresh_audit,selected,none,Center
660008,fresh_audit,selected,none,none
660317,fresh_audit,selected,Edge-Loc,none
660338,fresh_audit,selected,Scratch,Edge-Loc
660361,fresh_audit,selected,Edge-Loc,Edge-Loc
661670,fresh_audit,selected,Random,Random
666118,fresh_audit,selected,Random,Random
667134,fresh_audit,selected,Loc,Loc
668017,fresh_audit,selected,Random,Random
669470,fresh_audit,selected,Loc,Loc
672273,fresh_audit,selected,Loc,Loc
672279,fresh_audit,selected,Loc,Loc
673876,fresh_audit,selected,Loc,Loc
676108,fresh_audit,selected,Scratch,Scratch
676343,fresh_audit,selected,Loc,Loc
676573,fresh_audit,selected,none,none
677341,fresh_audit,selected,Scratch,Scratch
677547,fresh_audit,selected,none,none
678020,fresh_audit,selected,none,none
678028,fresh_audit,selected,none,none
678692,fresh_audit,selected,Center,Center
678700,fresh_audit,selected,Loc,none
678827,fresh_audit,selected,Loc,Loc
678889,fresh_audit,selected,none,Loc
678908,fresh_audit,selected,Loc,Loc
678989,fresh_audit,selected,none,none
679343,fresh_audit,selected,Center,Center
679463,fresh_audit,selected,Center,Center
679739,fresh_audit,selected,Center,Center
679746,fresh_audit,selected,Loc,Loc
681432,fresh_audit,selected,Edge-Loc,Edge-Loc
682703,fresh_audit,selected,Loc,Loc
682730,fresh_audit,selected,Loc,Loc
682833,fresh_audit,selected,Loc,Loc
683028,fresh_audit,selected,Loc,Loc
683036,fresh_audit,selected,none,none
684366,fresh_audit,selected,none,none
684437,fresh_audit,selected,none,none
684796,fresh_audit,selected,none,none
684822,fresh_audit,selected,Loc,Loc
684955,fresh_audit,selected,Edge-Loc,Loc
685133,fresh_audit,selected,none,none
685149,fresh_audit,selected,Loc,Scratch
685353,fresh_audit,selected,Edge-Loc,none
685354,fresh_audit,selected,Loc,Loc
686036,fresh_audit,selected,Loc,Loc
686417,fresh_audit,selected,Loc,Loc
686431,fresh_audit,selected,none,Center
686433,fresh_audit,selected,none,none
686863,fresh_audit,selected,Center,none
687291,fresh_audit,selected,Center,none
687434,fresh_audit,selected,Edge-Loc,Edge-Loc
687447,fresh_audit,selected,none,none
687570,fresh_audit,selected,Center,Center
687623,fresh_audit,selected,none,none
687781,fresh_audit,selected,Edge-Loc,Loc
687786,fresh_audit,selected,none,none
687798,fresh_audit,selected,none,none
688191,fresh_audit,selected,none,none
688202,fresh_audit,selected,none,none
688288,fresh_audit,selected,Scratch,Scratch
688298,fresh_audit,selected,none,none
688965,fresh_audit,selected,none,none
689417,fresh_audit,selected,none,none
689736,fresh_audit,selected,Loc,Loc
690156,fresh_audit,selected,none,none
690170,fresh_audit,selected,Loc,Loc
690204,fresh_audit,selected,none,none
690220,fresh_audit,selected,none,none
690221,fresh_audit,selected,Loc,Loc
690788,fresh_audit,selected,none,none
690914,fresh_audit,selected,Loc,Loc
691026,fresh_audit,selected,Edge-Loc,Edge-Loc
691257,fresh_audit,selected,none,none
692304,fresh_audit,selected,Scratch,Scratch
692721,fresh_audit,selected,none,Loc
692722,fresh_audit,selected,Edge-Loc,Edge-Loc
692791,fresh_audit,selected,Loc,Loc
692815,fresh_audit,selected,Edge-Loc,none
692820,fresh_audit,selected,none,none
692891,fresh_audit,selected,Scratch,Scratch
693202,fresh_audit,selected,Loc,Loc
694066,fresh_audit,selected,Loc,Loc
695504,fresh_audit,selected,Loc,Loc
695616,fresh_audit,selected,Edge-Loc,Edge-Loc
695629,fresh_audit,selected,none,none
696232,fresh_audit,selected,none,none
699072,fresh_audit,selected,none,Loc
699730,fresh_audit,selected,none,none
700081,fresh_audit,selected,Edge-Loc,Edge-Loc
700479,fresh_audit,selected,none,none
700482,fresh_audit,selected,none,none
700838,fresh_audit,selected,none,none
701226,fresh_audit,selected,Loc,Loc
702808,fresh_audit,selected,none,none
702993,fresh_audit,selected,Loc,Center
703107,fresh_audit,selected,none,none
703184,fresh_audit,selected,Center,Center
703552,fresh_audit,selected,none,none
704519,fresh_audit,selected,none,none
704608,fresh_audit,selected,Edge-Loc,Edge-Loc
705194,fresh_audit,selected,none,none
705520,fresh_audit,selected,Edge-Loc,Edge-Loc
705808,fresh_audit,selected,none,none
705820,fresh_audit,selected,none,none
705842,fresh_audit,selected,none,none
706220,fresh_audit,selected,none,none
706237,fresh_audit,selected,none,none
706517,fresh_audit,selected,none,none
706518,fresh_audit,selected,Edge-Loc,Edge-Loc
706829,fresh_audit,selected,none,none
706850,fresh_audit,selected,none,none
707344,fresh_audit,selected,Edge-Loc,Edge-Loc
708072,fresh_audit,selected,Edge-Loc,Edge-Loc
708210,fresh_audit,selected,none,none
708956,fresh_audit,selected,Loc,Loc
708969,fresh_audit,selected,Edge-Loc,Edge-Loc
709165,fresh_audit,selected,Center,Center
709636,fresh_audit,selected,none,none
709654,fresh_audit,selected,none,none
710801,fresh_audit,selected,none,none
711222,fresh_audit,selected,Center,Edge-Loc
711233,fresh_audit,selected,Loc,Center
711589,fresh_audit,selected,none,none
711807,fresh_audit,selected,Center,Center
712327,fresh_audit,selected,Edge-Loc,Edge-Loc
712629,fresh_audit,selected,Loc,Edge-Loc
712630,fresh_audit,selected,Loc,Loc
712881,fresh_audit,selected,Loc,none
712886,fresh_audit,selected,Edge-Loc,Edge-Loc
713069,fresh_audit,selected,Center,Center
713076,fresh_audit,selected,none,none
713101,fresh_audit,selected,Edge-Loc,Edge-Loc
713185,fresh_audit,selected,Edge-Loc,Edge-Loc
713201,fresh_audit,selected,none,none
713372,fresh_audit,selected,none,none
713375,fresh_audit,selected,none,none
713584,fresh_audit,selected,none,none
713604,fresh_audit,selected,Loc,Center
713954,fresh_audit,selected,Loc,Loc
714104,fresh_audit,selected,none,none
714461,fresh_audit,selected,none,none
715120,fresh_audit,selected,Edge-Loc,Edge-Loc
715381,fresh_audit,selected,Loc,Loc
715477,fresh_audit,selected,Edge-Loc,Edge-Loc
717196,fresh_audit,selected,none,none
717208,fresh_audit,selected,Edge-Loc,Edge-Loc
717210,fresh_audit,selected,Edge-Loc,Edge-Loc
717250,fresh_audit,selected,none,none
717261,fresh_audit,selected,Center,Center
717578,fresh_audit,selected,Loc,Loc
717580,fresh_audit,selected,none,none
717975,fresh_audit,selected,none,none
718178,fresh_audit,selected,Edge-Loc,Edge-Loc
718477,fresh_audit,selected,none,none
718568,fresh_audit,selected,Loc,Loc
718579,fresh_audit,selected,Random,Random
719410,fresh_audit,selected,none,none
719413,fresh_audit,selected,Loc,Loc
719420,fresh_audit,selected,none,none
720536,fresh_audit,selected,none,none
720537,fresh_audit,selected,Scratch,Loc
720823,fresh_audit,selected,Loc,Loc
720828,fresh_audit,selected,Center,Center
721339,fresh_audit,selected,none,none
722517,fresh_audit,selected,Loc,Loc
722534,fresh_audit,selected,none,none
722816,fresh_audit,selected,Loc,Loc
722852,fresh_audit,selected,none,none
722853,fresh_audit,selected,Center,Center
722854,fresh_audit,selected,none,none
722855,fresh_audit,selected,none,none
723248,fresh_audit,selected,Edge-Ring,Edge-Ring
723252,fresh_audit,selected,Edge-Ring,Edge-Ring
723317,fresh_audit,selected,Loc,Center
723360,fresh_audit,selected,Edge-Ring,Edge-Ring
723371,fresh_audit,selected,Edge-Ring,Edge-Ring
723384,fresh_audit,selected,Edge-Ring,Edge-Ring
723486,fresh_audit,selected,Edge-Ring,Edge-Ring
723504,fresh_audit,selected,Edge-Ring,Edge-Ring
724206,fresh_audit,selected,Loc,Center
724862,fresh_audit,selected,none,none
724876,fresh_audit,selected,Edge-Ring,Edge-Ring
726641,fresh_audit,selected,Loc,Loc
726652,fresh_audit,selected,Loc,Edge-Loc
727124,fresh_audit,selected,Edge-Loc,Edge-Loc
727923,fresh_audit,selected,Center,Center
727928,fresh_audit,selected,Loc,Loc
728180,fresh_audit,selected,Scratch,Scratch
728202,fresh_audit,selected,none,none
729560,fresh_audit,selected,Scratch,Scratch
729866,fresh_audit,selected,Scratch,Scratch
729871,fresh_audit,selected,none,none
732186,fresh_audit,selected,Center,Center
732383,fresh_audit,selected,Loc,Loc
732868,fresh_audit,selected,Scratch,Loc
732875,fresh_audit,selected,Loc,Center
732876,fresh_audit,selected,Loc,Loc
732883,fresh_audit,selected,none,none
733159,fresh_audit,selected,none,none
733486,fresh_audit,selected,none,none
733897,fresh_audit,selected,none,none
734967,fresh_audit,selected,Scratch,Loc
735609,fresh_audit,selected,Edge-Loc,Edge-Loc
735849,fresh_audit,selected,Loc,Loc
736428,fresh_audit,selected,Loc,Loc
736437,fresh_audit,selected,Scratch,Scratch
736438,fresh_audit,selected,Loc,Loc
736441,fresh_audit,selected,Loc,Loc
736757,fresh_audit,selected,none,none
737221,fresh_audit,selected,none,none
737531,fresh_audit,selected,none,Edge-Loc
737547,fresh_audit,selected,none,none
737548,fresh_audit,selected,none,none
738119,fresh_audit,selected,none,none
739505,fresh_audit,selected,Edge-Loc,Edge-Loc
739645,fresh_audit,selected,none,none
742748,fresh_audit,selected,Loc,Loc
742765,fresh_audit,selected,Edge-Ring,Edge-Ring
743536,fresh_audit,selected,Loc,Edge-Loc
743541,fresh_audit,selected,Edge-Ring,Edge-Ring
743542,fresh_audit,selected,Edge-Ring,Edge-Ring
743617,fresh_audit,selected,Edge-Ring,Edge-Ring
743618,fresh_audit,selected,Edge-Ring,none
743619,fresh_audit,selected,Edge-Ring,Edge-Ring
743627,fresh_audit,selected,Edge-Ring,Edge-Ring
743634,fresh_audit,selected,Edge-Ring,none
743635,fresh_audit,selected,Edge-Ring,Edge-Ring
743767,fresh_audit,selected,Edge-Loc,Edge-Loc
743772,fresh_audit,selected,Edge-Ring,Edge-Ring
743920,fresh_audit,selected,Scratch,Scratch
743926,fresh_audit,selected,Edge-Ring,Edge-Ring
743934,fresh_audit,selected,Edge-Ring,Edge-Ring
744970,fresh_audit,selected,none,none
745072,fresh_audit,selected,none,none
745182,fresh_audit,selected,Loc,Loc
745188,fresh_audit,selected,Edge-Loc,Edge-Loc
745941,fresh_audit,selected,Edge-Loc,Edge-Loc
746281,fresh_audit,selected,none,Scratch
746289,fresh_audit,selected,Loc,Loc
747078,fresh_audit,selected,none,none
747173,fresh_audit,selected,none,none
747741,fresh_audit,selected,none,none
747753,fresh_audit,selected,none,none
748692,fresh_audit,selected,none,Loc
749322,fresh_audit,selected,Edge-Loc,Edge-Loc
749400,fresh_audit,selected,Center,Center
749601,fresh_audit,selected,none,none
750426,fresh_audit,selected,none,none
750461,fresh_audit,selected,none,none
751087,fresh_audit,selected,none,none
751533,fresh_audit,selected,none,none
752399,fresh_audit,selected,none,none
752712,fresh_audit,selected,none,none
755370,fresh_audit,selected,Loc,Loc
755748,fresh_audit,selected,Loc,Loc
755937,fresh_audit,selected,Center,Center
756108,fresh_audit,selected,Loc,Loc
756771,fresh_audit,selected,none,Edge-Loc
756773,fresh_audit,selected,Edge-Loc,Edge-Loc
757003,fresh_audit,selected,Edge-Loc,Edge-Loc
757008,fresh_audit,selected,Loc,Loc
757009,fresh_audit,selected,none,none
757011,fresh_audit,selected,Edge-Loc,Edge-Loc
757165,fresh_audit,selected,Edge-Loc,Edge-Loc
757169,fresh_audit,selected,Center,Center
758142,fresh_audit,selected,Edge-Loc,Edge-Loc
758143,fresh_audit,selected,Loc,Edge-Loc
758159,fresh_audit,selected,Loc,Scratch
758217,fresh_audit,selected,none,none
758234,fresh_audit,selected,Edge-Loc,Edge-Loc
759507,fresh_audit,selected,none,none
759509,fresh_audit,selected,Edge-Loc,Center
759521,fresh_audit,selected,none,none
760133,fresh_audit,selected,Edge-Loc,Edge-Loc
760942,fresh_audit,selected,Center,Center
762207,fresh_audit,selected,Center,Center
762217,fresh_audit,selected,Center,Center
762227,fresh_audit,selected,Center,Center
764919,fresh_audit,selected,Scratch,Scratch
764920,fresh_audit,selected,Edge-Loc,Edge-Loc
764921,fresh_audit,selected,Center,Center
764925,fresh_audit,selected,Center,Loc
765033,fresh_audit,selected,Loc,Loc
765101,fresh_audit,selected,Edge-Loc,Edge-Loc
765381,fresh_audit,selected,Edge-Loc,Edge-Loc
765390,fresh_audit,selected,none,none
766696,fresh_audit,selected,none,none
766700,fresh_audit,selected,Edge-Loc,Edge-Loc
767284,fresh_audit,selected,Edge-Loc,Edge-Loc
767293,fresh_audit,selected,none,none
767745,fresh_audit,selected,Edge-Loc,Edge-Loc
767747,fresh_audit,selected,none,none
768104,fresh_audit,selected,Scratch,Loc
768105,fresh_audit,selected,Scratch,Loc
768118,fresh_audit,selected,Edge-Loc,Edge-Loc
768204,fresh_audit,selected,Edge-Loc,Edge-Loc
768206,fresh_audit,selected,Edge-Loc,Edge-Loc
768214,fresh_audit,selected,Edge-Loc,Edge-Loc
768822,fresh_audit,selected,Loc,Loc
768921,fresh_audit,selected,Edge-Loc,Edge-Loc
768942,fresh_audit,selected,Edge-Loc,Edge-Loc
770487,fresh_audit,selected,none,none
770502,fresh_audit,selected,Loc,Loc
770561,fresh_audit,selected,Loc,Loc
770573,fresh_audit,selected,Center,Center
770759,fresh_audit,selected,Scratch,Scratch
770760,fresh_audit,selected,none,none
770765,fresh_audit,selected,Edge-Loc,Edge-Loc
771019,fresh_audit,selected,Edge-Loc,Edge-Loc
771024,fresh_audit,selected,Edge-Loc,Edge-Loc
771031,fresh_audit,selected,Loc,Loc
772187,fresh_audit,selected,Scratch,Scratch
772191,fresh_audit,selected,Loc,Loc
772947,fresh_audit,selected,none,none
772967,fresh_audit,selected,none,none
773253,fresh_audit,selected,Center,Center
774102,fresh_audit,selected,none,none
774416,fresh_audit,selected,Center,Center
775425,fresh_audit,selected,Edge-Loc,none
775427,fresh_audit,selected,Edge-Loc,Edge-Loc
775431,fresh_audit,selected,Edge-Ring,Edge-Ring
775660,fresh_audit,selected,Scratch,Scratch
776304,fresh_audit,selected,Loc,Loc
776306,fresh_audit,selected,Center,Center
778040,fresh_audit,selected,Edge-Loc,Edge-Loc
778273,fresh_audit,selected,none,none
778279,fresh_audit,selected,none,none
778281,fresh_audit,selected,none,none
779238,fresh_audit,selected,Edge-Loc,Edge-Loc
780447,fresh_audit,selected,Edge-Loc,Edge-Loc
780562,fresh_audit,selected,none,none
780943,fresh_audit,selected,Loc,Loc
782683,fresh_audit,selected,none,none
783309,fresh_audit,selected,none,none
784074,fresh_audit,selected,none,none
784346,fresh_audit,selected,none,none
784901,fresh_audit,selected,none,none
785298,fresh_audit,selected,none,none
785711,fresh_audit,selected,none,none
785736,fresh_audit,selected,none,none
786119,fresh_audit,selected,Edge-Ring,Edge-Ring
786210,fresh_audit,selected,Scratch,Scratch
786419,fresh_audit,selected,Loc,Scratch
786430,fresh_audit,selected,Loc,Loc
786894,fresh_audit,selected,none,none
787095,fresh_audit,selected,Scratch,Scratch
787517,fresh_audit,selected,Loc,Loc
788193,fresh_audit,selected,none,none
788194,fresh_audit,selected,Scratch,Scratch
788734,fresh_audit,selected,none,none
788866,fresh_audit,selected,Loc,Scratch
789345,fresh_audit,selected,Center,Center
789574,fresh_audit,selected,Edge-Loc,Edge-Loc
790878,fresh_audit,selected,none,Center
791061,fresh_audit,selected,none,none
791138,fresh_audit,selected,none,none
791209,fresh_audit,selected,none,none
791420,fresh_audit,selected,none,none
791634,fresh_audit,selected,Loc,Loc
791657,fresh_audit,selected,none,none
792182,fresh_audit,selected,Loc,Loc
792330,fresh_audit,selected,none,none
792971,fresh_audit,selected,none,none
792975,fresh_audit,selected,Edge-Loc,Edge-Loc
793113,fresh_audit,selected,Loc,Loc
793485,fresh_audit,selected,Scratch,Edge-Loc
793577,fresh_audit,selected,Edge-Loc,Edge-Loc
794388,fresh_audit,selected,none,none
794471,fresh_audit,selected,Edge-Loc,Edge-Loc
794620,fresh_audit,selected,none,none
794818,fresh_audit,selected,Center,Center
794918,fresh_audit,selected,Center,Center
794926,fresh_audit,selected,none,none
794927,fresh_audit,selected,Edge-Loc,none
795095,fresh_audit,selected,Edge-Loc,Edge-Loc
795310,fresh_audit,selected,Edge-Loc,Edge-Loc
795330,fresh_audit,selected,Loc,Loc
795444,fresh_audit,selected,Loc,Loc
795458,fresh_audit,selected,none,none
795857,fresh_audit,selected,Scratch,Edge-Loc
796009,fresh_audit,selected,Scratch,Scratch
796050,fresh_audit,selected,none,none
796172,fresh_audit,selected,none,none
796178,fresh_audit,selected,Edge-Loc,Loc
796965,fresh_audit,selected,Scratch,Scratch
796974,fresh_audit,selected,Scratch,Scratch
798137,fresh_audit,selected,none,none
798462,fresh_audit,selected,Edge-Loc,Edge-Loc
798468,fresh_audit,selected,Edge-Loc,Edge-Loc
798471,fresh_audit,selected,none,none
798599,fresh_audit,selected,none,none
798680,fresh_audit,selected,none,none
798701,fresh_audit,selected,none,none
798717,fresh_audit,selected,Edge-Loc,Edge-Loc
798918,fresh_audit,selected,none,none
798937,fresh_audit,selected,Loc,Loc
798939,fresh_audit,selected,Loc,Loc
799113,fresh_audit,selected,Scratch,Scratch
799388,fresh_audit,selected,none,none
799564,fresh_audit,selected,none,Scratch
799957,fresh_audit,selected,Loc,Loc
799984,fresh_audit,selected,Loc,Loc
800191,fresh_audit,selected,none,none
800212,fresh_audit,selected,none,none
800460,fresh_audit,selected,Edge-Loc,Edge-Loc
800525,fresh_audit,selected,Scratch,Scratch
800530,fresh_audit,selected,Edge-Loc,Edge-Loc
800862,fresh_audit,selected,Loc,Loc
801209,fresh_audit,selected,none,none
801870,fresh_audit,selected,Edge-Loc,Edge-Loc
801976,fresh_audit,selected,none,none
801989,fresh_audit,selected,Center,Center
802012,fresh_audit,selected,Scratch,Scratch
802742,fresh_audit,selected,none,none
804311,fresh_audit,selected,Random,Random
804455,fresh_audit,selected,none,none
804469,fresh_audit,selected,none,none
804583,fresh_audit,selected,Loc,Loc
805870,fresh_audit,selected,Edge-Loc,Edge-Loc
805872,fresh_audit,selected,Center,Center
807196,fresh_audit,selected,Center,Center
807203,fresh_audit,selected,Scratch,Scratch
807581,fresh_audit,selected,Loc,Loc
807588,fresh_audit,selected,none,none
807593,fresh_audit,selected,Center,none
808783,fresh_audit,selected,Edge-Loc,Edge-Loc
809096,fresh_audit,selected,Center,Center
809102,fresh_audit,selected,Center,Center
809304,fresh_audit,selected,none,none
809497,fresh_audit,selected,none,none
809824,fresh_audit,selected,Edge-Ring,Edge-Loc
809827,fresh_audit,selected,Edge-Loc,none
809828,fresh_audit,selected,Edge-Loc,Loc
809840,fresh_audit,selected,Edge-Loc,Edge-Loc
809845,fresh_audit,selected,Loc,Center
811081,fresh_audit,selected,Edge-Ring,Edge-Ring
811082,fresh_audit,selected,Edge-Ring,Edge-Loc
811083,fresh_audit,selected,Edge-Ring,Edge-Ring
811085,fresh_audit,selected,Edge-Ring,Edge-Ring
811086,fresh_audit,selected,Edge-Ring,Edge-Ring
811088,fresh_audit,selected,Edge-Ring,Edge-Ring
811090,fresh_audit,selected,Edge-Ring,Edge-Ring
811092,fresh_audit,selected,Edge-Ring,Edge-Ring
811093,fresh_audit,selected,Edge-Ring,Edge-Ring
811094,fresh_audit,selected,Edge-Ring,Edge-Ring
811095,fresh_audit,selected,Edge-Ring,Edge-Ring
599,fresh_audit,original_vit,Scratch,Loc
700,fresh_audit,original_vit,none,none
787,fresh_audit,original_vit,Edge-Loc,Edge-Loc
893,fresh_audit,original_vit,Center,Center
1213,fresh_audit,original_vit,none,Scratch
1221,fresh_audit,original_vit,none,Center
1874,fresh_audit,original_vit,none,Scratch
4173,fresh_audit,original_vit,Edge-Loc,Edge-Loc
4233,fresh_audit,original_vit,Random,Random
4596,fresh_audit,original_vit,Scratch,none
4853,fresh_audit,original_vit,none,none
5313,fresh_audit,original_vit,Edge-Loc,Edge-Loc
5315,fresh_audit,original_vit,Loc,Loc
5321,fresh_audit,original_vit,none,Scratch
5548,fresh_audit,original_vit,Loc,Center
5713,fresh_audit,original_vit,none,Scratch
6085,fresh_audit,original_vit,Edge-Ring,Edge-Loc
6257,fresh_audit,original_vit,none,Scratch
6273,fresh_audit,original_vit,Edge-Loc,Edge-Loc
6304,fresh_audit,original_vit,none,Loc
6572,fresh_audit,original_vit,none,Edge-Ring
7626,fresh_audit,original_vit,Edge-Loc,Loc
7849,fresh_audit,original_vit,Scratch,Scratch
8206,fresh_audit,original_vit,Edge-Ring,Edge-Ring
8554,fresh_audit,original_vit,Edge-Loc,Loc
10906,fresh_audit,original_vit,Edge-Ring,Edge-Loc
10917,fresh_audit,original_vit,Scratch,Loc
11928,fresh_audit,original_vit,Loc,Donut
12027,fresh_audit,original_vit,Loc,Edge-Loc
12990,fresh_audit,original_vit,Edge-Loc,Edge-Loc
14176,fresh_audit,original_vit,Edge-Ring,Edge-Ring
14177,fresh_audit,original_vit,Edge-Ring,Edge-Ring
14184,fresh_audit,original_vit,Edge-Ring,Edge-Ring
14186,fresh_audit,original_vit,Edge-Ring,Edge-Ring
14187,fresh_audit,original_vit,Edge-Ring,Edge-Ring
14188,fresh_audit,original_vit,Edge-Ring,Edge-Ring
14190,fresh_audit,original_vit,Edge-Ring,Edge-Ring
14193,fresh_audit,original_vit,Edge-Ring,Edge-Ring
14194,fresh_audit,original_vit,Edge-Ring,Edge-Ring
14196,fresh_audit,original_vit,Edge-Ring,Edge-Ring
14197,fresh_audit,original_vit,Edge-Ring,Edge-Ring
14528,fresh_audit,original_vit,Edge-Loc,Loc
16297,fresh_audit,original_vit,Edge-Ring,Center
18230,fresh_audit,original_vit,Edge-Loc,Edge-Loc
21103,fresh_audit,original_vit,Edge-Ring,Edge-Ring
21104,fresh_audit,original_vit,Edge-Ring,Edge-Ring
21105,fresh_audit,original_vit,Edge-Ring,Edge-Ring
21107,fresh_audit,original_vit,Edge-Ring,Edge-Ring
21110,fresh_audit,original_vit,Edge-Ring,Edge-Ring
21112,fresh_audit,original_vit,Edge-Ring,Edge-Ring
21114,fresh_audit,original_vit,Edge-Ring,Edge-Ring
21116,fresh_audit,original_vit,Edge-Ring,Edge-Ring
21117,fresh_audit,original_vit,Edge-Ring,Edge-Ring
21118,fresh_audit,original_vit,Edge-Ring,Edge-Ring
21119,fresh_audit,original_vit,Edge-Ring,Edge-Ring
21120,fresh_audit,original_vit,Edge-Ring,Edge-Ring
21124,fresh_audit,original_vit,Edge-Ring,Edge-Ring
22068,fresh_audit,original_vit,Scratch,none
22274,fresh_audit,original_vit,Scratch,Scratch
22869,fresh_audit,original_vit,Edge-Loc,Donut
24701,fresh_audit,original_vit,Edge-Ring,Edge-Ring
30235,fresh_audit,original_vit,Edge-Ring,Edge-Loc
31094,fresh_audit,original_vit,Edge-Ring,Edge-Ring
31095,fresh_audit,original_vit,Edge-Ring,Edge-Ring
31101,fresh_audit,original_vit,Edge-Ring,Edge-Loc
40799,fresh_audit,original_vit,Edge-Loc,Edge-Loc
40805,fresh_audit,original_vit,Edge-Loc,Edge-Loc
43936,fresh_audit,original_vit,Edge-Ring,none
44520,fresh_audit,original_vit,Edge-Loc,Scratch
44695,fresh_audit,original_vit,Edge-Loc,Scratch
45127,fresh_audit,original_vit,Loc,Loc
45767,fresh_audit,original_vit,Edge-Loc,Edge-Loc
45787,fresh_audit,original_vit,Edge-Loc,Loc
48789,fresh_audit,original_vit,Scratch,Scratch
51393,fresh_audit,original_vit,Edge-Loc,Edge-Loc
51455,fresh_audit,original_vit,Edge-Loc,Edge-Loc
54330,fresh_audit,original_vit,Edge-Loc,Loc
57722,fresh_audit,original_vit,Loc,Loc
57731,fresh_audit,original_vit,Edge-Loc,Center
58542,fresh_audit,original_vit,Edge-Loc,Edge-Loc
58557,fresh_audit,original_vit,Edge-Loc,Edge-Loc
61044,fresh_audit,original_vit,Edge-Loc,Edge-Loc
62798,fresh_audit,original_vit,Edge-Loc,Edge-Loc
62800,fresh_audit,original_vit,Edge-Loc,Edge-Loc
62802,fresh_audit,original_vit,Edge-Loc,Edge-Loc
63219,fresh_audit,original_vit,Edge-Loc,Edge-Ring
64655,fresh_audit,original_vit,Edge-Ring,Edge-Ring
66672,fresh_audit,original_vit,Loc,Loc
66673,fresh_audit,original_vit,Loc,none
67349,fresh_audit,original_vit,Loc,Scratch
68488,fresh_audit,original_vit,Edge-Loc,Loc
70149,fresh_audit,original_vit,Loc,Edge-Loc
71509,fresh_audit,original_vit,Edge-Loc,Edge-Loc
71791,fresh_audit,original_vit,Edge-Loc,Loc
71938,fresh_audit,original_vit,Edge-Loc,Edge-Loc
72032,fresh_audit,original_vit,Edge-Loc,Edge-Ring
72052,fresh_audit,original_vit,Edge-Loc,Edge-Loc
72154,fresh_audit,original_vit,Edge-Loc,Edge-Loc
72287,fresh_audit,original_vit,Edge-Loc,Edge-Loc
75099,fresh_audit,original_vit,Edge-Ring,Edge-Ring
75188,fresh_audit,original_vit,Loc,Edge-Loc
79205,fresh_audit,original_vit,Edge-Loc,Edge-Loc
80008,fresh_audit,original_vit,Edge-Loc,Edge-Loc
80009,fresh_audit,original_vit,Edge-Loc,Edge-Loc
80022,fresh_audit,original_vit,Edge-Loc,Edge-Loc
80249,fresh_audit,original_vit,Edge-Loc,Donut
81423,fresh_audit,original_vit,Loc,Loc
83369,fresh_audit,original_vit,Edge-Loc,Edge-Ring
84487,fresh_audit,original_vit,Edge-Loc,Edge-Loc
84914,fresh_audit,original_vit,Center,Center
85058,fresh_audit,original_vit,Edge-Ring,none
85216,fresh_audit,original_vit,Center,Center
85221,fresh_audit,original_vit,Edge-Loc,Edge-Loc
85343,fresh_audit,original_vit,Center,Donut
85907,fresh_audit,original_vit,Edge-Loc,Center
85932,fresh_audit,original_vit,Edge-Loc,Center
86065,fresh_audit,original_vit,Edge-Loc,Random
86428,fresh_audit,original_vit,Center,Center
86744,fresh_audit,original_vit,Edge-Loc,Edge-Loc
87428,fresh_audit,original_vit,Edge-Loc,Edge-Loc
90026,fresh_audit,original_vit,Edge-Loc,Edge-Loc
101929,fresh_audit,original_vit,Scratch,Scratch
103352,fresh_audit,original_vit,Loc,Scratch
108668,fresh_audit,original_vit,Edge-Ring,Edge-Ring
108793,fresh_audit,original_vit,Loc,Loc
108803,fresh_audit,original_vit,Loc,Loc
108809,fresh_audit,original_vit,Loc,Edge-Loc
111811,fresh_audit,original_vit,Center,Scratch
111816,fresh_audit,original_vit,Center,Center
112008,fresh_audit,original_vit,Center,Center
117651,fresh_audit,original_vit,Center,Center
117652,fresh_audit,original_vit,Center,Center
117653,fresh_audit,original_vit,Center,Center
117654,fresh_audit,original_vit,Center,Center
117655,fresh_audit,original_vit,Center,Center
117663,fresh_audit,original_vit,Edge-Loc,Edge-Loc
117682,fresh_audit,original_vit,Center,Center
118812,fresh_audit,original_vit,Edge-Loc,Edge-Loc
118986,fresh_audit,original_vit,Loc,Scratch
121573,fresh_audit,original_vit,Center,Center
124909,fresh_audit,original_vit,Edge-Ring,Edge-Loc
134806,fresh_audit,original_vit,Loc,Loc
135849,fresh_audit,original_vit,Edge-Ring,Edge-Loc
135855,fresh_audit,original_vit,Edge-Ring,Edge-Loc
141173,fresh_audit,original_vit,Edge-Ring,Edge-Ring
141174,fresh_audit,original_vit,Edge-Ring,Edge-Ring
141175,fresh_audit,original_vit,Edge-Ring,Edge-Ring
141177,fresh_audit,original_vit,Edge-Ring,Edge-Ring
141178,fresh_audit,original_vit,Edge-Ring,Edge-Ring
141180,fresh_audit,original_vit,Edge-Ring,Edge-Ring
141182,fresh_audit,original_vit,Edge-Ring,Edge-Ring
141183,fresh_audit,original_vit,Edge-Ring,Edge-Ring
141188,fresh_audit,original_vit,Edge-Ring,Edge-Ring
141190,fresh_audit,original_vit,Edge-Ring,Edge-Ring
141197,fresh_audit,original_vit,Edge-Ring,Edge-Ring
141473,fresh_audit,original_vit,Loc,Loc
142571,fresh_audit,original_vit,Center,Center
144053,fresh_audit,original_vit,Edge-Loc,Edge-Loc
145753,fresh_audit,original_vit,Loc,Donut
149388,fresh_audit,original_vit,Center,Scratch
149392,fresh_audit,original_vit,Center,Scratch
150499,fresh_audit,original_vit,Center,Center
151464,fresh_audit,original_vit,Center,Scratch
151831,fresh_audit,original_vit,Loc,Loc
153630,fresh_audit,original_vit,Center,Scratch
159554,fresh_audit,original_vit,Center,Center
161208,fresh_audit,original_vit,Center,Center
164102,fresh_audit,original_vit,Scratch,Scratch
165671,fresh_audit,original_vit,Edge-Loc,Edge-Loc
169800,fresh_audit,original_vit,Center,Scratch
169818,fresh_audit,original_vit,Center,Scratch
173339,fresh_audit,original_vit,Random,Random
175002,fresh_audit,original_vit,Scratch,Scratch
175255,fresh_audit,original_vit,Loc,Scratch
177754,fresh_audit,original_vit,Scratch,Scratch
180771,fresh_audit,original_vit,Scratch,none
181416,fresh_audit,original_vit,Center,Center
186023,fresh_audit,original_vit,Edge-Loc,Edge-Loc
187539,fresh_audit,original_vit,Center,Center
187543,fresh_audit,original_vit,Center,Center
190290,fresh_audit,original_vit,Center,Loc
195365,fresh_audit,original_vit,Edge-Ring,none
195367,fresh_audit,original_vit,Edge-Ring,none
200269,fresh_audit,original_vit,Edge-Ring,Edge-Ring
200270,fresh_audit,original_vit,Edge-Ring,Edge-Ring
200271,fresh_audit,original_vit,Edge-Ring,Edge-Ring
200272,fresh_audit,original_vit,Edge-Ring,Edge-Ring
200273,fresh_audit,original_vit,Edge-Ring,Edge-Ring
200274,fresh_audit,original_vit,Edge-Ring,Edge-Ring
200275,fresh_audit,original_vit,Edge-Ring,Edge-Ring
201253,fresh_audit,original_vit,Edge-Loc,Edge-Loc
201255,fresh_audit,original_vit,Edge-Loc,Edge-Loc
203568,fresh_audit,original_vit,Edge-Loc,Scratch
205847,fresh_audit,original_vit,Edge-Loc,Edge-Loc
206683,fresh_audit,original_vit,Edge-Ring,Edge-Loc
216237,fresh_audit,original_vit,Edge-Ring,Edge-Ring
216238,fresh_audit,original_vit,Edge-Ring,Edge-Ring
216239,fresh_audit,original_vit,Edge-Ring,Edge-Ring
216240,fresh_audit,original_vit,Edge-Ring,Edge-Ring
216242,fresh_audit,original_vit,Edge-Ring,Edge-Ring
216245,fresh_audit,original_vit,Edge-Ring,Edge-Ring
216250,fresh_audit,original_vit,Edge-Ring,Edge-Ring
216252,fresh_audit,original_vit,Edge-Ring,Edge-Ring
216254,fresh_audit,original_vit,Edge-Ring,Edge-Ring
216260,fresh_audit,original_vit,Edge-Ring,Edge-Ring
216741,fresh_audit,original_vit,Edge-Ring,Edge-Ring
216744,fresh_audit,original_vit,Edge-Ring,Edge-Ring
216745,fresh_audit,original_vit,Edge-Ring,Edge-Ring
216746,fresh_audit,original_vit,Edge-Ring,Edge-Ring
216747,fresh_audit,original_vit,Edge-Ring,Edge-Ring
216751,fresh_audit,original_vit,Edge-Ring,Edge-Ring
216753,fresh_audit,original_vit,Edge-Ring,Edge-Ring
216754,fresh_audit,original_vit,Edge-Ring,Edge-Ring
216763,fresh_audit,original_vit,Edge-Ring,Edge-Ring
216765,fresh_audit,original_vit,Edge-Ring,Edge-Ring
217233,fresh_audit,original_vit,Edge-Loc,Edge-Loc
219898,fresh_audit,original_vit,Edge-Loc,Edge-Loc
221330,fresh_audit,original_vit,Edge-Ring,Edge-Ring
221334,fresh_audit,original_vit,Edge-Ring,Edge-Ring
221337,fresh_audit,original_vit,Edge-Ring,Edge-Ring
221340,fresh_audit,original_vit,Edge-Ring,Edge-Ring
221341,fresh_audit,original_vit,Edge-Ring,Edge-Ring
221342,fresh_audit,original_vit,Edge-Ring,Edge-Ring
221345,fresh_audit,original_vit,Edge-Ring,Edge-Ring
221346,fresh_audit,original_vit,Edge-Ring,Edge-Ring
221347,fresh_audit,original_vit,Edge-Ring,Edge-Ring
221351,fresh_audit,original_vit,Edge-Ring,Edge-Ring
223204,fresh_audit,original_vit,Loc,Edge-Loc
226890,fresh_audit,original_vit,Edge-Ring,Edge-Ring
226892,fresh_audit,original_vit,Edge-Ring,Edge-Ring
226896,fresh_audit,original_vit,Edge-Ring,Edge-Ring
226897,fresh_audit,original_vit,Edge-Ring,Edge-Ring
229327,fresh_audit,original_vit,Scratch,Scratch
231478,fresh_audit,original_vit,Edge-Loc,Edge-Loc
238112,fresh_audit,original_vit,Edge-Ring,Edge-Ring
238114,fresh_audit,original_vit,Edge-Ring,Edge-Ring
238116,fresh_audit,original_vit,Edge-Ring,Edge-Ring
238119,fresh_audit,original_vit,Edge-Ring,Edge-Ring
238120,fresh_audit,original_vit,Edge-Ring,Edge-Ring
238121,fresh_audit,original_vit,Edge-Ring,Edge-Ring
238122,fresh_audit,original_vit,Edge-Ring,Edge-Ring
238124,fresh_audit,original_vit,Edge-Ring,Edge-Ring
238127,fresh_audit,original_vit,Edge-Ring,Edge-Ring
238129,fresh_audit,original_vit,Edge-Ring,Edge-Ring
238130,fresh_audit,original_vit,Edge-Ring,Edge-Ring
238132,fresh_audit,original_vit,Edge-Ring,Edge-Ring
242475,fresh_audit,original_vit,none,Scratch
243211,fresh_audit,original_vit,Random,Random
243470,fresh_audit,original_vit,Edge-Ring,Edge-Ring
244586,fresh_audit,original_vit,none,Scratch
245447,fresh_audit,original_vit,Scratch,Edge-Ring
251895,fresh_audit,original_vit,none,none
253351,fresh_audit,original_vit,Edge-Loc,Edge-Loc
253401,fresh_audit,original_vit,none,none
255183,fresh_audit,original_vit,Center,Near-full
255186,fresh_audit,original_vit,Center,Donut
255187,fresh_audit,original_vit,Center,Donut
255188,fresh_audit,original_vit,Center,Donut
256083,fresh_audit,original_vit,Edge-Loc,Loc
256084,fresh_audit,original_vit,Edge-Loc,Donut
256086,fresh_audit,original_vit,Edge-Loc,Donut
256089,fresh_audit,original_vit,Edge-Loc,Donut
256094,fresh_audit,original_vit,Edge-Loc,Edge-Loc
256843,fresh_audit,original_vit,Center,Center
257470,fresh_audit,original_vit,Loc,Loc
259640,fresh_audit,original_vit,Edge-Loc,Edge-Loc
260008,fresh_audit,original_vit,Center,Loc
264063,fresh_audit,original_vit,Scratch,Scratch
264692,fresh_audit,original_vit,Edge-Loc,Edge-Loc
264693,fresh_audit,original_vit,Edge-Ring,none
264694,fresh_audit,original_vit,Edge-Ring,none
264698,fresh_audit,original_vit,Edge-Ring,none
265615,fresh_audit,original_vit,Loc,Loc
266122,fresh_audit,original_vit,Edge-Ring,Edge-Ring
266124,fresh_audit,original_vit,Edge-Ring,Edge-Ring
266131,fresh_audit,original_vit,Edge-Ring,Edge-Ring
266132,fresh_audit,original_vit,Edge-Ring,Edge-Ring
266135,fresh_audit,original_vit,Edge-Ring,Edge-Ring
266141,fresh_audit,original_vit,Edge-Ring,Edge-Ring
266144,fresh_audit,original_vit,Edge-Ring,Edge-Ring
267349,fresh_audit,original_vit,Edge-Ring,Edge-Ring
267350,fresh_audit,original_vit,Edge-Ring,Edge-Ring
267353,fresh_audit,original_vit,Edge-Ring,Edge-Ring
267356,fresh_audit,original_vit,Edge-Ring,Edge-Ring
267358,fresh_audit,original_vit,Edge-Ring,Edge-Loc
267359,fresh_audit,original_vit,Edge-Ring,Edge-Ring
267361,fresh_audit,original_vit,Edge-Ring,Edge-Ring
267362,fresh_audit,original_vit,Edge-Ring,Edge-Loc
267366,fresh_audit,original_vit,Edge-Ring,Edge-Ring
267367,fresh_audit,original_vit,Edge-Ring,Edge-Ring
267369,fresh_audit,original_vit,Edge-Ring,Edge-Ring
269692,fresh_audit,original_vit,Loc,Loc
274566,fresh_audit,original_vit,Center,Center
274567,fresh_audit,original_vit,Center,Center
276745,fresh_audit,original_vit,Scratch,Scratch
279585,fresh_audit,original_vit,Loc,Scratch
279606,fresh_audit,original_vit,Center,Donut
279610,fresh_audit,original_vit,Center,Loc
283019,fresh_audit,original_vit,Scratch,Scratch
283485,fresh_audit,original_vit,Scratch,none
284508,fresh_audit,original_vit,Random,Random
286028,fresh_audit,original_vit,Scratch,Scratch
287658,fresh_audit,original_vit,Loc,Scratch
290476,fresh_audit,original_vit,Center,Scratch
291574,fresh_audit,original_vit,Scratch,Scratch
293341,fresh_audit,original_vit,Loc,Scratch
293716,fresh_audit,original_vit,Scratch,Scratch
297682,fresh_audit,original_vit,Loc,Scratch
300547,fresh_audit,original_vit,Edge-Ring,none
302401,fresh_audit,original_vit,Loc,Loc
302405,fresh_audit,original_vit,Scratch,Scratch
305256,fresh_audit,original_vit,Loc,Loc
307380,fresh_audit,original_vit,Edge-Ring,Edge-Ring
307381,fresh_audit,original_vit,Edge-Ring,Edge-Ring
307956,fresh_audit,original_vit,Loc,Loc
309066,fresh_audit,original_vit,Loc,Scratch
309685,fresh_audit,original_vit,Loc,Scratch
311874,fresh_audit,original_vit,Scratch,Scratch
312019,fresh_audit,original_vit,Scratch,Scratch
312020,fresh_audit,original_vit,Scratch,Scratch
314940,fresh_audit,original_vit,Loc,Edge-Loc
315987,fresh_audit,original_vit,Loc,Loc
315988,fresh_audit,original_vit,Center,Center
316023,fresh_audit,original_vit,Loc,Scratch
316274,fresh_audit,original_vit,Center,Center
316284,fresh_audit,original_vit,Center,Center
316287,fresh_audit,original_vit,Center,Donut
316291,fresh_audit,original_vit,Center,Center
316293,fresh_audit,original_vit,Center,Center
316766,fresh_audit,original_vit,Edge-Loc,Loc
322344,fresh_audit,original_vit,Loc,Scratch
328538,fresh_audit,original_vit,Edge-Loc,Edge-Loc
330347,fresh_audit,original_vit,Center,Scratch
331071,fresh_audit,original_vit,Loc,Scratch
339250,fresh_audit,original_vit,Loc,Scratch
341057,fresh_audit,original_vit,Center,Scratch
348160,fresh_audit,original_vit,Loc,Scratch
348163,fresh_audit,original_vit,Loc,Scratch
348807,fresh_audit,original_vit,Edge-Loc,Edge-Loc
355420,fresh_audit,original_vit,Scratch,Scratch
360662,fresh_audit,original_vit,Edge-Loc,Edge-Loc
361114,fresh_audit,original_vit,Scratch,Scratch
361736,fresh_audit,original_vit,Loc,Donut
361740,fresh_audit,original_vit,Center,Donut
362485,fresh_audit,original_vit,Loc,Donut
363100,fresh_audit,original_vit,Loc,Loc
363267,fresh_audit,original_vit,Edge-Loc,Loc
364967,fresh_audit,original_vit,Scratch,Scratch
368713,fresh_audit,original_vit,Loc,Scratch
369106,fresh_audit,original_vit,Edge-Ring,Edge-Ring
370304,fresh_audit,original_vit,Loc,Scratch
370313,fresh_audit,original_vit,Loc,Scratch
371014,fresh_audit,original_vit,Loc,Loc
375726,fresh_audit,original_vit,Edge-Loc,none
377022,fresh_audit,original_vit,Edge-Ring,Edge-Ring
377023,fresh_audit,original_vit,Edge-Ring,Edge-Loc
377161,fresh_audit,original_vit,Edge-Ring,Edge-Ring
377163,fresh_audit,original_vit,Edge-Ring,Edge-Ring
377167,fresh_audit,original_vit,Edge-Ring,Edge-Ring
377170,fresh_audit,original_vit,Edge-Ring,Edge-Ring
377172,fresh_audit,original_vit,Edge-Ring,Edge-Ring
377173,fresh_audit,original_vit,Edge-Ring,Edge-Ring
377177,fresh_audit,original_vit,Edge-Ring,Edge-Ring
377178,fresh_audit,original_vit,Edge-Ring,Edge-Ring
377181,fresh_audit,original_vit,Edge-Ring,Edge-Ring
379782,fresh_audit,original_vit,Edge-Loc,none
380439,fresh_audit,original_vit,Loc,Scratch
380947,fresh_audit,original_vit,Loc,Edge-Loc
382233,fresh_audit,original_vit,Scratch,none
383671,fresh_audit,original_vit,Edge-Loc,Edge-Loc
385534,fresh_audit,original_vit,Loc,Loc
386874,fresh_audit,original_vit,Random,Random
387008,fresh_audit,original_vit,Edge-Loc,Edge-Loc
387038,fresh_audit,original_vit,Loc,Donut
387041,fresh_audit,original_vit,Center,Donut
387042,fresh_audit,original_vit,Edge-Loc,Edge-Loc
387044,fresh_audit,original_vit,Loc,Donut
387054,fresh_audit,original_vit,Edge-Loc,Donut
387201,fresh_audit,original_vit,Edge-Loc,Donut
388082,fresh_audit,original_vit,Loc,Scratch
390074,fresh_audit,original_vit,Loc,Scratch
394026,fresh_audit,original_vit,Center,Center
394204,fresh_audit,original_vit,Loc,Loc
394406,fresh_audit,original_vit,Center,Donut
394922,fresh_audit,original_vit,Center,Donut
394924,fresh_audit,original_vit,Center,Donut
398459,fresh_audit,original_vit,Loc,Scratch
405124,fresh_audit,original_vit,Center,Center
406368,fresh_audit,original_vit,Random,Random
411121,fresh_audit,original_vit,Edge-Loc,none
413103,fresh_audit,original_vit,Loc,Loc
415975,fresh_audit,original_vit,Edge-Loc,Edge-Loc
417017,fresh_audit,original_vit,Edge-Loc,Edge-Loc
421153,fresh_audit,original_vit,Loc,Scratch
422856,fresh_audit,original_vit,Edge-Ring,Edge-Ring
422858,fresh_audit,original_vit,Edge-Ring,Edge-Ring
422859,fresh_audit,original_vit,Edge-Ring,Edge-Ring
422863,fresh_audit,original_vit,Edge-Ring,Edge-Ring
422864,fresh_audit,original_vit,Edge-Ring,Edge-Ring
422868,fresh_audit,original_vit,Edge-Ring,Edge-Ring
422870,fresh_audit,original_vit,Edge-Ring,Edge-Ring
422872,fresh_audit,original_vit,Edge-Ring,Edge-Ring
422873,fresh_audit,original_vit,Edge-Ring,Edge-Ring
422875,fresh_audit,original_vit,Edge-Ring,Edge-Ring
422877,fresh_audit,original_vit,Edge-Ring,Edge-Ring
423284,fresh_audit,original_vit,Loc,Loc
431176,fresh_audit,original_vit,Edge-Loc,Edge-Loc
437477,fresh_audit,original_vit,Edge-Loc,Edge-Loc
437957,fresh_audit,original_vit,Edge-Loc,Edge-Loc
439655,fresh_audit,original_vit,Loc,Loc
439657,fresh_audit,original_vit,Loc,Loc
439659,fresh_audit,original_vit,Loc,Loc
439662,fresh_audit,original_vit,Loc,Loc
439663,fresh_audit,original_vit,Loc,Loc
439667,fresh_audit,original_vit,Loc,Loc
439671,fresh_audit,original_vit,Loc,Loc
439673,fresh_audit,original_vit,Loc,Loc
441824,fresh_audit,original_vit,Edge-Ring,Edge-Loc
442222,fresh_audit,original_vit,Edge-Ring,none
452455,fresh_audit,original_vit,Edge-Ring,Edge-Loc
459338,fresh_audit,original_vit,Edge-Ring,Edge-Loc
492257,fresh_audit,original_vit,Scratch,none
508704,fresh_audit,original_vit,Scratch,Center
515945,fresh_audit,original_vit,Edge-Ring,Edge-Ring
524127,fresh_audit,original_vit,Center,Center
524131,fresh_audit,original_vit,Center,Center
524134,fresh_audit,original_vit,Center,Center
524141,fresh_audit,original_vit,Center,Center
524147,fresh_audit,original_vit,Center,Center
524150,fresh_audit,original_vit,Center,Center
524383,fresh_audit,original_vit,Center,Center
524396,fresh_audit,original_vit,Center,Center
524400,fresh_audit,original_vit,Center,Center
525090,fresh_audit,original_vit,Center,Center
526441,fresh_audit,original_vit,Center,Center
527444,fresh_audit,original_vit,Center,Center
528081,fresh_audit,original_vit,Center,Center
528083,fresh_audit,original_vit,Center,Center
528393,fresh_audit,original_vit,Center,Center
529099,fresh_audit,original_vit,Center,Center
529830,fresh_audit,original_vit,Center,Center
530527,fresh_audit,original_vit,Edge-Loc,Edge-Loc
532016,fresh_audit,original_vit,Edge-Loc,Loc
539335,fresh_audit,original_vit,Edge-Ring,Edge-Loc
539338,fresh_audit,original_vit,Edge-Ring,Edge-Loc
543902,fresh_audit,original_vit,Edge-Ring,Edge-Ring
548461,fresh_audit,original_vit,Scratch,Scratch
556467,fresh_audit,original_vit,Loc,Center
558449,fresh_audit,original_vit,Center,Center
560417,fresh_audit,original_vit,Loc,Donut
561585,fresh_audit,original_vit,Center,Center
569082,fresh_audit,original_vit,Center,Center
571700,fresh_audit,original_vit,Center,Center
573220,fresh_audit,original_vit,Center,Center
573741,fresh_audit,original_vit,Center,Center
573742,fresh_audit,original_vit,Center,Center
573748,fresh_audit,original_vit,Center,Center
573751,fresh_audit,original_vit,Center,Center
573753,fresh_audit,original_vit,Center,Center
575218,fresh_audit,original_vit,Edge-Loc,Edge-Loc
575715,fresh_audit,original_vit,Edge-Loc,Edge-Loc
577174,fresh_audit,original_vit,Edge-Loc,Edge-Loc
577382,fresh_audit,original_vit,Center,Loc
579678,fresh_audit,original_vit,Edge-Loc,Edge-Loc
579688,fresh_audit,original_vit,Edge-Loc,Edge-Ring
586705,fresh_audit,original_vit,Center,Center
586707,fresh_audit,original_vit,Center,Center
586712,fresh_audit,original_vit,Center,Center
586713,fresh_audit,original_vit,Center,Center
586715,fresh_audit,original_vit,Center,Center
586834,fresh_audit,original_vit,Center,Center
586835,fresh_audit,original_vit,Center,Center
586851,fresh_audit,original_vit,Center,Center
586855,fresh_audit,original_vit,Center,Center
586861,fresh_audit,original_vit,Edge-Loc,Loc
586880,fresh_audit,original_vit,Center,Center
587120,fresh_audit,original_vit,Center,Center
587130,fresh_audit,original_vit,Center,Center
587553,fresh_audit,original_vit,Center,Center
589830,fresh_audit,original_vit,Center,Center
589831,fresh_audit,original_vit,Center,Center
589833,fresh_audit,original_vit,Center,Center
589835,fresh_audit,original_vit,Center,Center
589840,fresh_audit,original_vit,Center,Center
589842,fresh_audit,original_vit,Center,Center
589894,fresh_audit,original_vit,Center,Center
589905,fresh_audit,original_vit,Center,Center
589908,fresh_audit,original_vit,Center,Center
590360,fresh_audit,original_vit,Center,Center
590651,fresh_audit,original_vit,Center,Center
590654,fresh_audit,original_vit,Center,Center
591158,fresh_audit,original_vit,Center,Center
591159,fresh_audit,original_vit,Center,Center
591165,fresh_audit,original_vit,Center,Center
591168,fresh_audit,original_vit,Center,Edge-Loc
591221,fresh_audit,original_vit,Center,Center
591222,fresh_audit,original_vit,Center,Center
591223,fresh_audit,original_vit,Edge-Loc,Edge-Ring
591225,fresh_audit,original_vit,Center,Center
591228,fresh_audit,original_vit,Center,Center
591378,fresh_audit,original_vit,Center,Center
591379,fresh_audit,original_vit,Center,Center
591382,fresh_audit,original_vit,Center,Center
591385,fresh_audit,original_vit,Center,Center
591387,fresh_audit,original_vit,Center,Center
591587,fresh_audit,original_vit,Center,Center
591965,fresh_audit,original_vit,Center,Center
592554,fresh_audit,original_vit,Center,Center
592581,fresh_audit,original_vit,Center,Center
594703,fresh_audit,original_vit,Edge-Loc,Edge-Loc
595617,fresh_audit,original_vit,Scratch,Center
596352,fresh_audit,original_vit,Edge-Loc,Edge-Loc
596360,fresh_audit,original_vit,Edge-Loc,Edge-Loc
599243,fresh_audit,original_vit,Loc,Loc
601800,fresh_audit,original_vit,Scratch,Edge-Loc
602595,fresh_audit,original_vit,Scratch,Scratch
602601,fresh_audit,original_vit,Edge-Loc,Loc
604392,fresh_audit,original_vit,Edge-Loc,Edge-Loc
611879,fresh_audit,original_vit,Loc,Edge-Loc
612291,fresh_audit,original_vit,Loc,none
612295,fresh_audit,original_vit,Loc,Scratch
612299,fresh_audit,original_vit,Loc,Scratch
615443,fresh_audit,original_vit,Edge-Loc,Edge-Loc
616703,fresh_audit,original_vit,Center,Center
617978,fresh_audit,original_vit,Loc,Scratch
620832,fresh_audit,original_vit,Loc,Loc
627957,fresh_audit,original_vit,Center,Center
627976,fresh_audit,original_vit,Center,Center
627978,fresh_audit,original_vit,Center,Center
627979,fresh_audit,original_vit,Center,Center
627980,fresh_audit,original_vit,Center,Center
628147,fresh_audit,original_vit,Center,Center
629187,fresh_audit,original_vit,Center,Center
629192,fresh_audit,original_vit,Center,Center
629197,fresh_audit,original_vit,Center,Center
629199,fresh_audit,original_vit,Center,Center
629204,fresh_audit,original_vit,Center,Center
629207,fresh_audit,original_vit,Center,Center
629231,fresh_audit,original_vit,Center,Center
629233,fresh_audit,original_vit,Center,Center
629241,fresh_audit,original_vit,Center,Center
629243,fresh_audit,original_vit,Center,Center
629250,fresh_audit,original_vit,Center,none
629251,fresh_audit,original_vit,Center,Center
629465,fresh_audit,original_vit,Center,Center
629485,fresh_audit,original_vit,Center,Center
629834,fresh_audit,original_vit,Center,Center
629864,fresh_audit,original_vit,Center,Center
629872,fresh_audit,original_vit,Center,Center
630251,fresh_audit,original_vit,Center,Center
630311,fresh_audit,original_vit,Center,Center
630315,fresh_audit,original_vit,Center,Center
630915,fresh_audit,original_vit,Center,Center
630916,fresh_audit,original_vit,Center,Center
631095,fresh_audit,original_vit,Center,Center
632935,fresh_audit,original_vit,Loc,Center
637418,fresh_audit,original_vit,Loc,Loc
639458,fresh_audit,original_vit,Loc,Center
639483,fresh_audit,original_vit,Loc,Edge-Loc
639674,fresh_audit,original_vit,Loc,Loc
639683,fresh_audit,original_vit,Loc,Center
639903,fresh_audit,original_vit,none,Scratch
640006,fresh_audit,original_vit,Loc,Loc
641193,fresh_audit,original_vit,Edge-Loc,Scratch
641377,fresh_audit,original_vit,Edge-Loc,Edge-Loc
641514,fresh_audit,original_vit,Loc,Edge-Loc
641720,fresh_audit,original_vit,Loc,Loc
641918,fresh_audit,original_vit,Center,Center
642310,fresh_audit,original_vit,Edge-Loc,Edge-Loc
642537,fresh_audit,original_vit,Edge-Loc,Edge-Loc
642546,fresh_audit,original_vit,Edge-Loc,none
642998,fresh_audit,original_vit,Scratch,Scratch
643436,fresh_audit,original_vit,Edge-Loc,Edge-Ring
644385,fresh_audit,original_vit,Loc,Loc
644397,fresh_audit,original_vit,Loc,Donut
644398,fresh_audit,original_vit,Edge-Loc,Edge-Loc
644633,fresh_audit,original_vit,Loc,Edge-Loc
644651,fresh_audit,original_vit,Edge-Ring,Edge-Loc
644684,fresh_audit,original_vit,none,Edge-Loc
644691,fresh_audit,original_vit,none,Edge-Loc
644856,fresh_audit,original_vit,Loc,Loc
645020,fresh_audit,original_vit,Scratch,Loc
645154,fresh_audit,original_vit,Center,Center
645364,fresh_audit,original_vit,Loc,Edge-Loc
645383,fresh_audit,original_vit,Edge-Ring,Edge-Loc
645445,fresh_audit,original_vit,none,Edge-Loc
645713,fresh_audit,original_vit,Loc,Loc
645841,fresh_audit,original_vit,Loc,Loc
648265,fresh_audit,original_vit,none,Scratch
648271,fresh_audit,original_vit,Loc,Donut
648276,fresh_audit,original_vit,Loc,Loc
648915,fresh_audit,original_vit,Loc,Donut
649539,fresh_audit,original_vit,none,none
649817,fresh_audit,original_vit,none,Scratch
649819,fresh_audit,original_vit,Loc,Scratch
649880,fresh_audit,original_vit,none,Scratch
649930,fresh_audit,original_vit,Center,Center
649949,fresh_audit,original_vit,none,Scratch
650116,fresh_audit,original_vit,Scratch,Loc
650122,fresh_audit,original_vit,Edge-Loc,Loc
650796,fresh_audit,original_vit,none,Scratch
650803,fresh_audit,original_vit,Edge-Loc,Edge-Ring
650805,fresh_audit,original_vit,none,none
650872,fresh_audit,original_vit,Edge-Loc,Loc
651249,fresh_audit,original_vit,Edge-Loc,Edge-Loc
651378,fresh_audit,original_vit,Center,Loc
651470,fresh_audit,original_vit,Edge-Loc,Edge-Loc
651513,fresh_audit,original_vit,Loc,Center
651592,fresh_audit,original_vit,none,none
651594,fresh_audit,original_vit,Loc,Center
651816,fresh_audit,original_vit,Center,Center
651824,fresh_audit,original_vit,none,Scratch
651923,fresh_audit,original_vit,Loc,Scratch
651936,fresh_audit,original_vit,Center,Center
652490,fresh_audit,original_vit,none,none
653699,fresh_audit,original_vit,Edge-Loc,Center
654874,fresh_audit,original_vit,Edge-Loc,Scratch
654887,fresh_audit,original_vit,none,Scratch
655409,fresh_audit,original_vit,none,none
655507,fresh_audit,original_vit,Scratch,Loc
655529,fresh_audit,original_vit,Edge-Loc,Loc
655676,fresh_audit,original_vit,Loc,Loc
655917,fresh_audit,original_vit,none,none
656588,fresh_audit,original_vit,Loc,Loc
656596,fresh_audit,original_vit,Loc,Edge-Loc
656761,fresh_audit,original_vit,Loc,none
656770,fresh_audit,original_vit,none,Scratch
656791,fresh_audit,original_vit,Loc,Center
656797,fresh_audit,original_vit,Loc,Loc
656798,fresh_audit,original_vit,Loc,Scratch
656855,fresh_audit,original_vit,Edge-Loc,Edge-Loc
656865,fresh_audit,original_vit,none,Scratch
657219,fresh_audit,original_vit,Edge-Loc,Edge-Loc
657232,fresh_audit,original_vit,none,none
657414,fresh_audit,original_vit,Loc,Loc
658156,fresh_audit,original_vit,none,Scratch
660008,fresh_audit,original_vit,none,Center
660317,fresh_audit,original_vit,Edge-Loc,Scratch
660338,fresh_audit,original_vit,Scratch,none
660361,fresh_audit,original_vit,Edge-Loc,Edge-Ring
661670,fresh_audit,original_vit,Random,Random
666118,fresh_audit,original_vit,Random,Random
667134,fresh_audit,original_vit,Loc,Edge-Loc
668017,fresh_audit,original_vit,Random,Random
669470,fresh_audit,original_vit,Loc,Center
672273,fresh_audit,original_vit,Loc,Scratch
672279,fresh_audit,original_vit,Loc,Scratch
673876,fresh_audit,original_vit,Loc,Scratch
676108,fresh_audit,original_vit,Scratch,Scratch
676343,fresh_audit,original_vit,Loc,Loc
676573,fresh_audit,original_vit,none,none
677341,fresh_audit,original_vit,Scratch,Scratch
677547,fresh_audit,original_vit,none,none
678020,fresh_audit,original_vit,none,Edge-Loc
678028,fresh_audit,original_vit,none,Scratch
678692,fresh_audit,original_vit,Center,Center
678700,fresh_audit,original_vit,Loc,Scratch
678827,fresh_audit,original_vit,Loc,Edge-Loc
678889,fresh_audit,original_vit,none,Scratch
678908,fresh_audit,original_vit,Loc,Scratch
678989,fresh_audit,original_vit,none,Scratch
679343,fresh_audit,original_vit,Center,Donut
679463,fresh_audit,original_vit,Center,Donut
679739,fresh_audit,original_vit,Center,Center
679746,fresh_audit,original_vit,Loc,Donut
681432,fresh_audit,original_vit,Edge-Loc,Edge-Loc
682703,fresh_audit,original_vit,Loc,Scratch
682730,fresh_audit,original_vit,Loc,Donut
682833,fresh_audit,original_vit,Loc,Loc
683028,fresh_audit,original_vit,Loc,Loc
683036,fresh_audit,original_vit,none,none
684366,fresh_audit,original_vit,none,Scratch
684437,fresh_audit,original_vit,none,none
684796,fresh_audit,original_vit,none,none
684822,fresh_audit,original_vit,Loc,Loc
684955,fresh_audit,original_vit,Edge-Loc,Scratch
685133,fresh_audit,original_vit,none,Scratch
685149,fresh_audit,original_vit,Loc,Scratch
685353,fresh_audit,original_vit,Edge-Loc,Scratch
685354,fresh_audit,original_vit,Loc,Scratch
686036,fresh_audit,original_vit,Loc,Loc
686417,fresh_audit,original_vit,Loc,Scratch
686431,fresh_audit,original_vit,none,none
686433,fresh_audit,original_vit,none,Scratch
686863,fresh_audit,original_vit,Center,Scratch
687291,fresh_audit,original_vit,Center,Scratch
687434,fresh_audit,original_vit,Edge-Loc,Edge-Ring
687447,fresh_audit,original_vit,none,Scratch
687570,fresh_audit,original_vit,Center,Scratch
687623,fresh_audit,original_vit,none,Scratch
687781,fresh_audit,original_vit,Edge-Loc,Scratch
687786,fresh_audit,original_vit,none,Scratch
687798,fresh_audit,original_vit,none,Scratch
688191,fresh_audit,original_vit,none,Scratch
688202,fresh_audit,original_vit,none,Scratch
688288,fresh_audit,original_vit,Scratch,Scratch
688298,fresh_audit,original_vit,none,Scratch
688965,fresh_audit,original_vit,none,Scratch
689417,fresh_audit,original_vit,none,none
689736,fresh_audit,original_vit,Loc,Scratch
690156,fresh_audit,original_vit,none,Edge-Ring
690170,fresh_audit,original_vit,Loc,Loc
690204,fresh_audit,original_vit,none,Scratch
690220,fresh_audit,original_vit,none,Scratch
690221,fresh_audit,original_vit,Loc,Edge-Loc
690788,fresh_audit,original_vit,none,Scratch
690914,fresh_audit,original_vit,Loc,Loc
691026,fresh_audit,original_vit,Edge-Loc,Edge-Ring
691257,fresh_audit,original_vit,none,Scratch
692304,fresh_audit,original_vit,Scratch,Loc
692721,fresh_audit,original_vit,none,Scratch
692722,fresh_audit,original_vit,Edge-Loc,Edge-Loc
692791,fresh_audit,original_vit,Loc,Scratch
692815,fresh_audit,original_vit,Edge-Loc,Scratch
692820,fresh_audit,original_vit,none,Scratch
692891,fresh_audit,original_vit,Scratch,Scratch
693202,fresh_audit,original_vit,Loc,Scratch
694066,fresh_audit,original_vit,Loc,Loc
695504,fresh_audit,original_vit,Loc,Center
695616,fresh_audit,original_vit,Edge-Loc,Edge-Loc
695629,fresh_audit,original_vit,none,none
696232,fresh_audit,original_vit,none,Scratch
699072,fresh_audit,original_vit,none,Loc
699730,fresh_audit,original_vit,none,none
700081,fresh_audit,original_vit,Edge-Loc,Center
700479,fresh_audit,original_vit,none,none
700482,fresh_audit,original_vit,none,none
700838,fresh_audit,original_vit,none,Loc
701226,fresh_audit,original_vit,Loc,Loc
702808,fresh_audit,original_vit,none,none
702993,fresh_audit,original_vit,Loc,Center
703107,fresh_audit,original_vit,none,none
703184,fresh_audit,original_vit,Center,Center
703552,fresh_audit,original_vit,none,none
704519,fresh_audit,original_vit,none,none
704608,fresh_audit,original_vit,Edge-Loc,Edge-Loc
705194,fresh_audit,original_vit,none,Scratch
705520,fresh_audit,original_vit,Edge-Loc,Edge-Loc
705808,fresh_audit,original_vit,none,Center
705820,fresh_audit,original_vit,none,none
705842,fresh_audit,original_vit,none,none
706220,fresh_audit,original_vit,none,Scratch
706237,fresh_audit,original_vit,none,none
706517,fresh_audit,original_vit,none,none
706518,fresh_audit,original_vit,Edge-Loc,Edge-Ring
706829,fresh_audit,original_vit,none,none
706850,fresh_audit,original_vit,none,none
707344,fresh_audit,original_vit,Edge-Loc,none
708072,fresh_audit,original_vit,Edge-Loc,none
708210,fresh_audit,original_vit,none,none
708956,fresh_audit,original_vit,Loc,Loc
708969,fresh_audit,original_vit,Edge-Loc,Edge-Loc
709165,fresh_audit,original_vit,Center,Center
709636,fresh_audit,original_vit,none,none
709654,fresh_audit,original_vit,none,none
710801,fresh_audit,original_vit,none,none
711222,fresh_audit,original_vit,Center,Center
711233,fresh_audit,original_vit,Loc,Edge-Loc
711589,fresh_audit,original_vit,none,Edge-Loc
711807,fresh_audit,original_vit,Center,Center
712327,fresh_audit,original_vit,Edge-Loc,Edge-Loc
712629,fresh_audit,original_vit,Loc,Center
712630,fresh_audit,original_vit,Loc,none
712881,fresh_audit,original_vit,Loc,Loc
712886,fresh_audit,original_vit,Edge-Loc,Edge-Loc
713069,fresh_audit,original_vit,Center,Center
713076,fresh_audit,original_vit,none,Edge-Loc
713101,fresh_audit,original_vit,Edge-Loc,Edge-Loc
713185,fresh_audit,original_vit,Edge-Loc,Center
713201,fresh_audit,original_vit,none,Scratch
713372,fresh_audit,original_vit,none,Scratch
713375,fresh_audit,original_vit,none,none
713584,fresh_audit,original_vit,none,none
713604,fresh_audit,original_vit,Loc,Center
713954,fresh_audit,original_vit,Loc,Center
714104,fresh_audit,original_vit,none,none
714461,fresh_audit,original_vit,none,none
715120,fresh_audit,original_vit,Edge-Loc,Edge-Loc
715381,fresh_audit,original_vit,Loc,Scratch
715477,fresh_audit,original_vit,Edge-Loc,Edge-Ring
717196,fresh_audit,original_vit,none,none
717208,fresh_audit,original_vit,Edge-Loc,Edge-Ring
717210,fresh_audit,original_vit,Edge-Loc,none
717250,fresh_audit,original_vit,none,Scratch
717261,fresh_audit,original_vit,Center,Loc
717578,fresh_audit,original_vit,Loc,Donut
717580,fresh_audit,original_vit,none,none
717975,fresh_audit,original_vit,none,none
718178,fresh_audit,original_vit,Edge-Loc,Edge-Loc
718477,fresh_audit,original_vit,none,none
718568,fresh_audit,original_vit,Loc,Scratch
718579,fresh_audit,original_vit,Random,Random
719410,fresh_audit,original_vit,none,none
719413,fresh_audit,original_vit,Loc,Edge-Ring
719420,fresh_audit,original_vit,none,none
720536,fresh_audit,original_vit,none,none
720537,fresh_audit,original_vit,Scratch,Scratch
720823,fresh_audit,original_vit,Loc,Loc
720828,fresh_audit,original_vit,Center,Scratch
721339,fresh_audit,original_vit,none,Loc
722517,fresh_audit,original_vit,Loc,Loc
722534,fresh_audit,original_vit,none,Loc
722816,fresh_audit,original_vit,Loc,Center
722852,fresh_audit,original_vit,none,Loc
722853,fresh_audit,original_vit,Center,Center
722854,fresh_audit,original_vit,none,Loc
722855,fresh_audit,original_vit,none,Loc
723248,fresh_audit,original_vit,Edge-Ring,Loc
723252,fresh_audit,original_vit,Edge-Ring,Edge-Ring
723317,fresh_audit,original_vit,Loc,Loc
723360,fresh_audit,original_vit,Edge-Ring,Edge-Ring
723371,fresh_audit,original_vit,Edge-Ring,Donut
723384,fresh_audit,original_vit,Edge-Ring,Edge-Ring
723486,fresh_audit,original_vit,Edge-Ring,Loc
723504,fresh_audit,original_vit,Edge-Ring,Edge-Ring
724206,fresh_audit,original_vit,Loc,Center
724862,fresh_audit,original_vit,none,Scratch
724876,fresh_audit,original_vit,Edge-Ring,Donut
726641,fresh_audit,original_vit,Loc,Loc
726652,fresh_audit,original_vit,Loc,Loc
727124,fresh_audit,original_vit,Edge-Loc,Edge-Loc
727923,fresh_audit,original_vit,Center,Loc
727928,fresh_audit,original_vit,Loc,Scratch
728180,fresh_audit,original_vit,Scratch,Scratch
728202,fresh_audit,original_vit,none,Scratch
729560,fresh_audit,original_vit,Scratch,Donut
729866,fresh_audit,original_vit,Scratch,Loc
729871,fresh_audit,original_vit,none,Scratch
732186,fresh_audit,original_vit,Center,Donut
732383,fresh_audit,original_vit,Loc,Loc
732868,fresh_audit,original_vit,Scratch,Loc
732875,fresh_audit,original_vit,Loc,Donut
732876,fresh_audit,original_vit,Loc,Loc
732883,fresh_audit,original_vit,none,Scratch
733159,fresh_audit,original_vit,none,Scratch
733486,fresh_audit,original_vit,none,Scratch
733897,fresh_audit,original_vit,none,none
734967,fresh_audit,original_vit,Scratch,Scratch
735609,fresh_audit,original_vit,Edge-Loc,Edge-Ring
735849,fresh_audit,original_vit,Loc,Edge-Loc
736428,fresh_audit,original_vit,Loc,Donut
736437,fresh_audit,original_vit,Scratch,Scratch
736438,fresh_audit,original_vit,Loc,Edge-Loc
736441,fresh_audit,original_vit,Loc,Loc
736757,fresh_audit,original_vit,none,Edge-Loc
737221,fresh_audit,original_vit,none,none
737531,fresh_audit,original_vit,none,Edge-Loc
737547,fresh_audit,original_vit,none,Scratch
737548,fresh_audit,original_vit,none,Scratch
738119,fresh_audit,original_vit,none,Scratch
739505,fresh_audit,original_vit,Edge-Loc,none
739645,fresh_audit,original_vit,none,Scratch
742748,fresh_audit,original_vit,Loc,Loc
742765,fresh_audit,original_vit,Edge-Ring,Edge-Ring
743536,fresh_audit,original_vit,Loc,Loc
743541,fresh_audit,original_vit,Edge-Ring,Edge-Ring
743542,fresh_audit,original_vit,Edge-Ring,Edge-Ring
743617,fresh_audit,original_vit,Edge-Ring,Edge-Ring
743618,fresh_audit,original_vit,Edge-Ring,Edge-Ring
743619,fresh_audit,original_vit,Edge-Ring,Edge-Ring
743627,fresh_audit,original_vit,Edge-Ring,Edge-Ring
743634,fresh_audit,original_vit,Edge-Ring,Edge-Loc
743635,fresh_audit,original_vit,Edge-Ring,Edge-Ring
743767,fresh_audit,original_vit,Edge-Loc,Scratch
743772,fresh_audit,original_vit,Edge-Ring,Edge-Ring
743920,fresh_audit,original_vit,Scratch,Loc
743926,fresh_audit,original_vit,Edge-Ring,none
743934,fresh_audit,original_vit,Edge-Ring,Loc
744970,fresh_audit,original_vit,none,none
745072,fresh_audit,original_vit,none,Scratch
745182,fresh_audit,original_vit,Loc,Center
745188,fresh_audit,original_vit,Edge-Loc,Edge-Loc
745941,fresh_audit,original_vit,Edge-Loc,Edge-Loc
746281,fresh_audit,original_vit,none,Loc
746289,fresh_audit,original_vit,Loc,Edge-Loc
747078,fresh_audit,original_vit,none,Scratch
747173,fresh_audit,original_vit,none,Scratch
747741,fresh_audit,original_vit,none,Scratch
747753,fresh_audit,original_vit,none,Scratch
748692,fresh_audit,original_vit,none,Scratch
749322,fresh_audit,original_vit,Edge-Loc,Edge-Loc
749400,fresh_audit,original_vit,Center,Loc
749601,fresh_audit,original_vit,none,Edge-Loc
750426,fresh_audit,original_vit,none,Edge-Ring
750461,fresh_audit,original_vit,none,Scratch
751087,fresh_audit,original_vit,none,Edge-Ring
751533,fresh_audit,original_vit,none,Center
752399,fresh_audit,original_vit,none,none
752712,fresh_audit,original_vit,none,none
755370,fresh_audit,original_vit,Loc,Loc
755748,fresh_audit,original_vit,Loc,Loc
755937,fresh_audit,original_vit,Center,Center
756108,fresh_audit,original_vit,Loc,Center
756771,fresh_audit,original_vit,none,Edge-Ring
756773,fresh_audit,original_vit,Edge-Loc,Edge-Loc
757003,fresh_audit,original_vit,Edge-Loc,Edge-Loc
757008,fresh_audit,original_vit,Loc,Scratch
757009,fresh_audit,original_vit,none,none
757011,fresh_audit,original_vit,Edge-Loc,Scratch
757165,fresh_audit,original_vit,Edge-Loc,Edge-Loc
757169,fresh_audit,original_vit,Center,Scratch
758142,fresh_audit,original_vit,Edge-Loc,Loc
758143,fresh_audit,original_vit,Loc,Edge-Loc
758159,fresh_audit,original_vit,Loc,Scratch
758217,fresh_audit,original_vit,none,Scratch
758234,fresh_audit,original_vit,Edge-Loc,Edge-Loc
759507,fresh_audit,original_vit,none,none
759509,fresh_audit,original_vit,Edge-Loc,Scratch
759521,fresh_audit,original_vit,none,none
760133,fresh_audit,original_vit,Edge-Loc,Edge-Loc
760942,fresh_audit,original_vit,Center,Scratch
762207,fresh_audit,original_vit,Center,Scratch
762217,fresh_audit,original_vit,Center,Scratch
762227,fresh_audit,original_vit,Center,Scratch
764919,fresh_audit,original_vit,Scratch,Scratch
764920,fresh_audit,original_vit,Edge-Loc,Loc
764921,fresh_audit,original_vit,Center,Scratch
764925,fresh_audit,original_vit,Center,Loc
765033,fresh_audit,original_vit,Loc,Scratch
765101,fresh_audit,original_vit,Edge-Loc,Edge-Loc
765381,fresh_audit,original_vit,Edge-Loc,Edge-Loc
765390,fresh_audit,original_vit,none,none
766696,fresh_audit,original_vit,none,none
766700,fresh_audit,original_vit,Edge-Loc,Edge-Loc
767284,fresh_audit,original_vit,Edge-Loc,Edge-Loc
767293,fresh_audit,original_vit,none,none
767745,fresh_audit,original_vit,Edge-Loc,none
767747,fresh_audit,original_vit,none,none
768104,fresh_audit,original_vit,Scratch,Scratch
768105,fresh_audit,original_vit,Scratch,none
768118,fresh_audit,original_vit,Edge-Loc,Edge-Loc
768204,fresh_audit,original_vit,Edge-Loc,Edge-Loc
768206,fresh_audit,original_vit,Edge-Loc,none
768214,fresh_audit,original_vit,Edge-Loc,Edge-Loc
768822,fresh_audit,original_vit,Loc,Scratch
768921,fresh_audit,original_vit,Edge-Loc,none
768942,fresh_audit,original_vit,Edge-Loc,Scratch
770487,fresh_audit,original_vit,none,Edge-Ring
770502,fresh_audit,original_vit,Loc,Scratch
770561,fresh_audit,original_vit,Loc,Loc
770573,fresh_audit,original_vit,Center,Donut
770759,fresh_audit,original_vit,Scratch,Edge-Ring
770760,fresh_audit,original_vit,none,none
770765,fresh_audit,original_vit,Edge-Loc,Edge-Loc
771019,fresh_audit,original_vit,Edge-Loc,none
771024,fresh_audit,original_vit,Edge-Loc,Edge-Ring
771031,fresh_audit,original_vit,Loc,none
772187,fresh_audit,original_vit,Scratch,Scratch
772191,fresh_audit,original_vit,Loc,Scratch
772947,fresh_audit,original_vit,none,none
772967,fresh_audit,original_vit,none,none
773253,fresh_audit,original_vit,Center,none
774102,fresh_audit,original_vit,none,none
774416,fresh_audit,original_vit,Center,Scratch
775425,fresh_audit,original_vit,Edge-Loc,Edge-Ring
775427,fresh_audit,original_vit,Edge-Loc,Scratch
775431,fresh_audit,original_vit,Edge-Ring,none
775660,fresh_audit,original_vit,Scratch,Scratch
776304,fresh_audit,original_vit,Loc,none
776306,fresh_audit,original_vit,Center,Scratch
778040,fresh_audit,original_vit,Edge-Loc,Edge-Ring
778273,fresh_audit,original_vit,none,none
778279,fresh_audit,original_vit,none,none
778281,fresh_audit,original_vit,none,none
779238,fresh_audit,original_vit,Edge-Loc,none
780447,fresh_audit,original_vit,Edge-Loc,Edge-Loc
780562,fresh_audit,original_vit,none,none
780943,fresh_audit,original_vit,Loc,Scratch
782683,fresh_audit,original_vit,none,none
783309,fresh_audit,original_vit,none,none
784074,fresh_audit,original_vit,none,Scratch
784346,fresh_audit,original_vit,none,Scratch
784901,fresh_audit,original_vit,none,Scratch
785298,fresh_audit,original_vit,none,Scratch
785711,fresh_audit,original_vit,none,Scratch
785736,fresh_audit,original_vit,none,Scratch
786119,fresh_audit,original_vit,Edge-Ring,Edge-Loc
786210,fresh_audit,original_vit,Scratch,Scratch
786419,fresh_audit,original_vit,Loc,Loc
786430,fresh_audit,original_vit,Loc,Loc
786894,fresh_audit,original_vit,none,Scratch
787095,fresh_audit,original_vit,Scratch,Scratch
787517,fresh_audit,original_vit,Loc,Donut
788193,fresh_audit,original_vit,none,Scratch
788194,fresh_audit,original_vit,Scratch,Scratch
788734,fresh_audit,original_vit,none,Scratch
788866,fresh_audit,original_vit,Loc,Scratch
789345,fresh_audit,original_vit,Center,none
789574,fresh_audit,original_vit,Edge-Loc,none
790878,fresh_audit,original_vit,none,Scratch
791061,fresh_audit,original_vit,none,Scratch
791138,fresh_audit,original_vit,none,none
791209,fresh_audit,original_vit,none,Scratch
791420,fresh_audit,original_vit,none,none
791634,fresh_audit,original_vit,Loc,Loc
791657,fresh_audit,original_vit,none,none
792182,fresh_audit,original_vit,Loc,Edge-Loc
792330,fresh_audit,original_vit,none,none
792971,fresh_audit,original_vit,none,Scratch
792975,fresh_audit,original_vit,Edge-Loc,Edge-Loc
793113,fresh_audit,original_vit,Loc,none
793485,fresh_audit,original_vit,Scratch,Edge-Loc
793577,fresh_audit,original_vit,Edge-Loc,Edge-Loc
794388,fresh_audit,original_vit,none,none
794471,fresh_audit,original_vit,Edge-Loc,Edge-Loc
794620,fresh_audit,original_vit,none,Edge-Ring
794818,fresh_audit,original_vit,Center,Center
794918,fresh_audit,original_vit,Center,Center
794926,fresh_audit,original_vit,none,none
794927,fresh_audit,original_vit,Edge-Loc,Edge-Ring
795095,fresh_audit,original_vit,Edge-Loc,none
795310,fresh_audit,original_vit,Edge-Loc,Edge-Loc
795330,fresh_audit,original_vit,Loc,Loc
795444,fresh_audit,original_vit,Loc,Scratch
795458,fresh_audit,original_vit,none,none
795857,fresh_audit,original_vit,Scratch,Edge-Ring
796009,fresh_audit,original_vit,Scratch,Scratch
796050,fresh_audit,original_vit,none,none
796172,fresh_audit,original_vit,none,none
796178,fresh_audit,original_vit,Edge-Loc,Edge-Loc
796965,fresh_audit,original_vit,Scratch,Loc
796974,fresh_audit,original_vit,Scratch,Scratch
798137,fresh_audit,original_vit,none,none
798462,fresh_audit,original_vit,Edge-Loc,Edge-Loc
798468,fresh_audit,original_vit,Edge-Loc,Edge-Loc
798471,fresh_audit,original_vit,none,none
798599,fresh_audit,original_vit,none,none
798680,fresh_audit,original_vit,none,Scratch
798701,fresh_audit,original_vit,none,Edge-Ring
798717,fresh_audit,original_vit,Edge-Loc,Edge-Loc
798918,fresh_audit,original_vit,none,Scratch
798937,fresh_audit,original_vit,Loc,Loc
798939,fresh_audit,original_vit,Loc,Loc
799113,fresh_audit,original_vit,Scratch,none
799388,fresh_audit,original_vit,none,Scratch
799564,fresh_audit,original_vit,none,Scratch
799957,fresh_audit,original_vit,Loc,Scratch
799984,fresh_audit,original_vit,Loc,Scratch
800191,fresh_audit,original_vit,none,none
800212,fresh_audit,original_vit,none,none
800460,fresh_audit,original_vit,Edge-Loc,Edge-Loc
800525,fresh_audit,original_vit,Scratch,Loc
800530,fresh_audit,original_vit,Edge-Loc,Center
800862,fresh_audit,original_vit,Loc,Loc
801209,fresh_audit,original_vit,none,none
801870,fresh_audit,original_vit,Edge-Loc,Edge-Loc
801976,fresh_audit,original_vit,none,none
801989,fresh_audit,original_vit,Center,Center
802012,fresh_audit,original_vit,Scratch,Center
802742,fresh_audit,original_vit,none,none
804311,fresh_audit,original_vit,Random,Random
804455,fresh_audit,original_vit,none,Scratch
804469,fresh_audit,original_vit,none,Scratch
804583,fresh_audit,original_vit,Loc,Loc
805870,fresh_audit,original_vit,Edge-Loc,Edge-Loc
805872,fresh_audit,original_vit,Center,Scratch
807196,fresh_audit,original_vit,Center,Scratch
807203,fresh_audit,original_vit,Scratch,Scratch
807581,fresh_audit,original_vit,Loc,Loc
807588,fresh_audit,original_vit,none,Scratch
807593,fresh_audit,original_vit,Center,Scratch
808783,fresh_audit,original_vit,Edge-Loc,Edge-Loc
809096,fresh_audit,original_vit,Center,Scratch
809102,fresh_audit,original_vit,Center,none
809304,fresh_audit,original_vit,none,Scratch
809497,fresh_audit,original_vit,none,Scratch
809824,fresh_audit,original_vit,Edge-Ring,Edge-Ring
809827,fresh_audit,original_vit,Edge-Loc,none
809828,fresh_audit,original_vit,Edge-Loc,Loc
809840,fresh_audit,original_vit,Edge-Loc,none
809845,fresh_audit,original_vit,Loc,Loc
811081,fresh_audit,original_vit,Edge-Ring,Edge-Loc
811082,fresh_audit,original_vit,Edge-Ring,none
811083,fresh_audit,original_vit,Edge-Ring,Edge-Loc
811085,fresh_audit,original_vit,Edge-Ring,Edge-Loc
811086,fresh_audit,original_vit,Edge-Ring,none
811088,fresh_audit,original_vit,Edge-Ring,Edge-Loc
811090,fresh_audit,original_vit,Edge-Ring,none
811092,fresh_audit,original_vit,Edge-Ring,Edge-Loc
811093,fresh_audit,original_vit,Edge-Ring,Edge-Loc
811094,fresh_audit,original_vit,Edge-Ring,Edge-Loc
811095,fresh_audit,original_vit,Edge-Ring,Edge-Loc
1660,historical_test,selected,Loc,Loc
3294,historical_test,selected,Loc,Loc
3377,historical_test,selected,none,none
3917,historical_test,selected,Random,Random
4722,historical_test,selected,Scratch,Scratch
7415,historical_test,selected,Edge-Loc,Edge-Loc
8103,historical_test,selected,Donut,Donut
15909,historical_test,selected,Scratch,Scratch
16296,historical_test,selected,Edge-Ring,Edge-Ring
16870,historical_test,selected,Random,Random
16872,historical_test,selected,Random,Random
18112,historical_test,selected,Random,Random
18114,historical_test,selected,Random,Random
18115,historical_test,selected,Random,Random
18116,historical_test,selected,Random,Random
18117,historical_test,selected,Random,Random
18118,historical_test,selected,Random,Random
18119,historical_test,selected,Random,Random
18120,historical_test,selected,Random,Random
18122,historical_test,selected,Random,Random
18123,historical_test,selected,Random,Random
18124,historical_test,selected,Random,Random
18125,historical_test,selected,Random,Random
18126,historical_test,selected,Random,Random
18129,historical_test,selected,Random,Random
18130,historical_test,selected,Random,Random
18131,historical_test,selected,Random,Random
18132,historical_test,selected,Random,Random
18133,historical_test,selected,Random,Random
18134,historical_test,selected,Random,Random
18135,historical_test,selected,Random,Random
18136,historical_test,selected,Random,Random
19268,historical_test,selected,Random,Random
19273,historical_test,selected,Random,Random
19456,historical_test,selected,Edge-Ring,Edge-Ring
19457,historical_test,selected,Edge-Ring,Edge-Ring
19459,historical_test,selected,Edge-Ring,Edge-Ring
19476,historical_test,selected,Edge-Ring,Edge-Ring
20962,historical_test,selected,Edge-Ring,Edge-Ring
20968,historical_test,selected,Edge-Ring,Edge-Ring
20972,historical_test,selected,Edge-Ring,Edge-Ring
20973,historical_test,selected,Edge-Ring,Edge-Ring
21125,historical_test,selected,Edge-Ring,Edge-Ring
21211,historical_test,selected,Edge-Ring,Edge-Ring
21790,historical_test,selected,Edge-Ring,Edge-Ring
21795,historical_test,selected,Edge-Ring,Edge-Ring
22044,historical_test,selected,Scratch,Scratch
22785,historical_test,selected,Edge-Loc,Edge-Loc
29426,historical_test,selected,Edge-Loc,Edge-Loc
29427,historical_test,selected,Edge-Loc,Edge-Loc
29428,historical_test,selected,Edge-Loc,Edge-Loc
29430,historical_test,selected,Edge-Loc,Edge-Loc
43626,historical_test,selected,Edge-Loc,Edge-Loc
44130,historical_test,selected,Scratch,Scratch
48324,historical_test,selected,Loc,Loc
49339,historical_test,selected,Edge-Loc,Edge-Loc
54096,historical_test,selected,Edge-Loc,Edge-Loc
54098,historical_test,selected,Edge-Loc,Edge-Loc
54384,historical_test,selected,Donut,Donut
56819,historical_test,selected,Scratch,Scratch
59374,historical_test,selected,Edge-Loc,Edge-Loc
59736,historical_test,selected,Edge-Loc,Edge-Loc
59763,historical_test,selected,Edge-Loc,Edge-Loc
60162,historical_test,selected,Loc,Loc
60203,historical_test,selected,Edge-Loc,Edge-Loc
69869,historical_test,selected,Edge-Loc,Edge-Loc
72108,historical_test,selected,Edge-Ring,Edge-Ring
72379,historical_test,selected,Edge-Loc,Edge-Loc
76773,historical_test,selected,Scratch,Scratch
80414,historical_test,selected,Edge-Loc,Edge-Loc
82439,historical_test,selected,Donut,Donut
82533,historical_test,selected,Edge-Loc,Edge-Loc
84594,historical_test,selected,Center,Center
85147,historical_test,selected,Loc,Loc
85260,historical_test,selected,Center,Center
90630,historical_test,selected,Loc,Loc
106673,historical_test,selected,Loc,Loc
106676,historical_test,selected,Edge-Loc,Edge-Loc
107531,historical_test,selected,Loc,Loc
110267,historical_test,selected,Loc,Loc
111786,historical_test,selected,Center,Center
123401,historical_test,selected,Center,Center
123541,historical_test,selected,Random,Random
123652,historical_test,selected,Random,Random
126422,historical_test,selected,Random,Random
127042,historical_test,selected,Center,Center
132032,historical_test,selected,Center,Center
141291,historical_test,selected,Edge-Ring,Edge-Ring
141298,historical_test,selected,Edge-Ring,Edge-Ring
144868,historical_test,selected,Edge-Ring,Edge-Ring
144926,historical_test,selected,Edge-Ring,Edge-Ring
144928,historical_test,selected,Edge-Ring,Edge-Ring
144944,historical_test,selected,Edge-Ring,Edge-Ring
147273,historical_test,selected,Loc,Loc
150649,historical_test,selected,Scratch,Scratch
154717,historical_test,selected,Random,Donut
154732,historical_test,selected,Edge-Ring,Edge-Ring
157779,historical_test,selected,Edge-Ring,Edge-Ring
159014,historical_test,selected,Center,Center
159037,historical_test,selected,Center,Center
159040,historical_test,selected,Center,Center
160933,historical_test,selected,Center,Center
161672,historical_test,selected,Scratch,Scratch
167314,historical_test,selected,Scratch,Scratch
170383,historical_test,selected,Scratch,Scratch
172051,historical_test,selected,Edge-Loc,Edge-Loc
174882,historical_test,selected,Edge-Ring,Edge-Ring
174890,historical_test,selected,Edge-Ring,Edge-Ring
174898,historical_test,selected,Edge-Ring,Edge-Ring
176905,historical_test,selected,Center,Center
177634,historical_test,selected,Center,Center
177891,historical_test,selected,Scratch,Scratch
178268,historical_test,selected,Random,Random
178269,historical_test,selected,Random,Random
178279,historical_test,selected,Random,Random
178281,historical_test,selected,Random,Random
183691,historical_test,selected,Edge-Ring,Edge-Ring
186682,historical_test,selected,Edge-Ring,Edge-Ring
187287,historical_test,selected,Edge-Ring,Edge-Ring
187292,historical_test,selected,Edge-Ring,Edge-Ring
187831,historical_test,selected,Edge-Ring,Edge-Ring
189979,historical_test,selected,Center,Loc
189982,historical_test,selected,Center,Center
191590,historical_test,selected,Random,Random
199642,historical_test,selected,Edge-Ring,Edge-Ring
199651,historical_test,selected,Edge-Ring,Edge-Ring
199656,historical_test,selected,Edge-Ring,Edge-Ring
199657,historical_test,selected,Edge-Ring,Edge-Ring
199701,historical_test,selected,Edge-Ring,Edge-Ring
199889,historical_test,selected,Edge-Ring,Edge-Ring
199890,historical_test,selected,Edge-Ring,Edge-Ring
199904,historical_test,selected,Edge-Ring,Edge-Ring
199909,historical_test,selected,Edge-Ring,Edge-Ring
200122,historical_test,selected,Edge-Ring,Edge-Ring
202122,historical_test,selected,Center,Center
202412,historical_test,selected,Edge-Ring,Edge-Ring
212175,historical_test,selected,Scratch,Scratch
216195,historical_test,selected,Edge-Ring,Edge-Ring
216196,historical_test,selected,Edge-Ring,Edge-Ring
216213,historical_test,selected,Edge-Ring,Edge-Ring
216220,historical_test,selected,Edge-Ring,Edge-Ring
216227,historical_test,selected,Edge-Ring,Edge-Ring
220254,historical_test,selected,Loc,Random
220258,historical_test,selected,Random,Random
220261,historical_test,selected,Random,Random
220271,historical_test,selected,Loc,Loc
221133,historical_test,selected,Edge-Ring,Edge-Ring
221199,historical_test,selected,Edge-Ring,Edge-Ring
226905,historical_test,selected,Edge-Ring,Edge-Ring
226910,historical_test,selected,Edge-Ring,Edge-Ring
226913,historical_test,selected,Edge-Ring,Edge-Ring
227036,historical_test,selected,Loc,Loc
227040,historical_test,selected,Loc,Loc
227047,historical_test,selected,Loc,Loc
228265,historical_test,selected,Random,Random
229399,historical_test,selected,Scratch,Scratch
229853,historical_test,selected,Edge-Ring,Edge-Ring
231316,historical_test,selected,Loc,Loc
231322,historical_test,selected,Loc,Loc
231340,historical_test,selected,Edge-Ring,Edge-Ring
231341,historical_test,selected,Edge-Ring,Edge-Ring
235851,historical_test,selected,Edge-Loc,Edge-Loc
238385,historical_test,selected,Scratch,Scratch
242244,historical_test,selected,none,none
242331,historical_test,selected,Scratch,Scratch
242347,historical_test,selected,none,none
242553,historical_test,selected,Loc,Loc
242615,historical_test,selected,Scratch,Scratch
243174,historical_test,selected,Random,Random
243228,historical_test,selected,Random,Random
243237,historical_test,selected,Random,Random
243239,historical_test,selected,Random,Random
243240,historical_test,selected,Random,Random
243245,historical_test,selected,Random,Random
243247,historical_test,selected,Random,Random
243250,historical_test,selected,Random,Random
243251,historical_test,selected,Random,Random
243252,historical_test,selected,Random,Random
243253,historical_test,selected,Random,Random
243255,historical_test,selected,Random,Random
243256,historical_test,selected,Random,Random
243258,historical_test,selected,Random,Random
243261,historical_test,selected,Random,Random
243267,historical_test,selected,Random,Random
243268,historical_test,selected,Random,Random
243269,historical_test,selected,Random,Random
243271,historical_test,selected,Random,Random
243272,historical_test,selected,Random,Random
243273,historical_test,selected,Random,Random
243274,historical_test,selected,Random,Random
243275,historical_test,selected,Random,Random
243276,historical_test,selected,Random,Random
243277,historical_test,selected,Random,Random
243281,historical_test,selected,Random,Random
243285,historical_test,selected,Random,Random
243286,historical_test,selected,Random,Random
243440,historical_test,selected,Scratch,Scratch
243443,historical_test,selected,Random,Random
243917,historical_test,selected,Center,Center
243973,historical_test,selected,Edge-Ring,Edge-Ring
245050,historical_test,selected,Loc,Loc
245056,historical_test,selected,Loc,Loc
247179,historical_test,selected,Center,Center
247181,historical_test,selected,Center,Center
250154,historical_test,selected,Near-full,Near-full
251112,historical_test,selected,Random,Random
251646,historical_test,selected,Near-full,Near-full
252111,historical_test,selected,Random,Random
252119,historical_test,selected,Edge-Loc,Random
252309,historical_test,selected,none,none
252315,historical_test,selected,Donut,Donut
252319,historical_test,selected,Donut,Donut
252325,historical_test,selected,Loc,Loc
252688,historical_test,selected,Center,Center
252697,historical_test,selected,Center,Center
252702,historical_test,selected,Center,Center
254669,historical_test,selected,Random,Random
255771,historical_test,selected,Loc,Loc
259464,historical_test,selected,Edge-Loc,Edge-Loc
262498,historical_test,selected,Edge-Loc,Edge-Loc
263652,historical_test,selected,Random,Random
263655,historical_test,selected,Random,Random
263656,historical_test,selected,Random,Random
263659,historical_test,selected,Random,Random
263955,historical_test,selected,Scratch,Scratch
264470,historical_test,selected,Loc,Loc
266162,historical_test,selected,Edge-Ring,Edge-Ring
267448,historical_test,selected,Loc,Loc
267452,historical_test,selected,Loc,Loc
267457,historical_test,selected,Donut,Donut
270469,historical_test,selected,Scratch,Scratch
270598,historical_test,selected,Scratch,Scratch
276157,historical_test,selected,Center,Center
276295,historical_test,selected,Edge-Ring,Edge-Ring
276329,historical_test,selected,Edge-Ring,Edge-Ring
279231,historical_test,selected,Donut,Donut
279232,historical_test,selected,Donut,Donut
279326,historical_test,selected,Donut,Donut
279330,historical_test,selected,Donut,Donut
279334,historical_test,selected,Donut,Donut
279343,historical_test,selected,Donut,Donut
279345,historical_test,selected,Donut,Donut
279348,historical_test,selected,Donut,Donut
279349,historical_test,selected,Donut,Donut
279354,historical_test,selected,Donut,Donut
279355,historical_test,selected,Donut,Donut
279357,historical_test,selected,Donut,Donut
279358,historical_test,selected,Donut,Donut
279359,historical_test,selected,Donut,Donut
279361,historical_test,selected,Donut,Donut
280157,historical_test,selected,Donut,Donut
280161,historical_test,selected,Donut,Donut
280179,historical_test,selected,Donut,Donut
280180,historical_test,selected,Donut,Donut
280188,historical_test,selected,Donut,Donut
280197,historical_test,selected,Donut,Donut
281267,historical_test,selected,Scratch,Scratch
282598,historical_test,selected,Scratch,Scratch
282599,historical_test,selected,Scratch,none
282602,historical_test,selected,Scratch,none
282603,historical_test,selected,Scratch,none
282621,historical_test,selected,Scratch,Scratch
285827,historical_test,selected,Loc,Loc
287489,historical_test,selected,Scratch,Scratch
288086,historical_test,selected,Scratch,Scratch
290771,historical_test,selected,Loc,Loc
291110,historical_test,selected,Edge-Loc,Edge-Loc
294288,historical_test,selected,Center,Center
294289,historical_test,selected,Center,Center
294295,historical_test,selected,Center,Center
294360,historical_test,selected,Edge-Ring,Edge-Ring
294365,historical_test,selected,Edge-Ring,Edge-Ring
294404,historical_test,selected,Edge-Ring,Edge-Ring
294415,historical_test,selected,Edge-Ring,Edge-Ring
294922,historical_test,selected,Edge-Ring,Edge-Ring
298246,historical_test,selected,Donut,Donut
300316,historical_test,selected,Edge-Ring,Edge-Ring
300329,historical_test,selected,Edge-Ring,Edge-Ring
300338,historical_test,selected,Edge-Ring,Edge-Ring
302170,historical_test,selected,Donut,Donut
304886,historical_test,selected,Scratch,Scratch
305275,historical_test,selected,Scratch,Scratch
307408,historical_test,selected,Random,Loc
324365,historical_test,selected,Scratch,Scratch
327796,historical_test,selected,Scratch,Scratch
329355,historical_test,selected,Scratch,Scratch
329414,historical_test,selected,Edge-Ring,Edge-Ring
329666,historical_test,selected,Edge-Ring,Edge-Ring
329676,historical_test,selected,Edge-Ring,Edge-Ring
332225,historical_test,selected,Scratch,Scratch
333843,historical_test,selected,Random,Random
333940,historical_test,selected,Edge-Ring,Edge-Ring
333944,historical_test,selected,Edge-Ring,Edge-Ring
333952,historical_test,selected,Edge-Ring,Edge-Ring
333957,historical_test,selected,Edge-Ring,Edge-Ring
336240,historical_test,selected,Edge-Loc,Donut
337751,historical_test,selected,Center,Center
340064,historical_test,selected,Loc,Loc
346764,historical_test,selected,Edge-Ring,Edge-Ring
346781,historical_test,selected,Edge-Ring,Edge-Ring
346948,historical_test,selected,Edge-Ring,Edge-Ring
347068,historical_test,selected,Scratch,Scratch
347452,historical_test,selected,Edge-Loc,Edge-Loc
349162,historical_test,selected,Edge-Loc,Edge-Loc
350396,historical_test,selected,Edge-Ring,Edge-Ring
350407,historical_test,selected,Edge-Ring,Edge-Ring
358242,historical_test,selected,Random,Random
358243,historical_test,selected,Random,Random
358694,historical_test,selected,Random,Random
359994,historical_test,selected,Edge-Ring,Edge-Ring
359998,historical_test,selected,Edge-Ring,Edge-Ring
360003,historical_test,selected,Edge-Ring,Edge-Ring
360005,historical_test,selected,Edge-Ring,Edge-Ring
360888,historical_test,selected,Random,Random
360895,historical_test,selected,Random,Random
360910,historical_test,selected,Random,Random
363233,historical_test,selected,Loc,Scratch
366325,historical_test,selected,Loc,Loc
375846,historical_test,selected,Loc,Loc
377461,historical_test,selected,Edge-Ring,Edge-Ring
377468,historical_test,selected,Edge-Ring,Edge-Ring
377469,historical_test,selected,Edge-Ring,Edge-Ring
377475,historical_test,selected,Edge-Ring,Edge-Ring
380560,historical_test,selected,Loc,Loc
381972,historical_test,selected,Scratch,Scratch
382434,historical_test,selected,Scratch,Scratch
385156,historical_test,selected,Edge-Ring,Edge-Ring
385166,historical_test,selected,Edge-Ring,Edge-Ring
385171,historical_test,selected,Edge-Ring,Edge-Ring
390259,historical_test,selected,Scratch,Scratch
392443,historical_test,selected,Edge-Loc,Edge-Loc
394356,historical_test,selected,Center,Center
394360,historical_test,selected,Center,Center
394957,historical_test,selected,Center,Center
394972,historical_test,selected,Center,Center
394975,historical_test,selected,Center,Center
398412,historical_test,selected,Edge-Ring,Edge-Ring
403219,historical_test,selected,Random,Random
407178,historical_test,selected,Loc,Loc
412421,historical_test,selected,Scratch,Scratch
414449,historical_test,selected,Donut,Scratch
415774,historical_test,selected,Edge-Loc,Edge-Loc
418849,historical_test,selected,Donut,Donut
418850,historical_test,selected,Donut,Donut
421045,historical_test,selected,Scratch,Scratch
435571,historical_test,selected,Edge-Loc,Edge-Loc
438872,historical_test,selected,Edge-Loc,Edge-Loc
474100,historical_test,selected,Scratch,Scratch
479626,historical_test,selected,Donut,Donut
479635,historical_test,selected,Donut,Donut
514821,historical_test,selected,Scratch,Scratch
525741,historical_test,selected,Center,Center
527313,historical_test,selected,Center,Center
527398,historical_test,selected,Center,Center
531332,historical_test,selected,Edge-Loc,Edge-Loc
548134,historical_test,selected,Donut,Donut
549696,historical_test,selected,Scratch,Scratch
552135,historical_test,selected,Scratch,Scratch
561029,historical_test,selected,Loc,Loc
561381,historical_test,selected,Loc,Loc
565586,historical_test,selected,Edge-Loc,Edge-Loc
573763,historical_test,selected,Center,Center
573773,historical_test,selected,Center,Center
574082,historical_test,selected,Center,Center
574386,historical_test,selected,Center,Center
574399,historical_test,selected,Center,Center
574705,historical_test,selected,Center,Center
583081,historical_test,selected,Edge-Loc,Edge-Loc
583863,historical_test,selected,Scratch,Scratch
585180,historical_test,selected,Loc,Loc
586656,historical_test,selected,Center,Center
586657,historical_test,selected,Center,Center
586753,historical_test,selected,Center,Center
586763,historical_test,selected,Center,Center
586769,historical_test,selected,Center,Center
587730,historical_test,selected,Center,Center
587972,historical_test,selected,Center,Center
587977,historical_test,selected,Center,Center
587978,historical_test,selected,Center,Center
587981,historical_test,selected,Center,Center
588457,historical_test,selected,Center,Center
588471,historical_test,selected,Center,Center
588472,historical_test,selected,Center,Center
588633,historical_test,selected,Center,Center
588823,historical_test,selected,Center,Center
588838,historical_test,selected,Center,Center
589318,historical_test,selected,Center,Center
589471,historical_test,selected,Center,Center
589508,historical_test,selected,Center,Center
589517,historical_test,selected,Center,Center
589562,historical_test,selected,Center,Center
590027,historical_test,selected,Center,Center
590036,historical_test,selected,Center,Center
590071,historical_test,selected,Center,Center
590746,historical_test,selected,Center,Center
590749,historical_test,selected,Center,Center
590843,historical_test,selected,Center,Center
590961,historical_test,selected,Center,Center
590965,historical_test,selected,Center,Center
591805,historical_test,selected,Edge-Loc,Center
592151,historical_test,selected,Center,Center
601262,historical_test,selected,Edge-Loc,Edge-Loc
608906,historical_test,selected,Edge-Loc,Edge-Loc
609599,historical_test,selected,Edge-Loc,Edge-Loc
614649,historical_test,selected,Edge-Loc,Edge-Loc
619477,historical_test,selected,Scratch,Scratch
622581,historical_test,selected,Random,Random
628132,historical_test,selected,Center,Center
628222,historical_test,selected,Center,Center
628235,historical_test,selected,Center,Center
628248,historical_test,selected,Center,Center
628486,historical_test,selected,Center,Center
628880,historical_test,selected,Center,Center
628885,historical_test,selected,Center,Center
630840,historical_test,selected,Random,Random
634405,historical_test,selected,Loc,Loc
640094,historical_test,selected,Loc,Loc
641163,historical_test,selected,Loc,none
641611,historical_test,selected,none,Edge-Loc
641622,historical_test,selected,Edge-Loc,Loc
642098,historical_test,selected,Loc,Loc
643058,historical_test,selected,Loc,Loc
643549,historical_test,selected,Edge-Loc,Edge-Loc
643552,historical_test,selected,Loc,Center
643738,historical_test,selected,Near-full,Near-full
643811,historical_test,selected,Edge-Loc,Edge-Loc
643821,historical_test,selected,Center,Scratch
645243,historical_test,selected,Scratch,Scratch
645649,historical_test,selected,Near-full,Near-full
645655,historical_test,selected,Loc,Loc
646252,historical_test,selected,Random,Random
646387,historical_test,selected,Edge-Loc,Edge-Loc
648519,historical_test,selected,Scratch,Scratch
648715,historical_test,selected,none,none
649199,historical_test,selected,none,none
649258,historical_test,selected,Edge-Loc,Edge-Loc
649464,historical_test,selected,none,none
649631,historical_test,selected,Scratch,Scratch
649657,historical_test,selected,none,none
649671,historical_test,selected,Scratch,Loc
649726,historical_test,selected,Scratch,Scratch
650252,historical_test,selected,Loc,Loc
651030,historical_test,selected,Scratch,Scratch
651084,historical_test,selected,Edge-Loc,Edge-Loc
651731,historical_test,selected,Scratch,Scratch
652272,historical_test,selected,none,none
652601,historical_test,selected,none,none
653258,historical_test,selected,Loc,Loc
655156,historical_test,selected,Near-full,Near-full
656636,historical_test,selected,Edge-Loc,Edge-Loc
658021,historical_test,selected,Edge-Loc,Edge-Loc
658823,historical_test,selected,Loc,Loc
658922,historical_test,selected,Edge-Loc,Edge-Loc
659559,historical_test,selected,none,Loc
659791,historical_test,selected,Random,Random
660162,historical_test,selected,none,none
674048,historical_test,selected,Loc,Loc
676749,historical_test,selected,Near-full,Near-full
677648,historical_test,selected,none,none
678095,historical_test,selected,none,none
678216,historical_test,selected,none,none
678261,historical_test,selected,none,none
678668,historical_test,selected,Random,Random
678670,historical_test,selected,Random,Loc
679658,historical_test,selected,Donut,Donut
679680,historical_test,selected,none,none
679681,historical_test,selected,Random,Center
679808,historical_test,selected,none,Edge-Loc
679817,historical_test,selected,Loc,Loc
679822,historical_test,selected,Donut,Donut
679825,historical_test,selected,Donut,Donut
679826,historical_test,selected,Edge-Loc,Edge-Loc
679934,historical_test,selected,Donut,Donut
679948,historical_test,selected,Donut,Donut
679950,historical_test,selected,Donut,Donut
680035,historical_test,selected,Loc,Loc
680286,historical_test,selected,Loc,Loc
680737,historical_test,selected,Donut,Donut
680762,historical_test,selected,Donut,Donut
680765,historical_test,selected,Donut,Donut
680826,historical_test,selected,Donut,Donut
680844,historical_test,selected,Donut,Center
680845,historical_test,selected,Loc,Loc
681152,historical_test,selected,Donut,Donut
681164,historical_test,selected,Edge-Loc,Edge-Loc
681165,historical_test,selected,none,none
681420,historical_test,selected,Donut,Donut
681491,historical_test,selected,Loc,Loc
681696,historical_test,selected,none,none
681807,historical_test,selected,Donut,Donut
683583,historical_test,selected,none,none
684421,historical_test,selected,none,none
684424,historical_test,selected,Loc,Edge-Loc
686553,historical_test,selected,none,none
688816,historical_test,selected,none,none
689184,historical_test,selected,none,none
689268,historical_test,selected,none,none
689849,historical_test,selected,none,none
690422,historical_test,selected,none,none
691013,historical_test,selected,Scratch,Scratch
691138,historical_test,selected,Scratch,Scratch
692145,historical_test,selected,Edge-Loc,Edge-Loc
692265,historical_test,selected,Scratch,Loc
692415,historical_test,selected,Loc,none
692733,historical_test,selected,none,none
692764,historical_test,selected,Scratch,Scratch
692770,historical_test,selected,Scratch,Scratch
692855,historical_test,selected,Loc,Loc
692865,historical_test,selected,Edge-Loc,Edge-Loc
692866,historical_test,selected,Loc,Loc
693359,historical_test,selected,Scratch,Scratch
693891,historical_test,selected,Scratch,Scratch
694703,historical_test,selected,Center,Center
694765,historical_test,selected,Loc,Loc
694960,historical_test,selected,Scratch,Loc
694964,historical_test,selected,none,none
695209,historical_test,selected,Scratch,Scratch
696001,historical_test,selected,Edge-Loc,Edge-Loc
696078,historical_test,selected,Loc,Loc
696346,historical_test,selected,none,none
696811,historical_test,selected,Near-full,Near-full
697675,historical_test,selected,Loc,Loc
697703,historical_test,selected,Random,Random
698161,historical_test,selected,Edge-Loc,Edge-Loc
698311,historical_test,selected,Edge-Loc,Edge-Loc
698366,historical_test,selected,Near-full,Near-full
699723,historical_test,selected,none,none
700161,historical_test,selected,none,none
700903,historical_test,selected,none,none
700917,historical_test,selected,none,none
703290,historical_test,selected,Edge-Loc,Edge-Loc
705077,historical_test,selected,none,Edge-Loc
706488,historical_test,selected,none,none
707474,historical_test,selected,none,none
708684,historical_test,selected,Edge-Loc,Edge-Loc
709413,historical_test,selected,none,none
711671,historical_test,selected,none,none
711691,historical_test,selected,Center,Center
711993,historical_test,selected,Random,Random
712186,historical_test,selected,Loc,Loc
712797,historical_test,selected,Edge-Loc,Edge-Loc
713307,historical_test,selected,Random,Edge-Loc
713502,historical_test,selected,Random,Random
713888,historical_test,selected,none,Scratch
714191,historical_test,selected,none,none
714309,historical_test,selected,Loc,Loc
714931,historical_test,selected,Scratch,Scratch
715527,historical_test,selected,none,none
716030,historical_test,selected,none,none
716276,historical_test,selected,Edge-Loc,Edge-Loc
716333,historical_test,selected,Loc,Loc
716678,historical_test,selected,Edge-Loc,Edge-Loc
716893,historical_test,selected,Loc,Loc
717086,historical_test,selected,none,none
718104,historical_test,selected,none,none
718188,historical_test,selected,none,none
718497,historical_test,selected,none,none
720151,historical_test,selected,Scratch,Scratch
720156,historical_test,selected,Edge-Loc,Edge-Loc
720759,historical_test,selected,none,none
721205,historical_test,selected,Loc,Loc
721210,historical_test,selected,Scratch,Scratch
721376,historical_test,selected,Loc,Loc
721814,historical_test,selected,Edge-Loc,Loc
723348,historical_test,selected,Random,Random
723886,historical_test,selected,Loc,Loc
724289,historical_test,selected,Edge-Loc,Edge-Loc
724881,historical_test,selected,Edge-Loc,Edge-Loc
725143,historical_test,selected,none,none
725251,historical_test,selected,Scratch,Scratch
725253,historical_test,selected,none,none
725474,historical_test,selected,Edge-Loc,Loc
725556,historical_test,selected,Loc,Edge-Loc
725799,historical_test,selected,Near-full,Near-full
727637,historical_test,selected,Scratch,Scratch
727645,historical_test,selected,none,none
727963,historical_test,selected,none,none
728230,historical_test,selected,Edge-Ring,Edge-Ring
728241,historical_test,selected,Edge-Ring,Edge-Ring
728243,historical_test,selected,Edge-Ring,Edge-Ring
728673,historical_test,selected,Near-full,Near-full
730845,historical_test,selected,Edge-Loc,Edge-Ring
730847,historical_test,selected,Loc,Loc
731971,historical_test,selected,Random,Random
733133,historical_test,selected,Edge-Loc,Edge-Loc
736049,historical_test,selected,Near-full,Near-full
736108,historical_test,selected,none,none
736111,historical_test,selected,Center,Center
736325,historical_test,selected,Edge-Loc,Edge-Loc
736338,historical_test,selected,Edge-Loc,Edge-Loc
736473,historical_test,selected,Edge-Loc,Edge-Loc
736488,historical_test,selected,Loc,Loc
736528,historical_test,selected,none,none
736579,historical_test,selected,none,none
737510,historical_test,selected,none,none
737519,historical_test,selected,none,none
737803,historical_test,selected,Scratch,Scratch
737813,historical_test,selected,Scratch,Scratch
737884,historical_test,selected,none,none
738199,historical_test,selected,Loc,Loc
738205,historical_test,selected,Donut,Donut
738206,historical_test,selected,none,none
738758,historical_test,selected,none,none
739672,historical_test,selected,Scratch,Scratch
739678,historical_test,selected,none,none
739945,historical_test,selected,Scratch,Scratch
743735,historical_test,selected,Scratch,Scratch
743857,historical_test,selected,Edge-Ring,Edge-Ring
744894,historical_test,selected,none,none
745103,historical_test,selected,Loc,Loc
746050,historical_test,selected,none,Scratch
746252,historical_test,selected,Random,Random
746332,historical_test,selected,Loc,Loc
746727,historical_test,selected,none,none
750152,historical_test,selected,none,none
750507,historical_test,selected,Edge-Loc,Edge-Loc
752684,historical_test,selected,none,none
754828,historical_test,selected,none,none
754888,historical_test,selected,Loc,Loc
754937,historical_test,selected,Near-full,Near-full
754940,historical_test,selected,Near-full,Near-full
754941,historical_test,selected,Near-full,Near-full
754944,historical_test,selected,Near-full,Near-full
755805,historical_test,selected,none,none
755808,historical_test,selected,Loc,Loc
755813,historical_test,selected,Donut,Donut
755815,historical_test,selected,Donut,Donut
755840,historical_test,selected,Loc,none
756240,historical_test,selected,Loc,Loc
756458,historical_test,selected,none,none
756671,historical_test,selected,Edge-Loc,Edge-Loc
756694,historical_test,selected,Loc,Loc
756695,historical_test,selected,Edge-Loc,Edge-Loc
757237,historical_test,selected,Scratch,Scratch
758313,historical_test,selected,Scratch,Scratch
758334,historical_test,selected,Edge-Loc,Edge-Loc
759065,historical_test,selected,Scratch,Scratch
759074,historical_test,selected,Near-full,Near-full
759219,historical_test,selected,Scratch,Scratch
759260,historical_test,selected,none,none
760379,historical_test,selected,Center,Center
760389,historical_test,selected,Scratch,Scratch
760625,historical_test,selected,none,none
760647,historical_test,selected,Edge-Loc,Edge-Loc
760845,historical_test,selected,Center,Center
761925,historical_test,selected,Edge-Loc,Edge-Loc
762088,historical_test,selected,Center,Center
763505,historical_test,selected,Donut,Loc
763528,historical_test,selected,Loc,Loc
764380,historical_test,selected,Center,Center
764385,historical_test,selected,Edge-Ring,Edge-Ring
764392,historical_test,selected,Center,Center
764396,historical_test,selected,Center,Edge-Loc
764429,historical_test,selected,Center,Center
764446,historical_test,selected,Center,Center
764497,historical_test,selected,Center,Center
764500,historical_test,selected,Center,Center
764501,historical_test,selected,Loc,Center
764506,historical_test,selected,Center,Center
764513,historical_test,selected,Center,Center
764683,historical_test,selected,Center,Center
764688,historical_test,selected,Center,Center
764691,historical_test,selected,Center,Center
764880,historical_test,selected,Edge-Loc,none
765332,historical_test,selected,none,none
765438,historical_test,selected,Scratch,Scratch
766293,historical_test,selected,Edge-Ring,Edge-Loc
766392,historical_test,selected,Edge-Loc,Edge-Loc
766590,historical_test,selected,Random,Random
766850,historical_test,selected,Edge-Loc,Edge-Loc
766980,historical_test,selected,Loc,Loc
767108,historical_test,selected,Edge-Loc,Edge-Loc
768075,historical_test,selected,none,none
768478,historical_test,selected,Edge-Loc,Scratch
768484,historical_test,selected,none,Center
768868,historical_test,selected,none,none
769028,historical_test,selected,none,none
769564,historical_test,selected,Scratch,Scratch
769955,historical_test,selected,Edge-Loc,Edge-Loc
770044,historical_test,selected,none,Scratch
770815,historical_test,selected,Edge-Loc,Edge-Loc
770822,historical_test,selected,Loc,Loc
771665,historical_test,selected,none,none
772173,historical_test,selected,Loc,Loc
773979,historical_test,selected,none,none
774668,historical_test,selected,Loc,Loc
775022,historical_test,selected,none,none
775856,historical_test,selected,Loc,Loc
776507,historical_test,selected,none,none
776520,historical_test,selected,Loc,Loc
776652,historical_test,selected,Scratch,Scratch
776671,historical_test,selected,Scratch,Scratch
777853,historical_test,selected,none,none
778340,historical_test,selected,Scratch,Scratch
778344,historical_test,selected,none,none
778402,historical_test,selected,Scratch,Scratch
778691,historical_test,selected,Scratch,Scratch
779923,historical_test,selected,Scratch,Scratch
780531,historical_test,selected,Edge-Loc,Edge-Loc
781019,historical_test,selected,Loc,Loc
782048,historical_test,selected,none,none
782891,historical_test,selected,Loc,Loc
782961,historical_test,selected,Scratch,Scratch
786339,historical_test,selected,none,none
786991,historical_test,selected,none,none
786999,historical_test,selected,none,none
787023,historical_test,selected,none,none
787592,historical_test,selected,none,none
787833,historical_test,selected,Edge-Loc,Edge-Loc
787836,historical_test,selected,none,none
788253,historical_test,selected,Loc,Scratch
788331,historical_test,selected,Edge-Ring,Scratch
788332,historical_test,selected,Edge-Ring,Edge-Ring
788338,historical_test,selected,Edge-Loc,Edge-Loc
788453,historical_test,selected,Scratch,Scratch
788675,historical_test,selected,Scratch,Scratch
789330,historical_test,selected,Loc,Loc
789606,historical_test,selected,Loc,Loc
790203,historical_test,selected,Scratch,Loc
790210,historical_test,selected,none,none
791433,historical_test,selected,Loc,Loc
792713,historical_test,selected,Scratch,Scratch
792746,historical_test,selected,Loc,Loc
792749,historical_test,selected,Scratch,Scratch
795244,historical_test,selected,Scratch,Scratch
795589,historical_test,selected,Edge-Loc,Edge-Loc
796188,historical_test,selected,Loc,Loc
796407,historical_test,selected,none,none
797392,historical_test,selected,Edge-Loc,Edge-Loc
798201,historical_test,selected,Near-full,Near-full
798215,historical_test,selected,none,none
799435,historical_test,selected,Scratch,Scratch
799470,historical_test,selected,Random,Random
799474,historical_test,selected,Loc,Scratch
801042,historical_test,selected,Scratch,Scratch
801122,historical_test,selected,Scratch,Loc
801714,historical_test,selected,Loc,Loc
802445,historical_test,selected,Edge-Loc,Edge-Loc
802798,historical_test,selected,Scratch,Scratch
803674,historical_test,selected,none,none
804485,historical_test,selected,Near-full,Near-full
805050,historical_test,selected,none,none
805384,historical_test,selected,Loc,Loc
805942,historical_test,selected,none,none
806261,historical_test,selected,none,none
806734,historical_test,selected,Center,Center
807333,historical_test,selected,Loc,Loc
807401,historical_test,selected,Loc,Edge-Loc
807708,historical_test,selected,Random,Random
808812,historical_test,selected,Scratch,Scratch
808830,historical_test,selected,Loc,Loc
809106,historical_test,selected,Near-full,Near-full
809154,historical_test,selected,Loc,Loc
809157,historical_test,selected,Near-full,Near-full
809163,historical_test,selected,Center,Center
809651,historical_test,selected,Edge-Loc,Edge-Loc
809655,historical_test,selected,Edge-Loc,Edge-Loc
809662,historical_test,selected,Edge-Loc,Edge-Loc
809701,historical_test,selected,Center,Center
809702,historical_test,selected,Edge-Loc,Edge-Loc
809714,historical_test,selected,Edge-Loc,Edge-Loc
809955,historical_test,selected,Edge-Loc,Edge-Loc
809956,historical_test,selected,none,none
810073,historical_test,selected,Near-full,Near-full
810091,historical_test,selected,Scratch,Scratch
810163,historical_test,selected,Scratch,Scratch
810301,historical_test,selected,Scratch,Loc
810308,historical_test,selected,Center,Center
810626,historical_test,selected,Edge-Loc,Edge-Loc
810634,historical_test,selected,Edge-Ring,Edge-Ring
810635,historical_test,selected,Edge-Ring,Edge-Ring
810871,historical_test,selected,Edge-Loc,Edge-Loc
811446,historical_test,selected,Edge-Loc,Edge-Ring
811447,historical_test,selected,Edge-Loc,Edge-Loc
1660,historical_test,original_vit,Loc,Donut
3294,historical_test,original_vit,Loc,Edge-Loc
3377,historical_test,original_vit,none,Loc
3917,historical_test,original_vit,Random,Random
4722,historical_test,original_vit,Scratch,Loc
7415,historical_test,original_vit,Edge-Loc,Loc
8103,historical_test,original_vit,Donut,Donut
15909,historical_test,original_vit,Scratch,Loc
16296,historical_test,original_vit,Edge-Ring,Center
16870,historical_test,original_vit,Random,Random
16872,historical_test,original_vit,Random,Random
18112,historical_test,original_vit,Random,Random
18114,historical_test,original_vit,Random,Random
18115,historical_test,original_vit,Random,Random
18116,historical_test,original_vit,Random,Random
18117,historical_test,original_vit,Random,Random
18118,historical_test,original_vit,Random,Random
18119,historical_test,original_vit,Random,Random
18120,historical_test,original_vit,Random,Random
18122,historical_test,original_vit,Random,Random
18123,historical_test,original_vit,Random,Random
18124,historical_test,original_vit,Random,Random
18125,historical_test,original_vit,Random,Random
18126,historical_test,original_vit,Random,Random
18129,historical_test,original_vit,Random,Random
18130,historical_test,original_vit,Random,Random
18131,historical_test,original_vit,Random,Random
18132,historical_test,original_vit,Random,Random
18133,historical_test,original_vit,Random,Random
18134,historical_test,original_vit,Random,Random
18135,historical_test,original_vit,Random,Random
18136,historical_test,original_vit,Random,Random
19268,historical_test,original_vit,Random,Random
19273,historical_test,original_vit,Random,Random
19456,historical_test,original_vit,Edge-Ring,Edge-Ring
19457,historical_test,original_vit,Edge-Ring,Edge-Ring
19459,historical_test,original_vit,Edge-Ring,Edge-Ring
19476,historical_test,original_vit,Edge-Ring,Edge-Ring
20962,historical_test,original_vit,Edge-Ring,Edge-Ring
20968,historical_test,original_vit,Edge-Ring,Edge-Ring
20972,historical_test,original_vit,Edge-Ring,Edge-Ring
20973,historical_test,original_vit,Edge-Ring,Edge-Ring
21125,historical_test,original_vit,Edge-Ring,Edge-Ring
21211,historical_test,original_vit,Edge-Ring,Edge-Ring
21790,historical_test,original_vit,Edge-Ring,Edge-Ring
21795,historical_test,original_vit,Edge-Ring,Edge-Ring
22044,historical_test,original_vit,Scratch,none
22785,historical_test,original_vit,Edge-Loc,Center
29426,historical_test,original_vit,Edge-Loc,Edge-Loc
29427,historical_test,original_vit,Edge-Loc,Edge-Loc
29428,historical_test,original_vit,Edge-Loc,Edge-Loc
29430,historical_test,original_vit,Edge-Loc,Edge-Loc
43626,historical_test,original_vit,Edge-Loc,Edge-Loc
44130,historical_test,original_vit,Scratch,Loc
48324,historical_test,original_vit,Loc,Edge-Loc
49339,historical_test,original_vit,Edge-Loc,Scratch
54096,historical_test,original_vit,Edge-Loc,Edge-Loc
54098,historical_test,original_vit,Edge-Loc,Edge-Loc
54384,historical_test,original_vit,Donut,Donut
56819,historical_test,original_vit,Scratch,Loc
59374,historical_test,original_vit,Edge-Loc,none
59736,historical_test,original_vit,Edge-Loc,Edge-Loc
59763,historical_test,original_vit,Edge-Loc,Edge-Loc
60162,historical_test,original_vit,Loc,none
60203,historical_test,original_vit,Edge-Loc,Edge-Loc
69869,historical_test,original_vit,Edge-Loc,Edge-Loc
72108,historical_test,original_vit,Edge-Ring,Edge-Ring
72379,historical_test,original_vit,Edge-Loc,Edge-Loc
76773,historical_test,original_vit,Scratch,Loc
80414,historical_test,original_vit,Edge-Loc,Edge-Loc
82439,historical_test,original_vit,Donut,Donut
82533,historical_test,original_vit,Edge-Loc,Scratch
84594,historical_test,original_vit,Center,Center
85147,historical_test,original_vit,Loc,Loc
85260,historical_test,original_vit,Center,Center
90630,historical_test,original_vit,Loc,Scratch
106673,historical_test,original_vit,Loc,Loc
106676,historical_test,original_vit,Edge-Loc,Edge-Loc
107531,historical_test,original_vit,Loc,Edge-Loc
110267,historical_test,original_vit,Loc,Edge-Loc
111786,historical_test,original_vit,Center,Scratch
123401,historical_test,original_vit,Center,none
123541,historical_test,original_vit,Random,Random
123652,historical_test,original_vit,Random,Random
126422,historical_test,original_vit,Random,Random
127042,historical_test,original_vit,Center,Scratch
132032,historical_test,original_vit,Center,Scratch
141291,historical_test,original_vit,Edge-Ring,Edge-Ring
141298,historical_test,original_vit,Edge-Ring,Edge-Ring
144868,historical_test,original_vit,Edge-Ring,Edge-Ring
144926,historical_test,original_vit,Edge-Ring,Edge-Ring
144928,historical_test,original_vit,Edge-Ring,Edge-Ring
144944,historical_test,original_vit,Edge-Ring,Edge-Ring
147273,historical_test,original_vit,Loc,Scratch
150649,historical_test,original_vit,Scratch,Scratch
154717,historical_test,original_vit,Random,Random
154732,historical_test,original_vit,Edge-Ring,Edge-Ring
157779,historical_test,original_vit,Edge-Ring,Edge-Ring
159014,historical_test,original_vit,Center,Center
159037,historical_test,original_vit,Center,Center
159040,historical_test,original_vit,Center,Center
160933,historical_test,original_vit,Center,Center
161672,historical_test,original_vit,Scratch,Scratch
167314,historical_test,original_vit,Scratch,Scratch
170383,historical_test,original_vit,Scratch,none
172051,historical_test,original_vit,Edge-Loc,Edge-Loc
174882,historical_test,original_vit,Edge-Ring,Edge-Ring
174890,historical_test,original_vit,Edge-Ring,Edge-Ring
174898,historical_test,original_vit,Edge-Ring,Edge-Ring
176905,historical_test,original_vit,Center,Scratch
177634,historical_test,original_vit,Center,Scratch
177891,historical_test,original_vit,Scratch,Scratch
178268,historical_test,original_vit,Random,Random
178269,historical_test,original_vit,Random,Random
178279,historical_test,original_vit,Random,Random
178281,historical_test,original_vit,Random,Random
183691,historical_test,original_vit,Edge-Ring,Edge-Ring
186682,historical_test,original_vit,Edge-Ring,Edge-Ring
187287,historical_test,original_vit,Edge-Ring,Edge-Ring
187292,historical_test,original_vit,Edge-Ring,Edge-Ring
187831,historical_test,original_vit,Edge-Ring,Edge-Ring
189979,historical_test,original_vit,Center,Center
189982,historical_test,original_vit,Center,Donut
191590,historical_test,original_vit,Random,Random
199642,historical_test,original_vit,Edge-Ring,Edge-Ring
199651,historical_test,original_vit,Edge-Ring,Edge-Ring
199656,historical_test,original_vit,Edge-Ring,Edge-Ring
199657,historical_test,original_vit,Edge-Ring,Edge-Ring
199701,historical_test,original_vit,Edge-Ring,Edge-Ring
199889,historical_test,original_vit,Edge-Ring,Edge-Ring
199890,historical_test,original_vit,Edge-Ring,Edge-Ring
199904,historical_test,original_vit,Edge-Ring,Edge-Ring
199909,historical_test,original_vit,Edge-Ring,Edge-Ring
200122,historical_test,original_vit,Edge-Ring,Edge-Ring
202122,historical_test,original_vit,Center,Center
202412,historical_test,original_vit,Edge-Ring,Edge-Ring
212175,historical_test,original_vit,Scratch,Scratch
216195,historical_test,original_vit,Edge-Ring,Edge-Ring
216196,historical_test,original_vit,Edge-Ring,Edge-Ring
216213,historical_test,original_vit,Edge-Ring,Edge-Ring
216220,historical_test,original_vit,Edge-Ring,Edge-Ring
216227,historical_test,original_vit,Edge-Ring,Edge-Ring
220254,historical_test,original_vit,Loc,Center
220258,historical_test,original_vit,Random,Donut
220261,historical_test,original_vit,Random,Donut
220271,historical_test,original_vit,Loc,Donut
221133,historical_test,original_vit,Edge-Ring,Edge-Ring
221199,historical_test,original_vit,Edge-Ring,Edge-Ring
226905,historical_test,original_vit,Edge-Ring,Edge-Ring
226910,historical_test,original_vit,Edge-Ring,Edge-Ring
226913,historical_test,original_vit,Edge-Ring,Edge-Ring
227036,historical_test,original_vit,Loc,Loc
227040,historical_test,original_vit,Loc,Loc
227047,historical_test,original_vit,Loc,Edge-Loc
228265,historical_test,original_vit,Random,Random
229399,historical_test,original_vit,Scratch,Scratch
229853,historical_test,original_vit,Edge-Ring,Edge-Ring
231316,historical_test,original_vit,Loc,Donut
231322,historical_test,original_vit,Loc,Donut
231340,historical_test,original_vit,Edge-Ring,Edge-Ring
231341,historical_test,original_vit,Edge-Ring,Loc
235851,historical_test,original_vit,Edge-Loc,Edge-Loc
238385,historical_test,original_vit,Scratch,Scratch
242244,historical_test,original_vit,none,none
242331,historical_test,original_vit,Scratch,none
242347,historical_test,original_vit,none,Scratch
242553,historical_test,original_vit,Loc,Donut
242615,historical_test,original_vit,Scratch,Scratch
243174,historical_test,original_vit,Random,Random
243228,historical_test,original_vit,Random,Random
243237,historical_test,original_vit,Random,Random
243239,historical_test,original_vit,Random,Random
243240,historical_test,original_vit,Random,Random
243245,historical_test,original_vit,Random,Random
243247,historical_test,original_vit,Random,Random
243250,historical_test,original_vit,Random,Random
243251,historical_test,original_vit,Random,Random
243252,historical_test,original_vit,Random,Random
243253,historical_test,original_vit,Random,Random
243255,historical_test,original_vit,Random,Random
243256,historical_test,original_vit,Random,Random
243258,historical_test,original_vit,Random,Random
243261,historical_test,original_vit,Random,Random
243267,historical_test,original_vit,Random,Random
243268,historical_test,original_vit,Random,Random
243269,historical_test,original_vit,Random,Random
243271,historical_test,original_vit,Random,Random
243272,historical_test,original_vit,Random,Random
243273,historical_test,original_vit,Random,Random
243274,historical_test,original_vit,Random,Random
243275,historical_test,original_vit,Random,Random
243276,historical_test,original_vit,Random,Random
243277,historical_test,original_vit,Random,Random
243281,historical_test,original_vit,Random,Random
243285,historical_test,original_vit,Random,Random
243286,historical_test,original_vit,Random,Random
243440,historical_test,original_vit,Scratch,Scratch
243443,historical_test,original_vit,Random,Random
243917,historical_test,original_vit,Center,Center
243973,historical_test,original_vit,Edge-Ring,none
245050,historical_test,original_vit,Loc,Center
245056,historical_test,original_vit,Loc,Loc
247179,historical_test,original_vit,Center,Donut
247181,historical_test,original_vit,Center,Donut
250154,historical_test,original_vit,Near-full,Near-full
251112,historical_test,original_vit,Random,Random
251646,historical_test,original_vit,Near-full,Near-full
252111,historical_test,original_vit,Random,Random
252119,historical_test,original_vit,Edge-Loc,Random
252309,historical_test,original_vit,none,Scratch
252315,historical_test,original_vit,Donut,Donut
252319,historical_test,original_vit,Donut,Donut
252325,historical_test,original_vit,Loc,Scratch
252688,historical_test,original_vit,Center,Center
252697,historical_test,original_vit,Center,Center
252702,historical_test,original_vit,Center,Center
254669,historical_test,original_vit,Random,Random
255771,historical_test,original_vit,Loc,Donut
259464,historical_test,original_vit,Edge-Loc,Edge-Loc
262498,historical_test,original_vit,Edge-Loc,Edge-Loc
263652,historical_test,original_vit,Random,Random
263655,historical_test,original_vit,Random,Random
263656,historical_test,original_vit,Random,Random
263659,historical_test,original_vit,Random,Random
263955,historical_test,original_vit,Scratch,Scratch
264470,historical_test,original_vit,Loc,Scratch
266162,historical_test,original_vit,Edge-Ring,Edge-Ring
267448,historical_test,original_vit,Loc,Loc
267452,historical_test,original_vit,Loc,Loc
267457,historical_test,original_vit,Donut,Donut
270469,historical_test,original_vit,Scratch,Scratch
270598,historical_test,original_vit,Scratch,Scratch
276157,historical_test,original_vit,Center,Donut
276295,historical_test,original_vit,Edge-Ring,Edge-Ring
276329,historical_test,original_vit,Edge-Ring,Edge-Ring
279231,historical_test,original_vit,Donut,Donut
279232,historical_test,original_vit,Donut,Donut
279326,historical_test,original_vit,Donut,Donut
279330,historical_test,original_vit,Donut,Donut
279334,historical_test,original_vit,Donut,Donut
279343,historical_test,original_vit,Donut,Donut
279345,historical_test,original_vit,Donut,Donut
279348,historical_test,original_vit,Donut,Donut
279349,historical_test,original_vit,Donut,Donut
279354,historical_test,original_vit,Donut,Donut
279355,historical_test,original_vit,Donut,Donut
279357,historical_test,original_vit,Donut,Donut
279358,historical_test,original_vit,Donut,Donut
279359,historical_test,original_vit,Donut,Donut
279361,historical_test,original_vit,Donut,Donut
280157,historical_test,original_vit,Donut,Donut
280161,historical_test,original_vit,Donut,Donut
280179,historical_test,original_vit,Donut,Donut
280180,historical_test,original_vit,Donut,Donut
280188,historical_test,original_vit,Donut,Donut
280197,historical_test,original_vit,Donut,Donut
281267,historical_test,original_vit,Scratch,Scratch
282598,historical_test,original_vit,Scratch,Scratch
282599,historical_test,original_vit,Scratch,Scratch
282602,historical_test,original_vit,Scratch,Scratch
282603,historical_test,original_vit,Scratch,Scratch
282621,historical_test,original_vit,Scratch,Scratch
285827,historical_test,original_vit,Loc,Loc
287489,historical_test,original_vit,Scratch,Scratch
288086,historical_test,original_vit,Scratch,none
290771,historical_test,original_vit,Loc,Loc
291110,historical_test,original_vit,Edge-Loc,Loc
294288,historical_test,original_vit,Center,Center
294289,historical_test,original_vit,Center,Center
294295,historical_test,original_vit,Center,Loc
294360,historical_test,original_vit,Edge-Ring,Edge-Ring
294365,historical_test,original_vit,Edge-Ring,Edge-Ring
294404,historical_test,original_vit,Edge-Ring,Edge-Ring
294415,historical_test,original_vit,Edge-Ring,Edge-Ring
294922,historical_test,original_vit,Edge-Ring,none
298246,historical_test,original_vit,Donut,Donut
300316,historical_test,original_vit,Edge-Ring,Edge-Ring
300329,historical_test,original_vit,Edge-Ring,Edge-Ring
300338,historical_test,original_vit,Edge-Ring,Edge-Ring
302170,historical_test,original_vit,Donut,Donut
304886,historical_test,original_vit,Scratch,Scratch
305275,historical_test,original_vit,Scratch,Scratch
307408,historical_test,original_vit,Random,Center
324365,historical_test,original_vit,Scratch,none
327796,historical_test,original_vit,Scratch,Scratch
329355,historical_test,original_vit,Scratch,Scratch
329414,historical_test,original_vit,Edge-Ring,none
329666,historical_test,original_vit,Edge-Ring,none
329676,historical_test,original_vit,Edge-Ring,none
332225,historical_test,original_vit,Scratch,Scratch
333843,historical_test,original_vit,Random,Donut
333940,historical_test,original_vit,Edge-Ring,Edge-Ring
333944,historical_test,original_vit,Edge-Ring,Edge-Ring
333952,historical_test,original_vit,Edge-Ring,Edge-Ring
333957,historical_test,original_vit,Edge-Ring,Edge-Ring
336240,historical_test,original_vit,Edge-Loc,Donut
337751,historical_test,original_vit,Center,Loc
340064,historical_test,original_vit,Loc,Scratch
346764,historical_test,original_vit,Edge-Ring,Edge-Ring
346781,historical_test,original_vit,Edge-Ring,Edge-Ring
346948,historical_test,original_vit,Edge-Ring,Edge-Ring
347068,historical_test,original_vit,Scratch,Scratch
347452,historical_test,original_vit,Edge-Loc,Edge-Loc
349162,historical_test,original_vit,Edge-Loc,Edge-Loc
350396,historical_test,original_vit,Edge-Ring,Edge-Ring
350407,historical_test,original_vit,Edge-Ring,Edge-Ring
358242,historical_test,original_vit,Random,Center
358243,historical_test,original_vit,Random,Random
358694,historical_test,original_vit,Random,Random
359994,historical_test,original_vit,Edge-Ring,Edge-Ring
359998,historical_test,original_vit,Edge-Ring,Edge-Ring
360003,historical_test,original_vit,Edge-Ring,Edge-Ring
360005,historical_test,original_vit,Edge-Ring,Edge-Ring
360888,historical_test,original_vit,Random,Donut
360895,historical_test,original_vit,Random,Donut
360910,historical_test,original_vit,Random,Donut
363233,historical_test,original_vit,Loc,Loc
366325,historical_test,original_vit,Loc,Scratch
375846,historical_test,original_vit,Loc,none
377461,historical_test,original_vit,Edge-Ring,Edge-Ring
377468,historical_test,original_vit,Edge-Ring,Edge-Ring
377469,historical_test,original_vit,Edge-Ring,Edge-Ring
377475,historical_test,original_vit,Edge-Ring,Edge-Ring
380560,historical_test,original_vit,Loc,Scratch
381972,historical_test,original_vit,Scratch,Loc
382434,historical_test,original_vit,Scratch,Scratch
385156,historical_test,original_vit,Edge-Ring,Edge-Ring
385166,historical_test,original_vit,Edge-Ring,Edge-Ring
385171,historical_test,original_vit,Edge-Ring,Edge-Ring
390259,historical_test,original_vit,Scratch,Scratch
392443,historical_test,original_vit,Edge-Loc,Scratch
394356,historical_test,original_vit,Center,Center
394360,historical_test,original_vit,Center,Center
394957,historical_test,original_vit,Center,Donut
394972,historical_test,original_vit,Center,Donut
394975,historical_test,original_vit,Center,Center
398412,historical_test,original_vit,Edge-Ring,Edge-Ring
403219,historical_test,original_vit,Random,Random
407178,historical_test,original_vit,Loc,Loc
412421,historical_test,original_vit,Scratch,Scratch
414449,historical_test,original_vit,Donut,Scratch
415774,historical_test,original_vit,Edge-Loc,Edge-Loc
418849,historical_test,original_vit,Donut,Donut
418850,historical_test,original_vit,Donut,Donut
421045,historical_test,original_vit,Scratch,Scratch
435571,historical_test,original_vit,Edge-Loc,Edge-Loc
438872,historical_test,original_vit,Edge-Loc,Edge-Loc
474100,historical_test,original_vit,Scratch,Scratch
479626,historical_test,original_vit,Donut,Donut
479635,historical_test,original_vit,Donut,Donut
514821,historical_test,original_vit,Scratch,Center
525741,historical_test,original_vit,Center,Center
527313,historical_test,original_vit,Center,Center
527398,historical_test,original_vit,Center,Center
531332,historical_test,original_vit,Edge-Loc,Edge-Loc
548134,historical_test,original_vit,Donut,Donut
549696,historical_test,original_vit,Scratch,Scratch
552135,historical_test,original_vit,Scratch,Loc
561029,historical_test,original_vit,Loc,Loc
561381,historical_test,original_vit,Loc,Center
565586,historical_test,original_vit,Edge-Loc,Edge-Loc
573763,historical_test,original_vit,Center,Center
573773,historical_test,original_vit,Center,Center
574082,historical_test,original_vit,Center,Center
574386,historical_test,original_vit,Center,Center
574399,historical_test,original_vit,Center,Center
574705,historical_test,original_vit,Center,Center
583081,historical_test,original_vit,Edge-Loc,Edge-Loc
583863,historical_test,original_vit,Scratch,Donut
585180,historical_test,original_vit,Loc,Donut
586656,historical_test,original_vit,Center,Center
586657,historical_test,original_vit,Center,Center
586753,historical_test,original_vit,Center,Center
586763,historical_test,original_vit,Center,Center
586769,historical_test,original_vit,Center,Center
587730,historical_test,original_vit,Center,Center
587972,historical_test,original_vit,Center,Center
587977,historical_test,original_vit,Center,Center
587978,historical_test,original_vit,Center,Center
587981,historical_test,original_vit,Center,Center
588457,historical_test,original_vit,Center,Center
588471,historical_test,original_vit,Center,Center
588472,historical_test,original_vit,Center,Center
588633,historical_test,original_vit,Center,Center
588823,historical_test,original_vit,Center,Center
588838,historical_test,original_vit,Center,Center
589318,historical_test,original_vit,Center,Center
589471,historical_test,original_vit,Center,Center
589508,historical_test,original_vit,Center,Center
589517,historical_test,original_vit,Center,Center
589562,historical_test,original_vit,Center,Center
590027,historical_test,original_vit,Center,Center
590036,historical_test,original_vit,Center,Center
590071,historical_test,original_vit,Center,Center
590746,historical_test,original_vit,Center,Center
590749,historical_test,original_vit,Center,Center
590843,historical_test,original_vit,Center,Center
590961,historical_test,original_vit,Center,Center
590965,historical_test,original_vit,Center,Center
591805,historical_test,original_vit,Edge-Loc,Center
592151,historical_test,original_vit,Center,Center
601262,historical_test,original_vit,Edge-Loc,Edge-Loc
608906,historical_test,original_vit,Edge-Loc,Edge-Loc
609599,historical_test,original_vit,Edge-Loc,Edge-Loc
614649,historical_test,original_vit,Edge-Loc,Edge-Loc
619477,historical_test,original_vit,Scratch,Scratch
622581,historical_test,original_vit,Random,Random
628132,historical_test,original_vit,Center,Center
628222,historical_test,original_vit,Center,Center
628235,historical_test,original_vit,Center,Center
628248,historical_test,original_vit,Center,Center
628486,historical_test,original_vit,Center,Center
628880,historical_test,original_vit,Center,Center
628885,historical_test,original_vit,Center,Center
630840,historical_test,original_vit,Random,Center
634405,historical_test,original_vit,Loc,Scratch
640094,historical_test,original_vit,Loc,Donut
641163,historical_test,original_vit,Loc,Loc
641611,historical_test,original_vit,none,Loc
641622,historical_test,original_vit,Edge-Loc,Edge-Loc
642098,historical_test,original_vit,Loc,Scratch
643058,historical_test,original_vit,Loc,Donut
643549,historical_test,original_vit,Edge-Loc,Center
643552,historical_test,original_vit,Loc,Loc
643738,historical_test,original_vit,Near-full,Near-full
643811,historical_test,original_vit,Edge-Loc,Edge-Loc
643821,historical_test,original_vit,Center,Center
645243,historical_test,original_vit,Scratch,Loc
645649,historical_test,original_vit,Near-full,Near-full
645655,historical_test,original_vit,Loc,Loc
646252,historical_test,original_vit,Random,Random
646387,historical_test,original_vit,Edge-Loc,Donut
648519,historical_test,original_vit,Scratch,Loc
648715,historical_test,original_vit,none,none
649199,historical_test,original_vit,none,Scratch
649258,historical_test,original_vit,Edge-Loc,Edge-Loc
649464,historical_test,original_vit,none,Scratch
649631,historical_test,original_vit,Scratch,Scratch
649657,historical_test,original_vit,none,none
649671,historical_test,original_vit,Scratch,Loc
649726,historical_test,original_vit,Scratch,Scratch
650252,historical_test,original_vit,Loc,Center
651030,historical_test,original_vit,Scratch,none
651084,historical_test,original_vit,Edge-Loc,Scratch
651731,historical_test,original_vit,Scratch,Edge-Ring
652272,historical_test,original_vit,none,none
652601,historical_test,original_vit,none,Scratch
653258,historical_test,original_vit,Loc,Scratch
655156,historical_test,original_vit,Near-full,Near-full
656636,historical_test,original_vit,Edge-Loc,Loc
658021,historical_test,original_vit,Edge-Loc,Scratch
658823,historical_test,original_vit,Loc,Center
658922,historical_test,original_vit,Edge-Loc,Edge-Loc
659559,historical_test,original_vit,none,Loc
659791,historical_test,original_vit,Random,Random
660162,historical_test,original_vit,none,none
674048,historical_test,original_vit,Loc,Edge-Loc
676749,historical_test,original_vit,Near-full,Near-full
677648,historical_test,original_vit,none,Scratch
678095,historical_test,original_vit,none,Scratch
678216,historical_test,original_vit,none,none
678261,historical_test,original_vit,none,Scratch
678668,historical_test,original_vit,Random,Donut
678670,historical_test,original_vit,Random,Center
679658,historical_test,original_vit,Donut,Donut
679680,historical_test,original_vit,none,Scratch
679681,historical_test,original_vit,Random,Donut
679808,historical_test,original_vit,none,Scratch
679817,historical_test,original_vit,Loc,Loc
679822,historical_test,original_vit,Donut,Donut
679825,historical_test,original_vit,Donut,Donut
679826,historical_test,original_vit,Edge-Loc,Edge-Loc
679934,historical_test,original_vit,Donut,Donut
679948,historical_test,original_vit,Donut,Donut
679950,historical_test,original_vit,Donut,Loc
680035,historical_test,original_vit,Loc,Donut
680286,historical_test,original_vit,Loc,Donut
680737,historical_test,original_vit,Donut,Donut
680762,historical_test,original_vit,Donut,Donut
680765,historical_test,original_vit,Donut,Donut
680826,historical_test,original_vit,Donut,Donut
680844,historical_test,original_vit,Donut,Donut
680845,historical_test,original_vit,Loc,Loc
681152,historical_test,original_vit,Donut,Donut
681164,historical_test,original_vit,Edge-Loc,Edge-Loc
681165,historical_test,original_vit,none,Scratch
681420,historical_test,original_vit,Donut,Loc
681491,historical_test,original_vit,Loc,Center
681696,historical_test,original_vit,none,Scratch
681807,historical_test,original_vit,Donut,Loc
683583,historical_test,original_vit,none,none
684421,historical_test,original_vit,none,Scratch
684424,historical_test,original_vit,Loc,Scratch
686553,historical_test,original_vit,none,none
688816,historical_test,original_vit,none,Scratch
689184,historical_test,original_vit,none,Scratch
689268,historical_test,original_vit,none,Scratch
689849,historical_test,original_vit,none,Scratch
690422,historical_test,original_vit,none,Scratch
691013,historical_test,original_vit,Scratch,Loc
691138,historical_test,original_vit,Scratch,Scratch
692145,historical_test,original_vit,Edge-Loc,Loc
692265,historical_test,original_vit,Scratch,Loc
692415,historical_test,original_vit,Loc,Scratch
692733,historical_test,original_vit,none,Scratch
692764,historical_test,original_vit,Scratch,Edge-Ring
692770,historical_test,original_vit,Scratch,Scratch
692855,historical_test,original_vit,Loc,Loc
692865,historical_test,original_vit,Edge-Loc,Donut
692866,historical_test,original_vit,Loc,Donut
693359,historical_test,original_vit,Scratch,Scratch
693891,historical_test,original_vit,Scratch,Scratch
694703,historical_test,original_vit,Center,Center
694765,historical_test,original_vit,Loc,Scratch
694960,historical_test,original_vit,Scratch,Loc
694964,historical_test,original_vit,none,none
695209,historical_test,original_vit,Scratch,Scratch
696001,historical_test,original_vit,Edge-Loc,Edge-Loc
696078,historical_test,original_vit,Loc,Loc
696346,historical_test,original_vit,none,none
696811,historical_test,original_vit,Near-full,Near-full
697675,historical_test,original_vit,Loc,Center
697703,historical_test,original_vit,Random,Random
698161,historical_test,original_vit,Edge-Loc,Edge-Loc
698311,historical_test,original_vit,Edge-Loc,Edge-Loc
698366,historical_test,original_vit,Near-full,Near-full
699723,historical_test,original_vit,none,none
700161,historical_test,original_vit,none,none
700903,historical_test,original_vit,none,Scratch
700917,historical_test,original_vit,none,Scratch
703290,historical_test,original_vit,Edge-Loc,Edge-Loc
705077,historical_test,original_vit,none,Center
706488,historical_test,original_vit,none,Center
707474,historical_test,original_vit,none,none
708684,historical_test,original_vit,Edge-Loc,Edge-Loc
709413,historical_test,original_vit,none,none
711671,historical_test,original_vit,none,none
711691,historical_test,original_vit,Center,Center
711993,historical_test,original_vit,Random,Random
712186,historical_test,original_vit,Loc,Center
712797,historical_test,original_vit,Edge-Loc,Edge-Loc
713307,historical_test,original_vit,Random,Center
713502,historical_test,original_vit,Random,Donut
713888,historical_test,original_vit,none,Scratch
714191,historical_test,original_vit,none,none
714309,historical_test,original_vit,Loc,Scratch
714931,historical_test,original_vit,Scratch,Edge-Loc
715527,historical_test,original_vit,none,none
716030,historical_test,original_vit,none,none
716276,historical_test,original_vit,Edge-Loc,Scratch
716333,historical_test,original_vit,Loc,Scratch
716678,historical_test,original_vit,Edge-Loc,Edge-Ring
716893,historical_test,original_vit,Loc,none
717086,historical_test,original_vit,none,none
718104,historical_test,original_vit,none,Scratch
718188,historical_test,original_vit,none,Scratch
718497,historical_test,original_vit,none,none
720151,historical_test,original_vit,Scratch,Scratch
720156,historical_test,original_vit,Edge-Loc,Loc
720759,historical_test,original_vit,none,none
721205,historical_test,original_vit,Loc,Loc
721210,historical_test,original_vit,Scratch,Edge-Loc
721376,historical_test,original_vit,Loc,Loc
721814,historical_test,original_vit,Edge-Loc,Donut
723348,historical_test,original_vit,Random,Random
723886,historical_test,original_vit,Loc,Loc
724289,historical_test,original_vit,Edge-Loc,Edge-Ring
724881,historical_test,original_vit,Edge-Loc,Loc
725143,historical_test,original_vit,none,Scratch
725251,historical_test,original_vit,Scratch,Scratch
725253,historical_test,original_vit,none,Scratch
725474,historical_test,original_vit,Edge-Loc,Edge-Loc
725556,historical_test,original_vit,Loc,Scratch
725799,historical_test,original_vit,Near-full,Near-full
727637,historical_test,original_vit,Scratch,Scratch
727645,historical_test,original_vit,none,Scratch
727963,historical_test,original_vit,none,Scratch
728230,historical_test,original_vit,Edge-Ring,Edge-Ring
728241,historical_test,original_vit,Edge-Ring,Edge-Ring
728243,historical_test,original_vit,Edge-Ring,Edge-Ring
728673,historical_test,original_vit,Near-full,Near-full
730845,historical_test,original_vit,Edge-Loc,Edge-Ring
730847,historical_test,original_vit,Loc,Loc
731971,historical_test,original_vit,Random,Random
733133,historical_test,original_vit,Edge-Loc,Donut
736049,historical_test,original_vit,Near-full,Near-full
736108,historical_test,original_vit,none,Scratch
736111,historical_test,original_vit,Center,Scratch
736325,historical_test,original_vit,Edge-Loc,Edge-Loc
736338,historical_test,original_vit,Edge-Loc,Edge-Loc
736473,historical_test,original_vit,Edge-Loc,Donut
736488,historical_test,original_vit,Loc,Loc
736528,historical_test,original_vit,none,Scratch
736579,historical_test,original_vit,none,Scratch
737510,historical_test,original_vit,none,none
737519,historical_test,original_vit,none,Scratch
737803,historical_test,original_vit,Scratch,Scratch
737813,historical_test,original_vit,Scratch,Scratch
737884,historical_test,original_vit,none,none
738199,historical_test,original_vit,Loc,Scratch
738205,historical_test,original_vit,Donut,Loc
738206,historical_test,original_vit,none,Scratch
738758,historical_test,original_vit,none,none
739672,historical_test,original_vit,Scratch,Scratch
739678,historical_test,original_vit,none,Scratch
739945,historical_test,original_vit,Scratch,Scratch
743735,historical_test,original_vit,Scratch,Edge-Ring
743857,historical_test,original_vit,Edge-Ring,Edge-Loc
744894,historical_test,original_vit,none,none
745103,historical_test,original_vit,Loc,Center
746050,historical_test,original_vit,none,Scratch
746252,historical_test,original_vit,Random,Random
746332,historical_test,original_vit,Loc,Edge-Loc
746727,historical_test,original_vit,none,Loc
750152,historical_test,original_vit,none,Scratch
750507,historical_test,original_vit,Edge-Loc,Edge-Loc
752684,historical_test,original_vit,none,Scratch
754828,historical_test,original_vit,none,Scratch
754888,historical_test,original_vit,Loc,Loc
754937,historical_test,original_vit,Near-full,Near-full
754940,historical_test,original_vit,Near-full,Near-full
754941,historical_test,original_vit,Near-full,Near-full
754944,historical_test,original_vit,Near-full,Near-full
755805,historical_test,original_vit,none,none
755808,historical_test,original_vit,Loc,Loc
755813,historical_test,original_vit,Donut,Donut
755815,historical_test,original_vit,Donut,Donut
755840,historical_test,original_vit,Loc,none
756240,historical_test,original_vit,Loc,Center
756458,historical_test,original_vit,none,none
756671,historical_test,original_vit,Edge-Loc,none
756694,historical_test,original_vit,Loc,Loc
756695,historical_test,original_vit,Edge-Loc,Edge-Loc
757237,historical_test,original_vit,Scratch,Edge-Loc
758313,historical_test,original_vit,Scratch,Scratch
758334,historical_test,original_vit,Edge-Loc,Edge-Loc
759065,historical_test,original_vit,Scratch,Loc
759074,historical_test,original_vit,Near-full,Near-full
759219,historical_test,original_vit,Scratch,Center
759260,historical_test,original_vit,none,Scratch
760379,historical_test,original_vit,Center,Scratch
760389,historical_test,original_vit,Scratch,Scratch
760625,historical_test,original_vit,none,Scratch
760647,historical_test,original_vit,Edge-Loc,Edge-Loc
760845,historical_test,original_vit,Center,Scratch
761925,historical_test,original_vit,Edge-Loc,Edge-Loc
762088,historical_test,original_vit,Center,Scratch
763505,historical_test,original_vit,Donut,Scratch
763528,historical_test,original_vit,Loc,Donut
764380,historical_test,original_vit,Center,Scratch
764385,historical_test,original_vit,Edge-Ring,Donut
764392,historical_test,original_vit,Center,Scratch
764396,historical_test,original_vit,Center,Loc
764429,historical_test,original_vit,Center,Scratch
764446,historical_test,original_vit,Center,Scratch
764497,historical_test,original_vit,Center,Loc
764500,historical_test,original_vit,Center,Scratch
764501,historical_test,original_vit,Loc,Loc
764506,historical_test,original_vit,Center,Scratch
764513,historical_test,original_vit,Center,Loc
764683,historical_test,original_vit,Center,Scratch
764688,historical_test,original_vit,Center,Scratch
764691,historical_test,original_vit,Center,Scratch
764880,historical_test,original_vit,Edge-Loc,Scratch
765332,historical_test,original_vit,none,Scratch
765438,historical_test,original_vit,Scratch,Scratch
766293,historical_test,original_vit,Edge-Ring,Edge-Loc
766392,historical_test,original_vit,Edge-Loc,Edge-Loc
766590,historical_test,original_vit,Random,Random
766850,historical_test,original_vit,Edge-Loc,Edge-Loc
766980,historical_test,original_vit,Loc,Loc
767108,historical_test,original_vit,Edge-Loc,Edge-Loc
768075,historical_test,original_vit,none,none
768478,historical_test,original_vit,Edge-Loc,none
768484,historical_test,original_vit,none,none
768868,historical_test,original_vit,none,none
769028,historical_test,original_vit,none,none
769564,historical_test,original_vit,Scratch,Scratch
769955,historical_test,original_vit,Edge-Loc,Edge-Loc
770044,historical_test,original_vit,none,none
770815,historical_test,original_vit,Edge-Loc,Edge-Loc
770822,historical_test,original_vit,Loc,Loc
771665,historical_test,original_vit,none,none
772173,historical_test,original_vit,Loc,Loc
773979,historical_test,original_vit,none,Scratch
774668,historical_test,original_vit,Loc,Scratch
775022,historical_test,original_vit,none,none
775856,historical_test,original_vit,Loc,Donut
776507,historical_test,original_vit,none,Scratch
776520,historical_test,original_vit,Loc,Scratch
776652,historical_test,original_vit,Scratch,Scratch
776671,historical_test,original_vit,Scratch,Scratch
777853,historical_test,original_vit,none,none
778340,historical_test,original_vit,Scratch,Scratch
778344,historical_test,original_vit,none,none
778402,historical_test,original_vit,Scratch,Scratch
778691,historical_test,original_vit,Scratch,Scratch
779923,historical_test,original_vit,Scratch,Scratch
780531,historical_test,original_vit,Edge-Loc,Scratch
781019,historical_test,original_vit,Loc,Scratch
782048,historical_test,original_vit,none,none
782891,historical_test,original_vit,Loc,Near-full
782961,historical_test,original_vit,Scratch,Scratch
786339,historical_test,original_vit,none,Loc
786991,historical_test,original_vit,none,Scratch
786999,historical_test,original_vit,none,Scratch
787023,historical_test,original_vit,none,Scratch
787592,historical_test,original_vit,none,Scratch
787833,historical_test,original_vit,Edge-Loc,Edge-Loc
787836,historical_test,original_vit,none,Edge-Ring
788253,historical_test,original_vit,Loc,Scratch
788331,historical_test,original_vit,Edge-Ring,Loc
788332,historical_test,original_vit,Edge-Ring,Edge-Loc
788338,historical_test,original_vit,Edge-Loc,Edge-Loc
788453,historical_test,original_vit,Scratch,Scratch
788675,historical_test,original_vit,Scratch,Scratch
789330,historical_test,original_vit,Loc,Donut
789606,historical_test,original_vit,Loc,Loc
790203,historical_test,original_vit,Scratch,Edge-Loc
790210,historical_test,original_vit,none,Scratch
791433,historical_test,original_vit,Loc,Donut
792713,historical_test,original_vit,Scratch,Loc
792746,historical_test,original_vit,Loc,Center
792749,historical_test,original_vit,Scratch,Scratch
795244,historical_test,original_vit,Scratch,Loc
795589,historical_test,original_vit,Edge-Loc,Edge-Loc
796188,historical_test,original_vit,Loc,Scratch
796407,historical_test,original_vit,none,none
797392,historical_test,original_vit,Edge-Loc,Edge-Loc
798201,historical_test,original_vit,Near-full,Near-full
798215,historical_test,original_vit,none,none
799435,historical_test,original_vit,Scratch,Scratch
799470,historical_test,original_vit,Random,Random
799474,historical_test,original_vit,Loc,Loc
801042,historical_test,original_vit,Scratch,none
801122,historical_test,original_vit,Scratch,Loc
801714,historical_test,original_vit,Loc,Loc
802445,historical_test,original_vit,Edge-Loc,Edge-Loc
802798,historical_test,original_vit,Scratch,Loc
803674,historical_test,original_vit,none,Scratch
804485,historical_test,original_vit,Near-full,Near-full
805050,historical_test,original_vit,none,Scratch
805384,historical_test,original_vit,Loc,Scratch
805942,historical_test,original_vit,none,Scratch
806261,historical_test,original_vit,none,Scratch
806734,historical_test,original_vit,Center,Scratch
807333,historical_test,original_vit,Loc,Scratch
807401,historical_test,original_vit,Loc,Loc
807708,historical_test,original_vit,Random,Random
808812,historical_test,original_vit,Scratch,none
808830,historical_test,original_vit,Loc,Donut
809106,historical_test,original_vit,Near-full,Near-full
809154,historical_test,original_vit,Loc,Loc
809157,historical_test,original_vit,Near-full,Near-full
809163,historical_test,original_vit,Center,Scratch
809651,historical_test,original_vit,Edge-Loc,Edge-Loc
809655,historical_test,original_vit,Edge-Loc,Edge-Ring
809662,historical_test,original_vit,Edge-Loc,Edge-Loc
809701,historical_test,original_vit,Center,none
809702,historical_test,original_vit,Edge-Loc,Loc
809714,historical_test,original_vit,Edge-Loc,Loc
809955,historical_test,original_vit,Edge-Loc,Loc
809956,historical_test,original_vit,none,Scratch
810073,historical_test,original_vit,Near-full,Near-full
810091,historical_test,original_vit,Scratch,Scratch
810163,historical_test,original_vit,Scratch,Scratch
810301,historical_test,original_vit,Scratch,Edge-Loc
810308,historical_test,original_vit,Center,Center
810626,historical_test,original_vit,Edge-Loc,Center
810634,historical_test,original_vit,Edge-Ring,Edge-Loc
810635,historical_test,original_vit,Edge-Ring,Edge-Loc
810871,historical_test,original_vit,Edge-Loc,Edge-Loc
811446,historical_test,original_vit,Edge-Loc,Edge-Loc
811447,historical_test,original_vit,Edge-Loc,Edge-Loc
